C=CC1CCC(C=C)OC1,[-1.        1.       -1.        1.       -0.885106]
Cn1nc(C(=O)NC2CC3CCCC(C2)[NH+]3C)c2ccccc21,[-0.07522836  1.         -1.         -1.          1.        ]
O=c1c(OC2C(O)OC(CO)C(O)C2O)c(-c2ccc(O)c(O)c2)oc2cc(O)cc(O)c12,[-1.          1.          0.7716991  -1.         -0.89372814]
Nc1nc(/C(=N/O)C(=O)N[C@@H]2C(=O)N3C(C(=O)O)=C(/C=C4\CCN([C@@H]5CCNC5)C4=O)CS[C@H]23)ns1,[-0.65983224  1.         -1.         -1.          1.        ]
O=C(c1ccc(-c2ccc(Cl)cc2)o1)N(Cc1ccccn1)c1ccc(N2CCNCC2)cc1,[ 0.9045127  1.        -1.        -1.         0.9999723]
COC(=O)C(C)=COP(=S)(OC)OC,[ 1.  1. -1. -1.  1.]
CC(=O)Nc1ccc2c(c1)OCO2,[-0.8678048  1.         1.        -1.         1.       ]
C1CCc2c(OCCN3CCOCC3)n[nH]c2C1,[ 1.        -1.        -0.9792359 -1.        -0.9548548]
c1ccc(-c2ccccc2-c2ccccc2)cc1,[-1.         0.2797565 -1.        -1.         0.8735115]
CC(C)=NNC(=O)CSc1cc(Oc2ccc(Cl)cc2)ncn1,[-1.         1.         0.9493376 -1.        -1.       ]
COCCCOc1ccnc(C[S+]([O-])c2nc3ccccc3[nH]2)c1C,[ 1.         1.        -0.9954104  0.5311264 -1.       ]
CN(C)C(=O)NS(=O)(=O)n1c(N)nc2ccc(C(C(N)=O)c3cccc(F)c3)cc21,[ 1.          1.          0.50135046 -1.          0.75116426]
CCOP(=S)(OCC)SCn1c(=S)oc2cccnc21,[ 0.98443574  1.         -1.         -1.         -1.        ]
C1COCCOCCOCCOCCOCCO1,[-1.          1.         -1.         -0.79352194 -0.74175453]
C=CC(Cl)=C(Cl)Cl,[ 1.          1.          0.24944784 -1.         -0.93366534]
CCCCNC(=O)NS(=O)(=O)c1ccc(C)cc1,[ 1. -1. -1. -1. -1.]
CC(C)CC(C)Nc1ccc(Nc2ccccc2)cc1,[ 1. -1. -1. -1.  1.]
COC1CC(OC2C(C)C(=O)OC(C)C(C)C(O)C(C)C(=O)C3(CO3)CC(C)C(OC3OC(C)CC([NH+](C)C)C3O)C2C)OC(C)C1O,[-0.03753421 -1.         -1.         -1.          1.        ]
CC1(C)COCN1,[-1.         1.        -0.7263124 -1.        -1.       ]
CC(C)CC(NC(=O)C(CCc1ccccc1)NC(=O)CN1CCOCC1)C(=O)NC(Cc1ccccc1)C(=O)NC(CC(C)C)C(=O)C1(C)CO1,[ 0.9952294 -1.        -1.         1.        -0.6682679]
CCC(CO)(CO)CO,[ 0.22564662  1.         -1.         -1.         -0.9617396 ]
CCc1ccc(CCO)nc1,[ 1. -1. -1. -1.  1.]
C=CC1=C(C(=O)O)N2C(=O)[C@@H](NC(=O)/C(=N\OCC(=O)O)c3csc(N)n3)[C@H]2SC1,[ 0.5044648   1.         -0.36888194 -1.          0.34554923]
C=C(OP(=O)(OC)OC)c1ccc(Cl)cc1Cl,[ 1.         0.5706563 -1.        -1.         1.       ]
COC(=O)c1c(Cl)cc(Cl)cc1-c1ccc([C@@H](C)NC(=O)C2(NC(=O)C(F)(F)F)CC2)c(F)c1,[-1.         1.        -1.        -1.        -0.3082414]
CCCCC(CC)OCCO,[-0.9806238   1.          0.80710936 -0.999102    1.        ]
CCCSP(=O)(OCC)Oc1ccc(Br)cc1Cl,[ 0.7147911   0.61324567 -1.         -1.         -0.36812854]
CCOc1ccccc1-c1ccc(-c2nc3ccncc3c(O)c2C#N)cc1,[-1.         -0.51546764  0.57549846 -1.          0.49672234]
COc1ccc2c(c1)c(CC(=O)[O-])c(C)n2C(=O)c1ccc(Cl)cc1,[ 1.         -0.46207014 -1.          0.7816954  -1.        ]
CCCS,[-1.         1.        -1.         0.6513495 -0.7535475]
O=C([O-])P(=O)([O-])[O-],[ 0.13785562  1.         -1.         -1.          1.        ]
CN1C(=O)CC(N2CCN(CC/C=C3/c4ccccc4COc4ccc(C(=O)O)cc43)CC2)N(C)C1=O,[-1. -1. -1. -1.  1.]
CN(C)CCOc1cc(NS(=O)(=O)c2c(Cl)cc(C(F)(F)F)cc2Cl)ccc1Cl,[ 0.51597905  1.         -1.         -1.          0.4120196 ]
C=CC(=O)OCCCC,[ 1.          1.         -1.         -0.8617544  -0.99852985]
NC1=NC(c2ccc(F)cc2)Cc2ccc(F)cc21,[ 0.9416168  1.        -1.        -0.743307  -1.       ]
Cc1ccccc1OCC(O)CNCCOc1ccc(C(N)=O)cc1,[-1.          1.         -1.         -1.          0.00941474]
Cc1cc(O)c(C)c(C)c1O,[-1.         1.         1.        -1.        -0.7665103]
CC(=O)c1ccc(C)cc1,[-1.  1. -1. -1.  1.]
O=C(Cc1ccc(Oc2ccccc2)cc1)NO,[ 1.        1.       -0.969168 -1.        1.      ]
CCN1CCC[C@H]1CNC(=O)c1c(O)c(Cl)cc(Cl)c1OC,[ 1.          1.         -1.         -1.         -0.92820257]
CC(Cn1cnc2c(N)ncnc21)OCP(=O)([O-])[O-],[-0.91730297 -0.21929331 -1.         -1.         -0.9818303 ]
CC(C)c1noc2nc(C(C)(C)C)ncc12,[-1.        -1.        -1.        -1.         0.9995453]
CCOP(=O)(OCC)SCSP(=S)(OCC)OCC,[-0.5130306   0.18746082 -1.         -1.         -0.65402204]
CCCCCCN,[-1.  1. -1. -1.  1.]
CON=C(C)C(=NOC(=O)N(C)SSC(C)(C)C)C(=O)N(C)C,[ 1.         1.        -0.9810386  1.        -0.9475786]
C#CC(C)(C)O,[ 0.98021054  1.         -1.          1.         -1.        ]
CCP(=S)(OC)Oc1cc(Cl)c(Br)cc1Cl,[ 0.97977144  1.         -1.         -1.         -1.        ]
Cc1cc(C(=O)Nc2ccc(-c3ccccc3S(N)(=O)=O)cc2F)n(-c2cccc(CN)c2)n1,[-1.         1.        -1.        -0.554111   0.6098438]
CC1(C)C2CCC1(C)C(O)C2,[-0.9669532  1.        -1.         1.        -1.       ]
Nc1ncn(C2OC(CO)C(O)C2O)c(=O)n1,[ 1. -1.  1. -1. -1.]
CCOC(=O)CSP(=O)(OC)OC,[ 1.          1.         -1.         -1.         -0.95102847]
O=C(OCCOCCO)c1ccccc1Nc1cccc(C(F)(F)F)c1,[ 1.         1.         1.        -1.        -0.9823955]
CC(C)CC(C)(C)CO,[ 0.9998608   1.         -1.         -1.          0.59511936]
CNC(=O)ON=C1COCS1,[-1.        1.       -1.        0.935007 -1.      ]
CCNCc1cc([N+](=O)[O-])ccc1O,[ 1.        -0.9993318 -1.        -1.        -1.       ]
CC(CCc1ccc2c(c1)OCO2)NCC(O)c1ccc(O)c(C(N)=O)c1,[-1.  1. -1. -1. -1.]
CCCN(CCC)N=O,[-1. -1. -1.  1. -1.]
CCC(CC)O[C@@H]1C=C(C(=O)O)C[C@H](N)[C@H]1NC(C)=O,[ 1.  1. -1.  1. -1.]
O=C(c1ccc(F)cc1)C1CC[NH+](CCn2c(=O)[nH]c3ccccc3c2=O)CC1,[ 1.  1. -1. -1. -1.]
CCC1OC(C)C(=NOC(=O)NC)S1,[-1.  1. -1. -1. -1.]
CCOC(=O)C(O)(c1ccc(Cl)cc1)c1ccc(Cl)cc1,[-0.7027412  1.        -1.        -1.        -1.       ]
N#CCON=C(C#N)c1ccccc1,[ 0.9799659  1.        -1.        -1.        -1.       ]
CC(C)C(=O)Nc1nc(-c2ccccn2)cc2ccccc12,[-0.39586753  0.93172425 -1.         -1.         -0.97959745]
CCCSP(=O)(OCC)Oc1ccccc1,[-0.69119215  0.9997228  -1.         -1.          0.99568385]
O=C(NCc1ccc(F)c(C(F)(F)F)c1)C1c2ccccc2C(=O)N1CCc1ncc(F)cn1,[-0.8572354   0.47240824 -1.         -1.          0.99965906]
N=C(N)c1ccc(C(=O)N[C@@H](Cc2ccc(O)cc2)C(=O)N2CCC(OCC(=O)O)CC2)cc1,[-1. -1. -1. -1.  1.]
CNC(=O)c1cnn(-c2nc(N)c3ncn(C4OC(CO)C(O)C4O)c3n2)c1,[-1.  1.  1. -1. -1.]
CCN(CC)Cc1cc(-c2ccccc2)ccc1O,[-0.78644973  1.         -1.         -1.          1.        ]
N#Cc1ccc2c(c1)NC(=O)C2c1ncnc2cc(OCCCN3CCOCC3)ccc12,[-1.         -0.716372    1.         -1.         -0.97441655]
C[N+](C)(C)[NH2+]CCC(=O)[O-],[-1.          0.28986576 -1.          1.         -0.8644729 ]
O=S(=O)(C(Cl)(Cl)Cl)C(Cl)(Cl)Cl,[ 0.7028276  1.        -1.        -1.         1.       ]
Oc1ccc2c(c1)CCC2,[-1.         -1.         -1.         -0.74742514  0.86755943]
CC=CC=CCOC(C)=O,[-1.  1. -1.  1. -1.]
CCC(C)C(N)C(=O)OC[C@@H]1O[C@H](n2cc(F)c(=O)[nH]c2=O)C[C@H]1O,[-1.         -0.89405257 -1.         -1.         -1.        ]
CC(C)=NOCCOC(=O)C(C)Oc1ccc(Oc2cnc3cc(Cl)ccc3n2)cc1,[-1.          0.04695516 -1.         -1.         -1.        ]
CO[C@H]1C[C@@H]2CC[C@@H](C)[C@@](O)(O2)C(=O)C(=O)N2CCCC[C@H]2C(=O)O[C@H]([C@H](C)C[C@@H]2CC[C@@H](OC(=O)C(C)(CO)CO)[C@H](OC)C2)CC(=O)[C@H](C)/C=C(\C)[C@@H](O)[C@@H](OC)C(=O)[C@H](C)C[C@H](C)/C=C/C=C/C=C/1C,[ 1.          1.          1.          0.00603477 -1.        ]
CN1C(=O)c2ccc([N+](=O)[O-])cc2C1=O,[-1. -1.  1. -1. -1.]
O=C(c1ccc(Cl)cc1)c1ccccc1-c1ncc[nH]1,[ 1.          1.         -1.         -1.         -0.99909836]
COc1ccc(C(=O)Nc2ccccc2CCC2CCCC[NH+]2C)cc1,[ 0.8276913  -0.30628178 -1.         -1.         -0.8111875 ]
CC(C)OP(=O)(F)OC(C)C,[ 1.  1. -1.  1.  1.]
OCC1OC(n2cnc3c(NCC(c4ccccc4)c4ccccc4)ncnc32)C(O)C1O,[ 1.  1. -1. -1. -1.]
CCOC(=O)/C=C/[C@H](C[C@@H]1CCNC1=O)NC(=O)[C@@H](CC(=O)[C@@H](NC(=O)c1cc(C)on1)C(C)C)Cc1ccc(F)cc1,[ 0.8435305   0.5550944  -0.4696295  -0.68132615 -0.3145599 ]
COP(=S)(OC)SC,[-1.         -1.          0.19012359  1.         -1.        ]
CCC(C)c1cc([N+](=O)[O-])cc([N+](=O)[O-])c1O,[-1.         1.         1.        -0.9992466 -1.       ]
CC=CC(=O)OC(=O)C=CC,[ 0.9982162   1.         -0.8974721  -1.          0.82095337]
C=Cc1ccc(OC(C)=O)cc1,[-1.         -1.          0.3040755  -1.         -0.94276035]
Cc1onc(-c2c(Cl)cccc2Cl)c1C(=O)N[C@@H]1C(=O)N2[C@@H](C(=O)O)C(C)(C)S[C@H]12,[-0.7354704 -1.        -1.        -1.        -1.       ]
Cc1cn([C@H]2C[C@H](N=[N+]=[N-])[C@@H](CO)O2)c(=O)[nH]c1=O,[-0.92995316  1.          0.36919433 -1.          0.885972  ]
CSc1nc(N=[N+]=[N-])nc(NC(C)C)n1,[-1.          1.         -1.          1.         -0.88791794]
CN(C)C(=O)N(C)N=O,[-1.          1.          1.         -1.          0.96755403]
C[NH+]1Cc2c(N)cccc2C(c2ccccc2)C1,[-1.          1.         -1.          0.96775347  1.        ]
O=C=Nc1ccc([N+](=O)[O-])cc1,[-0.8096699  1.        -1.        -1.        -0.9893532]
CCN(CC)C(=O)C1(c2ccccc2)CC1C[NH3+],[ 1.          1.         -1.         -1.         -0.38505605]
CCN(CC)CCN,[ 0.9930556   1.         -1.         -1.          0.21347484]
CC(C(=O)O)c1ccc2c(c1)C(=O)Cc1ccccc1O2,[ 1.  1. -1. -1.  1.]
C=CC(=O)OCC(CC)(COC(=O)C=C)COC(=O)C=C,[-1.  1. -1. -1. -1.]
C1C2OC2C2C1C1CC2C2OC12,[-1. -1.  1. -1.  1.]
COCC(C)n1nc(C)c(C(=O)N[C@@H](C)C(C)(C)C)c1NS(=O)(=O)c1ccc(C)cc1,[-1.         1.        -1.         0.9933127 -1.       ]
CCCCNC,[-0.7394959   1.          0.18775354 -1.         -1.        ]
CC(Cl)(Cl)C(=O)OCCOc1cc(Cl)c(Cl)cc1Cl,[ 0.98967904  1.         -1.          1.         -1.        ]
CN1C(=O)NC(=O)C(C)(C2=CCCCC2)C1=O,[-1.         1.        -1.        -1.         0.8267355]
N#Cc1ccc(C(=O)N2CCC3(CC2)N=C(N)c2c(F)ccc(F)c2N3)cn1,[-1.         1.         1.         0.6784827  1.       ]
C=CC#N,[ 0.99564075  1.         -1.         -1.         -0.82841694]
OC1CCCc2ccccc21,[ 0.94880015  1.         -1.         -1.          0.09070605]
CC(C(=O)O)c1ccc(C(=O)c2cccs2)cc1,[ 0.69087255  1.         -0.18536948 -1.          1.        ]
O=C(O)C(c1ccc(Cl)cc1)c1ccc(Cl)cc1,[ 0.8412875  1.        -1.        -1.        -1.       ]
CCCSP(=O)(OCC)Oc1ccc(Sc2ccc(Cl)cc2)cc1,[-0.76112    -0.15090057 -0.9974288  -1.         -1.        ]
O=C1CN=C(c2ccccn2)c2cc(Br)ccc2N1,[ 1.          1.          0.27837497  0.9907659  -0.82671636]
COC(=O)CC(SP(=S)(OC)OC)C(=O)OC,[-0.9209606  -1.         -1.         -1.         -0.85120493]
C[C@H](NC(=O)Cc1cc(F)cc(F)c1)C(=O)NC1C(=O)N(C)c2ccccc2-c2ccccc21,[ 1.  1.  1.  1. -1.]
Cc1cc(NS(=O)(=O)c2ccc(N)cc2)no1,[-1.  1.  1. -1. -1.]
COC(C1=NCCCN1)c1ccc2ccccc2c1,[ 0.23021083  1.         -1.         -1.         -0.73765314]
CC(N)C1CCC(c2ccccc2)CC1,[ 0.9999845  1.        -1.        -1.         1.       ]
CCCCC(CC)COC(=O)c1ccccc1C(=O)OCc1ccccc1,[-0.93377286  1.         -1.         -1.         -0.82453614]
Fc1cc2[nH]c(C(F)(F)F)nc2c(Br)c1Cl,[-0.56548864  1.         -1.         -1.          1.        ]
O=C(CCCN1CCC(n2c(=S)[nH]c3ccccc32)CC1)c1ccc(F)cc1,[-1.          1.         -0.60227937 -1.          1.        ]
CCOC(C1=NCC(C)(C)CN1)c1ccccc1Cl,[ 1.         1.        -1.        -1.        -0.6120571]
CO[C@H]1/C=C/O[C@@]2(C)Oc3c(C)c(O)c4c(O)c(c(/C=N/N5CCN(C)CC5)c(O)c4c3C2=O)NC(=O)/C(C)=C\C=C\[C@H](C)[C@H](O)[C@@H](C)[C@@H](O)[C@@H](C)[C@H](OC(C)=O)[C@@H]1C,[ 1.        1.       -1.       -1.        0.999957]
CNC(=O)Oc1ccc(N(C)C)c(C)c1,[-1.  1. -1. -1.  1.]
O=C(O)C1CCc2cc(C3CCCCC3)c(Cl)cc21,[-1.  1.  1. -1.  1.]
CCCCN1C(=O)C2CC=CCC2C1=O,[-1.  1.  1. -1. -1.]
CCOC(=O)Nc1cccc(OC(=O)Nc2ccccc2)c1,[-1.         1.         0.5788083 -1.        -1.       ]
O=C1CCCC2C3CC(CN12)C1CCCCN1C3,[ 1.          0.00766172 -1.         -0.999299   -1.        ]
O=NN(CCCl)C(=O)NCCCl,[ 1.        -0.8790842 -1.        -1.        -1.       ]
Cc1cnc(NC(=O)C2=C(O)c3ccccc3S(=O)(=O)N2C)s1,[-1.        -0.9988766 -1.        -1.         0.8780982]
CCCCCn1ncc(OP(=S)(OCC)OC(C)C)c(OC)c1=O,[ 1.         0.858122  -1.        -1.        -0.7165919]
O=c1nc(N2CCOCC2)cc(N(CCO)Cc2cccc3ccccc23)[nH]1,[-0.92383176 -1.         -0.99997514 -1.          1.        ]
COP(=S)(OC)SC(CCl)N1C(=O)c2ccccc2C1=O,[-0.68420637 -0.7846506  -1.         -1.          1.        ]
CCOP(=S)(OCC)Oc1ccc2c(C)c(Cl)c(=O)oc2c1,[ 1.          0.90785295 -1.         -1.          0.48339614]
CCS(=O)CSP(=S)(OC(C)C)OC(C)C,[ 1.         1.         1.        -1.         0.7615457]
CCCN(c1ccon1)P(=O)(c1ccccc1)c1ccccc1,[ 0.80426645  1.         -1.          1.         -1.        ]
COCC1OC(=O)c2coc3c2C1(C)C1=C(C3=O)C2CCC(=O)C2(C)CC1,[-1.        -0.5602586  1.        -1.        -1.       ]
Nc1nc2c(ncn2C2[C@@H](CO)C[C@@H]2CO)c(=O)[nH]1,[ 0.9742933 -1.        -0.9997261 -1.         1.       ]
CCCCc1cc[nH]n1,[ 1.  1. -1. -1.  1.]
CCn1cc(C(=O)O)c(=O)c2cc(F)c(N3CCN(C)CC3)cc21,[-1.         1.        -0.9991972 -1.        -1.       ]
CC(O)c1cccc(N)c1,[-1.         0.9257964 -1.        -0.970073  -1.       ]
O=C(OC1CCC(N2CCCCC2)CC1)c1ccccc1,[-1.          1.          1.         -1.         -0.31011084]
O=C(CCCCC(=O)OC1CCCCC1)OC1CCCCC1,[ 1.         -1.         -0.74430937  1.         -1.        ]
CC(=O)Nc1cccc(OCc2cnc(Cl)s2)c1,[1.         1.         0.72341055 0.25080535 0.51667494]
CCOc1ccccc1N1CCN(CCC=Cc2ccc3[nH]c(=O)ccc3c2)CC1,[ 1.         1.        -1.        -0.5330334 -1.       ]
COC(=O)c1c(Cl)cccc1-c1ccc([C@@H](C)NC(=O)C2(NC(=O)C(F)(F)F)CC2)c(F)c1,[ 0.18550095  1.          0.9969232  -0.83138055 -1.        ]
C=CCNC(=O)OCC(O)C1COc2ccccc2O1,[-0.76766676  1.          0.44103155 -1.         -1.        ]
CC(C)NC(=O)c1cc2c(-n3ccc(C(F)(F)F)n3)c(-c3cncc(C(=O)O)c3)cnc2[nH]1,[-1.  1. -1. -1.  1.]
C#CC(O)C=CC,[ 0.9998026 -1.         1.        -1.        -1.       ]
CCCCCOC(=O)C=CC(=O)OCCCCC,[ 0.69002587  1.         -1.         -1.         -1.        ]
CN1CN(CC(=O)O)CSC1=S,[ 0.23232937  1.          1.         -1.          1.        ]
CCCCCCCC[Si](OCC)(OCC)OCC,[-1.         0.7208827 -1.        -1.        -1.       ]
C=CC=COC,[-1.       -1.       -1.       -1.        0.168409]
O=C(NCC12CC3CC(CC(C3)C1)C2)c1cc(CN2CC3CNCC(C2)O3)ccc1Cl,[-1.       -1.        0.969085 -1.       -1.      ]
C[C@@H]([C@@H](O)c1ccc(O)cc1)N1CCC(O)(c2ccccc2)CC1,[-0.5055355  -0.49298966 -1.         -1.         -1.        ]
COP(=S)(OC)SC1CCC2C=CCC1S2,[ 1.  1. -1. -1. -1.]
Nc1ncc2nc[nH]c2n1,[ 0.8974461  -0.54810804 -1.         -1.          0.85835403]
Cc1ccc2nc(C[N+]34CCC(CC3)[C@@H](OC(=O)[C@](C)(c3ccccc3)N3CCCCC3)C4)oc2c1,[ 1.          1.         -1.         -0.9400781  -0.31149217]
O=S(=O)(Nc1ccc2sc(CO)nc2c1)c1ccc(Br)cc1,[ 0.9999671  1.        -1.        -1.         1.       ]
CCOP(=S)(OCC)SC1CCSc2ccc(Cl)cc21,[-1.          1.         -1.         -1.          0.28261822]
C[NH+]1CCN(C2=Nc3cc(Cl)ccc3Nc3ccccc32)CC1,[ 1.  1.  1. -1. -1.]
COc1ccc2c3c1O[C@H]1C(=O)CC[C@@]4(O)[C@@H](C2)N(C)CC[C@]314,[-1.  1. -1. -1. -1.]
CCCCCC#CC(=O)OC,[-1.  1. -1. -1. -1.]
CCCSP(=O)(OCC)Oc1ccc(Cl)cc1Cl,[-1.         -0.53409284 -1.         -1.         -1.        ]
C=C1NC(N)=Nc2c1ncn2COCCOC(=O)[C@H](N)C(C)C,[-0.33265185  1.         -1.         -1.         -1.        ]
CC1CC2=CC(=O)CCC2C2CCC3(C)C(O)CCC3C12,[-1.         1.        -0.7553432 -1.        -1.       ]
C=COCC,[-1.        -0.9211081 -1.        -1.         1.       ]
CO/N=C(/C(=O)NC1C(=O)N2C(C(=O)[O-])=C(CSc3nc(=O)c(=O)[n-]n3C)CSC12)c1csc(N)n1,[-1.  1.  1.  1. -1.]
CC(C)(C)c1cnc(CSc2cnc(NC(=O)C3CC[NH2+]CC3)s2)o1,[-1.  1. -1. -1. -1.]
CC(=O)OC1CCC(N2CCCCC2)CC1,[ 1.  1. -1. -1. -1.]
COc1ncc(-c2cccc3c2C[C@H](NC(=O)c2ccc(OCCC(F)(F)F)nc2)CO3)cn1,[-0.7494432  1.        -1.        -1.        -1.       ]
O=C(NCc1cccnc1)Nc1ccc([N+](=O)[O-])cc1,[ 0.99948704  1.          0.7949227  -1.         -0.52258694]
CN(CC(N)=O)C(=O)N(CCCl)N=O,[-1.         1.        -1.        -1.         0.7113905]
CC=C1C2C=C(C)CC1(N)c1ccc(=O)[nH]c1C2,[ 0.9998867  1.        -1.        -1.        -0.5722216]
CC(=O)N1CCN(c2ccc(OCC3COC(Cn4ccnc4)(c4ccc(Cl)cc4Cl)O3)cc2)CC1,[ 0.40606833  1.         -1.          1.         -0.7975165 ]
O=S1OCC2C(CO1)C1(Cl)C(Cl)=C(Cl)C2(Cl)C1(Cl)Cl,[-0.06003462  1.         -1.         -1.         -0.5957211 ]
CC(C)C(=O)OCCc1ccccc1,[ 1.         -0.91152596 -1.         -1.          1.        ]
CC(C)OP(=S)(CCl)Sc1ccc(Cl)cc1,[-1.          0.48661086 -1.         -1.          1.        ]
CCCCCC(CC)c1cc([N+](=O)[O-])c(OC(=O)OC)c([N+](=O)[O-])c1,[-1.         -0.65066665 -1.         -1.         -0.92640114]
CCCCCCCCCc1ccc(O)cc1,[ 1.       -0.547316  1.        1.       -1.      ]
O=C(O)CCl,[ 1.          1.         -1.          0.78651506 -0.9562799 ]
CCC(Br)(CC)C(=O)NC(N)=O,[ 1.  1. -1. -1.  1.]
CNC(=O)Oc1ccccc1C1CCCC1,[ 1.          1.         -1.         -1.          0.41686708]
C=C(C)C(=O)OCCO,[ 0.99940777 -1.         -1.         -1.          1.        ]
Brc1nc(Br)c(Br)[nH]1,[ 1.        -0.8731109  1.         1.         1.       ]
CCC[C@@H](c1ccc(C(=O)O)c(Oc2cccc(Cl)c2)c1)N1CCC[C@H](n2cc(C)c(=O)[nH]c2=O)C1,[ 0.18354382  1.         -1.         -1.         -0.9996238 ]
C=COCC(C)CCCC(C)CC(C)C,[-1.         1.         0.8866821 -1.         1.       ]
CCCCCCCCCCOc1c(OC)cc(C(N)=O)cc1OC,[ 1.  1.  1. -1.  1.]
N#Cc1ccc(NCC(F)(F)c2ccccc2)c(F)c1CC(=O)NCCONC(=N)N,[ 1.         1.        -1.        -1.         0.8153069]
CCCC(Nc1nc(-c2ccc(NC(=O)NCC)c(OC)c2)ncc1C)c1cccnc1,[ 1.         -0.28757116  0.83435124  1.         -1.        ]
C/C=C/C1=C(C(=O)[O-])N2C(=O)C(NC(=O)C([NH3+])c3ccc(O)cc3)C2SC1,[ 1.        -1.        -1.         0.9704848 -1.       ]
CCCCOC(=O)CCCCC(=O)OCCCC,[ 1.  1.  1.  1. -1.]
O=S(=O)(C(Cl)CCl)C(Cl)CCl,[-1. -1. -1. -1.  1.]
O=c1cc(N2CCOCC2)nc(NCc2cccc(Cl)c2Cl)[nH]1,[ 1.         1.         0.9234551 -1.        -1.       ]
CC1(C)C(C=C(Cl)Cl)C1C(=O)OC(C#N)c1cccc(Oc2ccccc2)c1,[-1.  1. -1. -1. -1.]
O=C(Nc1cc(Cl)cc(Cl)c1O)c1c(O)c(Cl)cc(Cl)c1Cl,[-0.50595015  0.9573551  -1.         -1.          1.        ]
Cc1c(Cl)c(Br)c(Br)c2[nH]c(C(F)(F)F)nc12,[ 0.9999363  1.         1.        -1.         0.9992686]
CCOP(=S)(OCC)SCc1nnc(SC)s1,[ 0.81867826  1.          1.         -1.         -1.        ]
CNC(=O)Oc1cc(C)c(N(C)C)cc1C(C)C,[ 1.         1.         1.        -1.        -0.8656559]
C[C@H](N[C@H](CCc1ccccc1)C(=O)O)C(=O)N1CCC[C@@H]1C(=O)O,[ 0.986605  1.       -1.       -1.        1.      ]
COCC(=O)N(C)C(=O)Oc1ccccc1OC(C)C,[ 1.         1.         1.        -1.         0.6227857]
Cc1ncc(COP(=O)(O)O)c(C=O)c1O,[-1.         -0.99623317 -1.         -1.         -1.        ]
O=C(Cn1c(=O)sc2ccc(Cl)cc21)N1CCN(CCO)CC1,[ 0.9996265  1.        -1.        -1.        -0.8572733]
CCCCCCCCCCNCCCCCCCC,[-1.         1.        -0.9799105 -1.         0.5418173]
CN1C(=O)CN=C(c2ccccc2)c2cc([N+](=O)[O-])ccc21,[-1.          0.5068675   0.86354846 -1.         -1.        ]
CCOP(=S)(OCC)SC1CCC2C=CCC1S2,[ 0.5986787  -0.9997962   0.20958093 -1.         -0.9942871 ]
Nc1ccc(Cc2ccc(N)cc2)cc1,[-0.18575649  1.         -1.         -0.99598855  0.59339476]
CCCS(=O)(=O)N1N=Cc2cc(Cl)ccc2B1O,[ 1.         -1.         -1.         -0.10419095 -1.        ]
COCCCNc1nc(NCCCOC)nc(SC)n1,[ 1.  1. -1. -1.  1.]
CN1C(=O)C(O)N=C(c2ccccc2)c2cc(Cl)ccc21,[-0.80576247  1.         -1.         -1.          1.        ]
COP(=S)(OC)Oc1cc(C)c(SC)c(C)c1,[-0.9926356  1.        -1.        -1.        -1.       ]
CNCCc1ccccn1,[ 1.         1.        -1.        -1.         0.9628147]
CCCCCCCCCCOC(=O)c1ccccc1C(=O)OCCCCCCCC,[-1.          1.          0.75916016 -1.         -0.872801  ]
Brc1c[nH]cn1,[ 0.72484165  1.         -1.         -1.          0.73850095]
NC1CC1,[ 0.9974716   1.          1.         -1.         -0.99987805]
NC1=NC(c2ccnc(C(F)(F)F)c2)(c2ccc(F)c(-c3cncnc3)c2)c2cccc(F)c21,[-0.72524226  1.          1.          0.40260702  0.02923067]
CCN(COC)N=O,[-1.  1.  1. -1. -1.]
C[C@@]1(C(=O)Nc2ccc(F)nc2)CCCN1c1nc(Nc2cc(C3CC3)n[nH]2)c2cccn2n1,[-1.          1.          0.08834711 -0.70331895 -1.        ]
CC1c2cccc(O)c2C(=O)C2=C(O)C3(O)C(=O)C(C(N)=O)=C([O-])C([NH+](C)C)C3C(O)C21,[ 1.         0.9342715 -1.        -1.        -1.       ]
CC(C)C(NC(=O)C(C(C)C)N(C)C)C(=O)N(C)C(C(=O)N1CCCC1C(=O)N1CCCC1C(=O)NC(C)(C)C)C(C)C,[-1.        1.       -1.       -1.       -0.974729]
N#CCCO,[ 1.         1.         1.         1.        -0.8455883]
C=CCc1cc(OC)c(OC(C)C(O)c2cc(OC)c(OC)c(OC)c2)c(OC)c1,[-0.99564236  1.         -1.          1.         -0.54494345]
COC(=O)C1C2CC3c4[nH]c5cc(OC)ccc5c4CCN3CC2CC(OC2CCCCO2)C1OC,[-1.  1. -1. -1.  1.]
CO/N=C(\C(=O)N[C@@H]1C(=O)N2C(C(=O)O)=CCS[C@H]12)c1csc(N)n1,[ 1.  1. -1. -1. -1.]
CCCCCCC1=CC(=O)CC(c2ccc3c(c2)OCO3)C1,[ 1.          1.          0.68552077 -1.         -1.        ]
CCNC(=O)c1cc2c(-n3ccc(C(F)(F)F)n3)c(-c3cncc(C(=O)O)c3)cnc2[nH]1,[-0.9990665   1.         -1.         -1.         -0.48021668]
C=COCC(CC)CCCC,[-1.  1.  1.  1. -1.]
N#CCCSCCC#N,[-1.          0.97633284 -0.1551891  -1.         -0.92611194]
CCOC(C1=NCCCN1)c1c(Cl)cccc1Cl,[-0.98104155  1.         -1.         -1.          0.8151513 ]
CC(=O)OCCOC(C)=O,[-1.  1. -1. -1.  1.]
N#Cc1ccc(NCC(F)(F)c2ccc(F)c(F)c2)c(F)c1CC(=O)NCCONC(=N)N,[-1.         1.         1.        -1.        -0.9955727]
CCNS(=O)(=O)C(F)(F)C(F)(F)C(F)(F)C(F)(F)C(F)(F)C(F)(F)C(F)(F)C(F)(F)F,[-1.          1.         -0.45068344 -1.         -0.94340533]
CCOC(=O)C(C)Nc1ccc(Cl)c(Cl)c1,[1.         1.         0.83805    0.32663414 0.5021561 ]
C1=CCCCC1,[-0.33250594  1.         -1.         -1.          1.        ]
COc1cc2ncc(C(N)=O)c(Nc3ccccc3C)c2cc1OC,[-0.635704  1.       -1.       -1.       -1.      ]
CCOP(=O)(OCC)OC(=C(Cl)Br)c1ccc(Cl)cc1Cl,[-1.         1.        -1.        -1.        -0.9950874]
COc1cc(/C=C2\SC(=O)NC2=O)ccc1Oc1ccc(C#N)cc1C(F)(F)F,[-1.  1.  1.  1.  1.]
CCSC(=O)N1CCCCCC1,[-1.         -1.         -1.          1.          0.93450534]
COP(=S)(OC)SCc1noc(=O)[nH]1,[-1.         1.        -1.         1.        -0.9890876]
CC(=O)O[Si](C)(OC(C)=O)OC(C)=O,[ 1.        -1.        -1.        -1.        -0.5668789]
CC1CC=C(C(C)C)CC1,[-1.         1.        -1.        -0.9982975 -0.3022314]
CN1CCN(S(=O)(=O)c2ccc(-c3cnc(N)c(C(=O)Nc4cnccc4CN4CCCC4)n3)cc2)CC1,[ 0.52495366 -0.93114877 -1.          1.          1.        ]
CCCCCCCCCCOC(=O)c1ccccc1C(=O)OCCCC,[-1.          1.          1.          1.         -0.99995285]
COc1ccc2nc(C)cc(OCC(=O)NCc3ccccc3)c2c1,[-1.         1.        -1.         0.581592   0.7932676]
COP(=S)(OC)SCSCC=C(Cl)Cl,[ 1.          1.          1.         -1.          0.13477564]
CC(O)C(=O)Nc1c(I)c(C(=O)NC(CO)CO)c(I)c(C(=O)NC(CO)CO)c1I,[-1. -1.  1. -1. -1.]
CC(=O)NC(Cc1c[nH]c2ccccc12)C(=O)O,[ 0.6647698   1.         -1.         -1.         -0.59274805]
COc1cc2c(cc1OC)C(=O)C(CC1CCN(Cc3ccccc3)CC1)C2,[-0.7447406   0.72312033 -1.         -1.         -1.        ]
CC(C=O)=Cc1ccco1,[-1.         -1.          0.99951947 -1.         -1.        ]
CC(Oc1ccccc1)C(=O)N[C@@H]1C(=O)N2[C@@H](C(=O)O)C(C)(C)S[C@H]12,[ 1.  1.  1.  1. -1.]
O=C1COc2c(CCNCCN(C(=O)CCNCCc3ccc(Cl)c(Cl)c3)C3CCCCC3)ccc(O)c2N1,[ 0.9784495  1.         1.         1.        -1.       ]
O=C(NCc1cccc(F)c1)NC1CCN(Cc2ccn(-c3ccc(C(F)(F)F)cc3)c2)CC1,[ 0.06230979  1.         -1.          1.          0.2692135 ]
CCC(C)c1ccccc1O,[ 0.9999982  1.         1.        -1.        -1.       ]
CN1CCC(=C2c3ccccc3CC(=O)c3sccc32)CC1,[ 0.82961804 -0.5199868  -1.         -0.71756375  0.02714301]
CCP(=S)(OCC(C)C)SCN1C(=O)c2ccccc2C1=O,[ 1.          0.84409034 -1.         -0.7488303   1.        ]
NC(=O)CCCN=C(c1ccc(Cl)cc1)c1cc(F)ccc1O,[-0.4507201  1.        -1.         1.         0.9891413]
Nc1cc(OCC2CC2)c(C(=O)NC2C[NH+]3CCC2CC3)cc1Cl,[-1.  1. -1. -1. -1.]
CC(C)(C)c1cc(Br)c2nc(C(F)(F)F)[nH]c2c1,[-0.657056 -1.       -1.       -1.       -1.      ]
Cc1ccc(-n2nc(C(C)(C)C)cc2NC(=O)Nc2ccc(OCCN3CCOCC3)c3ccccc23)cc1,[-1.         1.        -1.        -1.        -0.9321226]
C=CC(=O)OCCSCC,[-1. -1.  1.  1.  1.]
CC[C@H]1[C@@H]2C[C@@H]3[C@@H]4N(C)c5ccccc5[C@]45C[C@@H](C2[C@@H]5O)N3[C@@H]1O,[-1.  1. -1. -1.  1.]
Cn1c(C2=CCN(CCCN3c4ccccc4Sc4ccc(CC(=O)O)cc43)CC2)cc(=O)n(C)c1=O,[ 1.          1.          0.48679855 -1.          0.9930144 ]
O=C1OC(c2cc(I)c(O)c(I)c2)(c2cc(I)c(O)c(I)c2)c2ccccc21,[ 0.36498967  1.         -1.          0.97902924  1.        ]
CCC1OCC(=NOC(=O)NC)S1,[-1.         -0.49028423 -1.         -1.         -0.9968956 ]
C1CNCCNC1,[-1.         1.        -1.        -1.        -0.9978097]
O=C=NCCOC(=O)C1CC=CCC1C(=O)OCCN=C=O,[-1.         -1.         -1.          1.         -0.99677354]
C/C=C/C#CCC/C=C\C=C\C(=O)NCC(C)C,[-1.         -0.01601414 -1.          1.         -0.31864962]
O=C(c1c2ccccc2cc2ccccc12)N1CCC(N2CCC[C@@H](C(=O)N3CCOCC3)C2)CC1,[ 0.8657056  1.        -1.        -1.        -1.       ]
CNC(=O)Oc1ccccc1C1OCCO1,[-1.         -0.2471216  -0.98560506 -0.88553977  0.64363456]
C=Cc1ccccc1Cl,[-1.        1.       -0.992893 -1.        1.      ]
CCC(CC)C(=O)NC(=Cc1ccc(OC)cc1)C(=O)O,[-1.  1. -1.  1. -1.]
CCCCOC(=O)CC,[-1.          1.         -1.         -1.         -0.97579867]
C1COCCOCCOCCO1,[-1.          1.         -1.         -1.          0.26468655]
NC(=O)C1CCC2CN1C(=O)N2OS(=O)(=O)[O-],[ 0.93958807 -1.         -1.         -1.         -1.        ]
ClC1=C(Cl)C2(Cl)C3C(Cl)C(Cl)C(Cl)C3C1(Cl)C2(Cl)Cl,[-1.  1. -1.  1.  1.]
O=C=Nc1ccccc1C(F)(F)F,[-1.         -1.         -1.         -1.          0.99967355]
C=CCc1cc(OC)c(OC(C)C(O)c2ccc(O)c(OC)c2)c(OC)c1,[ 1.          1.          1.         -1.         -0.49483675]
CC=C(C=O)CC,[-1.         1.        -1.        -1.         0.9995854]
Nc1cccc2cc(S(=O)(=O)O)ccc12,[ 1.         1.        -1.         1.         0.7777165]
CC=C1CC(C)C(O)(CO)C(=O)OCC2=CC[N+]3([O-])CCC(OC1=O)C23,[-1.          0.99614125 -0.8848594  -1.          1.        ]
CC1COC(Cn2cncn2)(c2ccc(Oc3ccc(Cl)cc3)cc2Cl)O1,[ 1.          1.          0.11657955 -1.          0.55990386]
CNC(=O)Oc1cc(C)ccc1C(C)C,[ 1.          0.23993291 -1.          0.9997258  -1.        ]
c1ccc2c(c1)CC(N1CCN(c3cccc4c3OCCO4)CC1)C2,[ 0.85443604  1.         -1.         -0.96885717 -1.        ]
CNc1ccc(N)c2c1C(=O)c1ccccc1C2=O,[-0.98612714  1.         -1.         -1.          0.71819186]
CSCCC(O)C#N,[-1.  1.  1. -1. -1.]
CCCCOC(=O)CCC(=O)OCCCC,[ 1.          1.          0.79693776 -1.         -1.        ]
Cc1cc(O)ccc1S(C)=O,[ 1.        -0.5042525  1.        -1.        -1.       ]
CCCC(C)(C)C(=O)Nc1ccc(Cl)cc1,[ 0.5525729  1.        -1.         1.         1.       ]
CN(N=O)C(N)=O,[-1.          1.          1.         -1.         -0.18481156]
C1=CC(OC2C=CCC2)CC1,[ 0.06482557  1.         -1.         -1.         -0.99063826]
O=C(CCCc1ccc2cccnc2n1)NCc1cc(-c2ccc(F)c(C(F)(F)F)c2)no1,[-1.         -0.67933136  1.         -1.          0.08900721]
O=[N+]([O-])c1cccc(Cl)c1,[ 1.         1.         0.7382896  1.        -1.       ]
COP(=S)(OC)Oc1ccc2c(C)cc(=O)oc2c1,[-1.          1.         -1.          1.          0.80840987]
O=c1[nH]c2c(c(=O)n1C1CCCCC1)CCC2,[ 1. -1.  1.  1.  1.]
OCCN1CCN(CCCN2c3ccccc3C=Cc3ccccc32)CC1,[-0.9150939   1.         -1.         -1.          0.17778616]
Nc1ccc(C(=O)Nc2ccccc2N)cc1,[-0.63857186  1.         -1.         -1.          1.        ]
CC(=O)[C@@]1(O)CC[C@H]2[C@@H]3CCC4=CC(=O)CCC4=C3[C@@H](c3ccc(N(C)C)cc3)C[C@@]21C,[-1.          1.          0.53901637 -1.          1.        ]
OC[C@H]1O[C@H](O[C@]2(CO)O[C@H](CO)[C@@H](O)[C@@H]2O)[C@H](O)[C@@H](O)[C@@H]1O,[ 1. -1. -1. -1. -1.]
CC(C)C[C@H]1NC(=O)[C@@H](Cc2ccccc2)NC(=O)CNC(=O)[C@@H](C)NC(=O)[C@H](Cc2ccc(O)cc2)NC(=O)/C=C\c2ccccc2OC1=O,[ 1. -1.  1. -1.  1.]
CCC1OCCSC1=NOC(=O)NC,[ 1.         1.         1.        -0.9676784  0.685289 ]
NCCOS(N)(=O)=O,[-1.          1.          1.          1.         -0.44174525]
CCCc1cc[nH]n1,[ 0.99986696  1.         -1.         -1.         -1.        ]
O=S(=O)(Oc1ccc(Cl)cc1)c1ccccc1,[ 1.        -0.9861377 -1.         1.        -1.       ]
COc1cc(-n2cnc3cc(-c4ccc(Cl)cc4)sc3c2=O)ccc1OCCN1CCCC1,[-0.8990863  1.        -1.        -1.         0.1212758]
CCN(CCO)c1ccc(N=O)c(C)c1,[-1.  1. -1. -1. -1.]
S=c1[nH]c2ccccc2s1,[-1.          1.         -0.58756554 -1.          1.        ]
Oc1c(Br)cc(Br)cc1Br,[-1.         -0.9649605  -0.23112743  1.         -0.9917999 ]
CCC[c-]1c(=O)n2c(N(C)C)nc3ccc(C)cc3n2c1=O,[-0.77180445 -1.         -1.          1.         -1.        ]
CC(=O)OC=CCOC(C)=O,[-1.  1. -1. -1.  1.]
COc1ccc(-c2cc(=O)c3ccc(OC)cc3o2)cc1,[ 0.99983215  1.         -1.         -1.          0.50921345]
CN(C)C(=O)Oc1ccccc1C1SCCS1,[ 0.46670687 -1.         -1.         -1.         -0.9111625 ]
C[NH+](C)C1C([O-])=C(C(N)=O)C(=O)C2(O)C(O)=C3C(=O)c4c(O)cccc4C(C)(O)C3C(O)C12,[-1.         -1.         -1.          1.          0.20526539]
O=C(COc1ccc(Cc2ccc(Cl)cc2)cc1)OCc1cccnc1,[ 1.         1.        -1.        -1.         0.9805741]
C(=NCCCCCCN=Cc1ccco1)c1ccco1,[ 1.         -1.         -1.          0.96530944  1.        ]
CN1CCCC1c1cccnc1,[-1.         0.8855646 -1.        -1.         0.862083 ]
CCOC(=O)C1(c2ccccc2)CCN(C)CC1,[-1.  1. -1. -1. -1.]
CC=CC=CC#N,[ 1.         -1.         -1.          0.32364076 -0.99383825]
Nc1nc2c(ncn2COCCO)c(=O)[nH]1,[-0.99775004  1.         -1.         -1.         -0.93398273]
CCOC(=O)CCC[Si](C)(OCC)OCC,[ 0.9968672  -0.42206803 -1.         -1.          1.        ]
CC1(C)COC(c2ccccc2)CN1,[-1.         1.         0.5131986 -1.        -1.       ]
CC(C)CCCCCCCO,[-0.9417816   1.         -1.         -1.          0.89445794]
CC(O)C#N,[-1.         1.        -1.        -0.9995958 -1.       ]
Cc1ccc(S(=O)(=O)OCCCl)cc1,[-0.22051288  1.         -1.         -1.          0.4801204 ]
O=CCc1ccccc1,[-1.        1.       -1.        1.        0.534163]
Cc1ccc(-c2ncc(C(F)(F)F)[nH]2)cc1NC(=O)c1ccc(OCc2ccccn2)cc1,[-1.          0.9922794   1.          1.          0.96640164]
CCCCP(=S)(CCCC)CCCC,[ 1.          1.         -0.05704971 -1.          0.86751616]
CCCCN1CC(C)CN=C1C(OCC)c1ccccc1,[ 1.         0.9638205 -1.        -1.         1.       ]
CCCCCCO,[-0.3066486   1.         -1.         -1.         -0.99976635]
O=c1[nH]c2c(O)ccc([C@@H](O)CNCCc3cccc(CNCCc4ccccn4)c3)c2s1,[ 1.          0.9972444  -1.          0.26411042  0.5440662 ]
CCSP(=O)(CC)SCC,[ 1. -1.  1. -1.  1.]
Oc1ccc(Cc2ccc(O)cc2)cc1,[-1.          1.         -1.         -1.          0.98057085]
CCN(CCNCCc1ccc(O)c2[nH]c(=O)sc12)C(=O)CCOCCc1ccccc1,[ 1.  1.  1.  1. -1.]
C[C@@H]1O[C@@H](c2ccc(N(O)O)cc2)OC[C@H]1N,[-1.  1. -1. -1. -1.]
O=C(O)C(O)=C(O)C(=O)O,[ 1.         1.        -1.        -1.         0.3794137]
C[C@@](C(=O)O[C@H]1C[N+]2(CCCOc3ccc(F)cc3)CCC1CC2)(c1ccccc1)N1CCCCC1,[-1.         -0.81563133  1.         -1.          0.756398  ]
ClC1(Cl)C2(Cl)C3(Cl)C4(Cl)C(Cl)(Cl)C5(Cl)C3(Cl)C1(Cl)C5(Cl)C24Cl,[-1.  1. -1. -1.  1.]
CC(C)CCOC(=O)c1ccccc1,[ 0.57811636  1.         -1.         -0.94633234  0.99995255]
COP(=S)(OC)OC1CCCCC1,[-1.        -1.         0.4680732 -1.         1.       ]
CS(=O)(=O)Oc1ccc(Cl)cc1Cl,[-0.01254797  1.         -1.         -1.         -1.        ]
Clc1ccc2ccccc2c1,[-1.          1.         -0.9041932  -1.         -0.95425576]
Cc1cc(C)n(SC(Cl)(Cl)Cl)n1,[-0.92764574  1.         -1.         -1.         -1.        ]
CC(=O)C=C(C)C,[ 0.5230096  1.        -1.        -1.        -0.8541592]
CC(C(O)c1ccc(O)cc1)[NH+]1CCC(O)(c2ccccc2)CC1,[-1.  1. -1.  1.  1.]
CN(Sc1ccc(F)cc1)C(=O)Oc1cccc2c1OC(C)(C)C2,[-1.  1.  1. -1.  1.]
CC(C(=O)O)c1ccc2oc(-c3ccc(Cl)cc3)nc2c1,[ 1.          1.         -0.96649957 -1.         -0.3400961 ]
CC(C)C(CCC(C)C1CCC2C3C(O)CC4CC(NCCC[NH2+]CCCC[NH3+])CCC4(C)C3CCC12C)OS(=O)(=O)[O-],[ 0.93585443 -1.         -1.          1.         -0.84936637]
Clc1ccc(C(c2ccc(Cl)cc2)C(Cl)(Cl)Cl)cc1,[-0.6680658   1.          0.4972137  -0.09443164 -0.6543034 ]
Cc1ccccc1OCC(O)CO,[ 1.          1.          0.27207485  0.9462864  -0.13253458]
Cc1cc(-c2cc(=O)[nH]c(NCc3cccc4ccccc34)n2)ccn1,[ 0.99998826  1.         -1.          0.999513   -1.        ]
CC(C)Cc1ccc(CC(=O)O)cc1,[-1.          1.         -0.91160756 -1.         -1.        ]
CN(N=O)c1cccnc1,[-1.  1.  1. -1. -1.]
NC(=O)c1ccc([N+](=O)[O-])cc1,[-1.          1.         -0.99951136 -1.         -1.        ]
O=c1cc(Cn2c(C3CCC3)nc3nccnc32)c2ccc(F)c(F)c2[nH]1,[-0.86713684 -1.         -1.         -1.         -1.        ]
CC(C)(C)[NH2+]CC(O)c1cc(O)cc(O)c1,[ 0.9992767  -0.41727194 -1.         -0.8616454  -1.        ]
CCC(C)C(=O)O,[ 0.98147976 -0.7852897  -1.         -0.9971071  -0.6161085 ]
CNC(=O)ON=CC(C)(C)S(C)(=O)=O,[ 0.9999342  1.        -1.        -1.         1.       ]
FCCBr,[-1.          1.         -1.         -0.9998124  -0.09869964]
N#CC1(O)CCCCC1,[-1.          1.          1.          1.         -0.31254756]
CC(C)Oc1cc(-n2cnc3ccc(N[C@@H](C)c4ccc(F)cn4)nc32)n[nH]1,[ 1.         1.         0.9323589 -1.         0.9518282]
CCOP(=S)(CC)Sc1ccc(C)cc1,[ 0.42628524  1.         -1.         -1.         -0.49865216]
CN(C)CCC=C1c2ccccc2Sc2ccc(Cl)cc21,[ 1.         1.        -1.        -1.         0.8976989]
CC(=O)OCC1=C(C(=O)O)N2C(=O)[C@@H](NC(=O)Cc3cccs3)[C@H]2SC1,[-1.         1.        -1.         1.         0.6878869]
Cc1ccccc1Cl,[-1.         -0.39569882 -1.         -0.8889959   1.        ]
CON=C(C)C(=NOC(=O)N(C)SN(C)C(=O)ON=C(C)SC)C(=O)N(C)C,[ 0.99613863  1.          1.         -1.         -1.        ]
COC(=O)c1ccccc1N=CC(C)Cc1ccc(C(C)(C)C)cc1,[-1. -1.  1.  1. -1.]
CS(=O)(=O)c1ccc2[nH]c(C(F)(F)F)nc2c1,[-0.45765454  0.7032932  -1.         -0.98531276  1.        ]
CC(C)=C1CCC(C)CC1=O,[-0.6228432   1.          1.         -0.63175184 -0.39421457]
N[C@H]1CCN(c2c(Cl)cccc2/C=C2\SC(=O)NC2=O)C1,[-1.        -1.        -1.        -1.        -0.7222341]
CCN=C1SC(=NOC(=O)NC)C(C)(C)S1,[-1.  1. -1. -1.  1.]
CNC1=Nc2ccc(Cl)cc2C(c2ccccc2)=[N+]([O-])C1,[ 1.         -1.         -1.         -1.         -0.97809994]
CCOc1ccc([C@@H](C)Nc2nc(N3CCN(C(C)=O)CC3)nc3c2CN(C(C)C)C3=O)cc1F,[-0.34385276 -0.40668216  0.02508869 -1.          0.30176482]
Cc1cc(S)c(N)nn1,[-1.         -0.5732049   0.00855758 -1.         -0.49938166]
CCC1NC(=O)c2ccccc2O1,[-0.99819523 -0.17201754  0.3227801  -1.         -1.        ]
CC=CC=CC=O,[-0.5641074  1.        -1.        -1.        -1.       ]
O=[N+]([O-])N1CN([N+](=O)[O-])CN([N+](=O)[O-])C1,[-0.630161    1.         -0.27604932 -1.         -1.        ]
CCCCOC(=O)c1ccc(O)cc1,[-1.          0.23240665 -1.         -1.          0.546135  ]
COC(=O)C1=C(C)NC(C)=C(C(=O)OCC(C)C)C1c1ccccc1N(O)O,[ 1.         -0.9876885   1.         -1.          0.50558233]
CC[C@H](CO)Nc1nc(SCc2ccccc2)nc2[nH]c(=O)sc12,[ 1. -1. -1. -1. -1.]
Cc1c(F)c(F)c(COC(=O)C2C(C=C(Cl)C(F)(F)F)C2(C)C)c(F)c1F,[ 0.6956428  1.        -0.777937  -1.        -1.       ]
COc1cc2nc(N3CCN(C(=O)C4CCCO4)CC3)nc(N)c2cc1OC,[-1. -1.  1.  1. -1.]
CCC1(NC(N)=O)CCCC1,[-1.          1.          0.91062206 -1.         -1.        ]
Cc1cccc(C(=O)Nc2nnn[nH]2)n1,[-0.52747697  1.         -1.         -1.         -0.72017026]
COc1cccc(C2(O)CCCCC2CN(C)C)c1,[-1.         1.         0.7194309 -1.        -1.       ]
COc1ccccc1CCNCc1ccc(CCNC[C@H](O)c2ccc(O)c3[nH]c(=O)sc23)cc1,[-0.23250046  1.          0.5042119  -0.67937005  1.        ]
COP(=O)(OC)OC,[-1. -1.  1. -1. -1.]
CC(C(=O)O)c1cccc(C(=O)c2ccccc2)c1,[ 1.          0.9998809  -1.         -1.         -0.96928203]
COCCOc1cnc(NS(=O)(=O)c2ccccc2)nc1,[ 1.          1.         -1.         -1.          0.92032623]
C(=NC(N=Cc1ccco1)c1ccco1)c1ccco1,[ 0.94230133  1.         -1.          0.8731157  -1.        ]
CC(=O)OC(C)(C)C,[-1.          1.         -0.95074075  0.91259676 -1.        ]
O=C(Nc1cc(F)ccc1F)NC1CC1,[ 1.         -1.          0.85099643 -1.          0.57463396]
CCS(=O)(=O)c1ccc(-c2cc(C(F)(F)F)ccc2O[C@@H](C)C(=O)O)c(C)c1,[-0.99555045  0.909471   -0.44024384 -1.         -1.        ]
CC(=O)c1c(Cl)c(Cl)c(Cl)c(Cl)c1Cl,[-1.  1. -1. -1.  1.]
Cn1c(=O)on(-c2ccc(Cl)c(Cl)c2)c1=O,[ 0.9911648   1.          0.33550912  0.8661989  -1.        ]
Cc1ccc2c(c1)c(-c1ccnc3c(Cl)cccc13)c(C)n2CC(=O)O,[-0.78390855  1.          0.81967634 -1.          1.        ]
COc1ccccc1Oc1c(NS(=O)(=O)c2ccc(C(C)C)cn2)nc(-c2ccnc(-c3nn[nH]n3)c2)nc1OCCO,[ 1. -1. -1.  1. -1.]
CC(C)C1CCC(C(=O)NC(Cc2ccccc2)C(=O)[O-])CC1,[ 0.99985737 -0.7784984  -1.         -1.         -1.        ]
CC(C=O)CC(C)(C=O)CO,[-1.         1.        -1.        -1.         0.9972843]
CCOP(=S)(OCC)OC(=CCl)c1cc(Cl)ccc1Cl,[ 1. -1. -1. -1.  1.]
CNC(=O)Nc1nnc(C(C)(C)C)s1,[ 0.9541913  1.        -1.         0.7822589 -1.       ]
N=C(N)Nc1nc(CSCCC(=N)NS(N)(=O)=O)cs1,[-1.          1.         -1.         -1.          0.55536556]
N#Cc1cc(S(=O)(=O)Nc2ncns2)ccc1Oc1cc(Cl)c(F)cc1-c1ccnnc1,[-0.6613028  -0.04936704  0.6859614   0.44972998 -0.23510139]
C[C@@H]1C[C@H]2[C@@H]3CCC4=CC(=O)C=C[C@]4(C)[C@@]3(Cl)[C@@H](O)C[C@]2(C)[C@@]1(OC(=O)c1ccco1)C(=O)CCl,[ 0.9879307   1.         -1.         -1.          0.28497994]
COc1cc(CC(=O)NCC(=O)N(CCC(=O)[O-])Cc2ccc(OC)c(OC)c2)ccc1NC(=O)Nc1ccccc1C,[ 1.          1.          0.35447162 -1.         -0.6796257 ]
CCC(C)(O)c1ccccc1,[-0.999822   1.        -1.        -1.        -0.8487576]
Cc1cccc(C)c1NC(=O)C1CCCC[NH+]1C,[ 1.  1. -1.  1. -1.]
CCN(CC)CCC(CC=C(C)C)(C(N)=O)c1cccc2ccccc12,[-0.84456545  1.         -1.         -0.99803686  0.34140468]
CN(c1nc2ccccc2s1)C1CC[NH+](CC(O)COc2ccc(F)cc2)CC1,[ 1.         1.        -1.        -1.        -0.9983751]
O=[N+]([O-])c1ccc(Nc2ccccc2)c(S(=O)(=O)O)c1,[-1.  1. -1.  1. -1.]
CCC(=O)N(c1ccccc1)C1(COC)CCN(CCc2cccs2)CC1,[-1.  1. -1.  1.  1.]
CCCCCCCCCCCCCCCCCC1=NCCN1,[ 1.          1.         -1.         -1.         -0.46325612]
CCCOc1ccc(C=CC(=S)OCC)cc1OC,[-0.44259188 -0.319644    0.42724255 -1.          0.8688302 ]
C[C@@H]1NC(=O)[C@H](C)N(C)C(=O)[C@@H](C)N(C)C(=O)[C@H](C)N(C)C(=O)[C@@H](C)NC(=O)[C@@H](C)N(C)C1=O,[-1.          1.         -1.         -1.         -0.28004014]
O=[N+]([O-])c1cc([N+](=O)[O-])c(Nc2cc(C(F)(F)F)ccc2Cl)c(C(F)(F)F)c1,[-1.          1.         -1.          1.         -0.69735503]
CC(CCC(=O)O)C1CCC2C3C(=O)CC4CC(=O)CCC4(C)C3CC(=O)C12C,[-0.44674838  1.         -1.          0.95347923 -0.7998479 ]
CNC,[ 1.          1.         -1.         -1.         -0.26725283]
CCCC(C)(COC(N)=O)COC(N)=O,[-1.  1. -1. -1. -1.]
CC(C)Nc1nc(Cl)nc(NC(C)C)n1,[-1.         -0.10324933  1.          1.         -1.        ]
C=C(C)C1CC=C(C)CC1,[-0.7525695  1.        -1.        -0.9278956 -1.       ]
CC(C)C(=O)OC1CCC(N2CCCCC2)CC1,[ 0.9386716  1.        -1.         1.         1.       ]
N#CCCOCCC#N,[-1.          1.          0.71608126 -1.         -1.        ]
COc1ccc2c(C)cc(N[C@H]3CC[C@H](NCc4cn(C)c5ccc(C#N)cc45)C3)nc2c1,[ 1.         1.        -1.        -1.        -0.9031214]
CCOC(C1=NCCCN1)c1ccccc1,[-1.         1.         1.        -1.        -0.9995084]
Cc1cc(Oc2ncc(C(F)(F)F)cc2Cl)ccc1CC1SC(=O)NC1=O,[ 0.22281852  1.         -0.9195376  -0.9976468   0.6044662 ]
CN1CCC[C@H]1c1cccnc1,[ 1.         1.         1.        -1.        -0.9997643]
Nc1nc(=O)c2ncn(COCCO)c2[nH]1,[-1.          0.9713324  -1.         -1.         -0.72678083]
CN1CCCCC1CCN1c2ccccc2Sc2ccc(Cl)cc21,[ 0.99642175  1.         -1.         -1.         -1.        ]
c1ccncc1,[-0.71454835  1.         -1.         -1.         -1.        ]
C[C@H]1C(=O)N[C@H](C)C(=O)N[C@H](C)C(=O)N(C)[C@@H](C)C(=O)N[C@H](C)C(=O)N(C)[C@@H](C)C(=O)N1C,[-1.  1. -1.  1. -1.]
COP(=O)(OC)SC(C)(C)C,[ 0.99998736 -1.         -1.         -1.         -1.        ]
COc1ccc2c(c1OC)C13CCN(C)C(C2)C1(O)CCC(O)C3,[ 1.  1. -1.  1.  1.]
CO/N=C(\C(=O)N[C@@H]1C(=O)N2C(C(=O)O)=C(CSc3nc(=O)c(=O)[nH]n3C)CS[C@H]12)c1csc(N)n1,[ 0.9994089  1.         1.        -0.9975735 -1.       ]
COc1c(N2CC3CCC[NH2+]C3C2)c(F)cc2c(=O)c(C(=O)[O-])cn(C3CC3)c12,[-1.  1.  1.  1. -1.]
CCSCCOP(=S)(OC)OC,[-1. -1. -1. -1.  1.]
COc1cc(O)c(S(=O)(=O)N2c3ccccc3CCC2C)cc1NC(=O)CCC(=O)O,[ 0.89165395  1.         -1.         -1.          1.        ]
COP(=S)(OC)Oc1ccc(Sc2ccc(OP(=S)(OC)OC)c(C)c2)cc1C,[-0.9781933   1.          0.68899775 -1.         -0.40632302]
CNCc1ccc(-c2[nH]c3cc(F)cc4c3c2CCNC4=O)cc1,[-1.          1.         -1.         -0.996822   -0.80522346]
Oc1cc(Cl)c(Br)cc1Cl,[ 0.77559346  1.         -1.         -1.         -1.        ]
CN=NNc1ccc([N+](=O)[O-])cc1,[ 0.95093757  1.          0.7761535  -1.          0.24790238]
CCCCCCCc1ccc(C)cc1O,[-1.  1.  1. -1. -1.]
CN1CCN(CCC(=O)NN=Cc2ccc([N+](=O)[O-])o2)CC1,[-1.  1. -1. -1. -1.]
Cc1ccc(CNC(=O)CCS(=O)(=O)c2ccc(Br)cc2)cc1,[-1. -1. -1.  1.  1.]
CCN(CC)c1ccc(-c2nc(=O)n(C)nc2-c2ccc(N(CC)CC)cc2)cc1,[-1.  1. -1. -1. -1.]
CCC1(C)NC(=O)C(Cc2cccs2)NC(=O)C(Cc2ccccc2)NC(=O)CCCSCC(C(=O)N2CC(O)CC2C(=O)NC(CCCNC(N)=[NH2+])C(=O)NCC(N)=O)NC(=O)C(CC(N)=O)NC1=O,[ 0.9998383  1.         1.        -1.        -1.       ]
CC(C)CCI,[ 1.          1.         -1.          0.9795266   0.04441364]
ClC(Cl)=C(c1ccc(Cl)cc1)c1ccc(Cl)cc1,[-0.99434483  1.         -1.         -1.         -0.9900611 ]
Cc1ccc(Oc2cc(SCC(=O)NN)ncn2)cc1,[-0.9638359  1.        -1.        -1.         1.       ]
CNC(=O)ON=C1SC(=NC(C)(C)C)SC1(C)C,[-0.8394665   1.          0.18390225  0.64583224 -0.1386248 ]
C[N+](C)([O-])CCCN1c2ccccc2CCc2ccccc21,[-1.  1.  1. -1. -1.]
CC(C)(C)NC(=NC#N)Nc1cccnc1,[ 0.999947    1.         -0.94257843 -1.         -0.64174706]
CC1=C(C)C(=O)C(C(CCCCCC(=O)O)c2ccccc2)=C(C)C1=O,[-1.          1.         -0.46122214 -1.          0.9442479 ]
Nc1nc(O)c(Cl)c(-c2ccccc2)n1,[-1.        -0.9704847 -1.        -1.        -1.       ]
CC(=O)Nc1ccc(OCC(O)CNC(C)C)cc1,[-0.9973139  1.        -1.        -1.        -1.       ]
CCc1ccc(Oc2ccc(C)cc2CC(=O)O)c(Cl)c1,[ 1.          1.         -1.          0.75090796  0.97871435]
CC(Cc1ccccc1)NC(=O)Cn1nc(-c2ccccc2)ccc1=O,[-1.         1.        -1.        -1.         0.4085681]
CCO[Si](CCS)(OCC)OCC,[ 1.          1.         -1.         -0.9445885   0.98712754]
CC1CC2OC2CC1COC(=O)CCCCC(=O)OCC1CC2OC2CC1C,[-1.  1. -1. -1. -1.]
C=CC(=O)OCCOCCOC(=O)C=C,[ 1.          1.         -1.         -0.99105686  1.        ]
CCC(=O)OCC(=O)C1(OC(=O)CC)C(C)CC2C3CCC4=CC(=O)C=CC4(C)C3(Cl)C(O)CC21C,[-1.  1. -1. -1. -1.]
O=[N+]([O-])C([N+](=O)[O-])([N+](=O)[O-])[N+](=O)[O-],[-1.         -0.39536354 -1.          0.6770292  -0.46641368]
O=Cc1cc([N+](=O)[O-])ccc1O,[-1. -1. -1. -1. -1.]
Nc1nc(=O)c2ncn(CCC(CO)CO)c2[nH]1,[-0.9287563  1.        -1.        -1.        -0.9971275]
CC1CN(CCO)CC1C,[-1. -1.  1. -1. -1.]
CCOCCOCCOC(C)Oc1ccc2c(c1)OCO2,[ 1.  1.  1. -1. -1.]
CNC(=O)c1ccc(C)c(-n2c(C)cc(OCc3ccc(F)cc3F)c(Br)c2=O)c1,[-1.  1.  1.  1. -1.]
CC(C(=O)O)c1ccc(C2CCCCC2)cc1,[-0.75406915  1.         -0.97722656  1.          1.        ]
C[C@]12C[C@H](O)[C@H]3[C@@H](CCC4=CC(=O)C=C[C@@]43C)[C@@H]1CC[C@]2(O)C(=O)CO,[-1.         -1.         -0.46684417 -1.          1.        ]
CN(C)[Si](N(C)C)(N(C)C)N(C)C,[-1.       -1.       -1.       -0.999286 -1.      ]
Oc1ccc(Nc2ccc3ccccc3c2)cc1,[-0.8755919   0.10665184 -1.         -1.         -0.03406829]
CCCCCCOC(C)=O,[-1.         0.6042986 -1.        -1.        -0.6772812]
CCc1cccc(CC)c1N(CC(=O)O)C(=O)CCl,[-1.          1.         -1.         -1.         -0.00957828]
OCCOCCOCCOCCOc1ccccc1,[1. 1. 1. 1. 1.]
COc1ccccc1Oc1c([N-]S(=O)(=O)c2ccc(C)cn2)nc(-c2ccncc2)nc1OC,[ 0.9953654  1.         1.        -1.        -1.       ]
CC(C)c1s[nH]c2nc(C(C)(C)C)nc(=O)c1-2,[ 0.9996203  1.        -1.        -1.        -1.       ]
COc1nc(N)nc2c1ncn2C1OC(CO)C(O)C1O,[-1.         -0.34863552 -0.64757895 -1.         -0.9821586 ]
C[NH+](C)CCc1c[nH]c2ccc(Cn3cncn3)cc12,[ 1. -1. -1. -1.  1.]
CN(C)C(=O)CCS[C@H](SCCC(=O)O)c1cccc(/C=C/c2ccc3ccc(Cl)cc3n2)c1,[ 1.        -1.        -1.        -0.9982121  0.9993565]
CN(C)N=O,[-1.         -0.48899505 -0.9511959   1.         -1.        ]
COc1ccc([C@@H]2CC(=O)c3c(O)cc(O)cc3O2)cc1O,[-1.          1.         -1.         -1.          0.13572256]
CC1CC2C3CCC4=CC(=O)C=CC4(C)C3(F)C(O)CC2(C)C1(O)C(=O)COC(=O)c1ccncc1,[-0.7944121   0.36467266  0.70149326  0.53562933  0.03724522]
CCCC(=O)OC1(C(=O)COC(=O)CC)CCC2C3CCC4=CC(=O)CCC4(C)C3C(O)CC21C,[ 0.40636778 -0.16802017 -1.         -1.         -0.9993142 ]
C[C@H](CS)C(=O)N1CCC[C@H]1C(=O)O,[ 0.91770726  1.         -1.         -1.         -1.        ]
Cc1nc(N(C)C)nc(OC(=O)N(C)C)c1C,[-0.24112363 -1.         -1.          1.         -1.        ]
CSC(C)=NOC(=O)N(C)SN(C)C(=O)Oc1ccc(OC(=O)N(C)SN(C)C(=O)ON=C(C)SC)cc1,[-1. -1. -1.  1.  1.]
CCc1ccc(C)cc1,[-1.         -0.61311483  0.72242904 -1.         -1.        ]
CC(C)(C)S(=O)(=O)C[C@H](Cc1ccccc1)C(=O)N[C@@H](Cc1cnc[nH]1)C(=O)N[C@H](CC1CCCCC1)[C@@H](O)[C@H](O)C1CC1,[ 0.99999905 -1.         -1.         -1.         -1.        ]
COP(=S)(OC)SCn1nc(C)ccc1=O,[ 0.6061733 -1.        -1.        -1.        -1.       ]
CCC(=O)OCCc1ccccc1,[-0.66707057  1.         -1.         -1.         -0.6284363 ]
CCCCCCC(C)(C)c1cc(O)c2c(c1)OC(C)(C)C1CC=C(CO)CC21,[-1.         1.         0.5480474  1.         1.       ]
CCOC(=O)C1=C(C)NC(C)=C(C(=O)OCC)C1c1ccccc1C=CC(=O)OC(C)(C)C,[ 0.4870711   1.         -1.         -1.         -0.99665177]
Cc1cc(S(=O)(=O)c2ccccc2)ccc1NS(=O)(=O)C(F)(F)F,[-1.         1.         1.        -1.         0.3711194]
C[Si](C)(C)CCC(=O)O,[-0.65593773  1.          1.         -0.96471524  0.8154118 ]
OCC(CO)(CBr)CBr,[-0.68011606  1.         -1.         -0.8721285  -1.        ]
CCCCOC(=O)C(Cl)(Cl)C(Cl)=C(Cl)Cl,[-1.          1.         -1.         -1.          0.74918103]
COc1cc(C2NC(=O)CCS2)cc(OC)c1OC,[-1.  1. -1. -1.  1.]
COP(=S)(OC)SCCSC,[ 1.         0.9934112 -1.        -1.        -0.7497665]
CCSC(=O)COc1ccc(Cl)cc1C,[-0.9578842  1.        -1.        -1.        -1.       ]
O=P1(N(CCCl)CCCl)OCCCN1CCCl,[ 1.  1.  1. -1. -1.]
CN(C)C(=O)NC1CC2CCC1(Cl)C2,[ 0.9272804  1.        -1.        -1.        -1.       ]
NC(=O)Nc1cccc2c3c([nH]c12)CCCC3,[-1.          1.          1.          1.         -0.77449334]
CN[C@@H](C)C(=O)N[C@H](C(=O)N[C@H]1CCCN(CCc2ccc([N+](=O)[O-])cc2)C1)C(C)(C)C,[ 1.         -0.32605666 -1.          0.67869776  1.        ]
COc1ncc(-c2cccc(C)c2CCNC(=O)c2ccc(OCCC(F)(F)F)nc2)cn1,[ 1.  1. -1.  1.  1.]
CCP(=S)(OCC(C)C)Sc1ccc(Cl)cc1,[ 0.9507958  1.        -0.3840521  0.5620089  0.8215808]
c1ccc(-c2nnc3ccc(NC4CC4)nn23)cc1,[-0.2814361   1.         -1.         -1.          0.81090367]
CNc1c(Cl)cnc2[nH]c(-c3ccc(OCCN4CCOCC4)cc3)nc12,[-0.95371455  1.         -1.          1.         -1.        ]
COc1cc2nc(N(C)CCCNC(=O)C3CCCO3)nc(N)c2cc1OC,[-0.94779545  0.75219446  1.         -1.          0.78111565]
CC1(C)OCC(CO)O1,[ 1. -1.  1.  1. -1.]
CCC(C)O,[-1.        -1.         0.9067316 -1.         1.       ]
COCCOC(=O)C1=C(C)NC(C)=C(C(=O)OC(C)C)C1c1cccc([N+](=O)[O-])c1,[-1. -1. -1. -1. -1.]
CCCCC(CC)C(O)C(=O)O,[-1.        -1.        -1.         1.        -0.7160508]
CCOP(=O)(OCC)[C@H](C)NC(=O)N(CCCl)N=O,[ 1.         1.        -1.         0.9822248 -1.       ]
O=P(O)(O)CN(CC(O)CN(CP(=O)(O)O)CP(=O)(O)O)CP(=O)(O)O,[-1.          0.9749855  -1.         -0.8313615   0.53891015]
CCC(C)(O)CC,[-1.         1.         1.        -1.         0.5356513]
OCC1OC(n2cnc3c2NC=NCC3O)CC1O,[-1.  1. -1. -1. -1.]
COC(=O)C1=C(C)NC(C)=C(C(=O)OC)C1c1ccccc1[N+](=O)[O-],[ 1.         1.        -1.         1.         0.8659396]
CC(C)(C)C(=O)C(Cl)Cl,[-1.          0.72963905 -1.         -1.         -1.        ]
O=C(O)c1cc(/N=N/c2ccc(O)c(C(=O)O)c2)ccc1O,[-0.77516145  1.          0.9961273  -0.9593487   0.8426657 ]
CN(N=O)c1ccc(C=O)cc1,[ 0.99987715  1.          1.          1.         -1.        ]
CC(C)(C)N,[-1.          1.          0.95910937 -1.         -0.83397657]
COc1ccc2cc(C(=O)NC3(C(=O)N[C@H](Cc4ccccc4)C(=O)NCC4CCN(CC5CCOCC5)CC4)CCCC3)sc2c1,[-1.         1.         0.7259838  1.         1.       ]
CC(C)Nc1ccc(Nc2ccccc2)cc1,[-0.13467725  0.03799551  0.16093393 -1.         -0.7715478 ]
CCCCCCC=NO,[-1.         0.7314988 -1.        -1.        -0.3002454]
CCN1CCN(c2cc3c(cc2F)c(=O)c(C(=O)O)cn3C2CC2)CC1,[ 1. -1. -1. -1. -1.]
CC1=C(C(C)C)CCCC1,[ 1.  1.  1. -1. -1.]
C[NH+](C)CC(c1ccc(O)cc1)C1(O)CCCCC1,[-0.9999698   1.          0.51018184 -1.          1.        ]
CCOC(=O)CCCCCCCCC(=O)OCC,[ 0.9998584   1.          0.20711818 -0.53867954  1.        ]
CC(C)NCC(O)COc1ccc(NC=O)cc1,[-1.         1.        -1.        -0.7101718 -0.64346  ]
N#Cc1c(O)nc(N)nc1-c1ccccc1,[-1.          1.          0.98113537 -1.          1.        ]
CCCCCOc1ccc(Br)cc1COCCN1CCOCC1,[-1.         1.         0.9818118 -1.         1.       ]
O=[N+]([O-])O[C@@H]1CO[C@@H]2[C@@H](O)CO[C@H]12,[-0.966179   -0.32974744 -1.         -0.7645407   0.7015898 ]
C[N+](C)(C)CCO,[ 1.         -1.         -0.96619505 -1.         -1.        ]
CN/C(=N\CCSCc1nc[nH]c1C)NC#N,[-1.        -1.        -1.         1.        -0.8400139]
CC1(C)NC(=O)NC1=O,[ 1.         -0.17799921  1.         -1.         -0.9768854 ]
Oc1cc(O)cc(Sc2cc(O)cc(O)c2)c1,[ 1.         1.        -1.        -1.         0.8929371]
CCCCN=C(NCCCC)C(OCC)c1ccc(Cl)cc1,[-1.  1.  1.  1. -1.]
O=[N+]([O-])c1ccc(OP(=O)(OCCCCl)OCCCCl)cc1,[-1.        -0.8852732 -1.        -1.        -1.       ]
CCCCCC(=O)NO,[ 0.9999885  1.        -1.        -1.         0.9243121]
CC(C)C=O,[-1.          0.5031586   0.51357627 -0.8267856   0.5418059 ]
Cc1cc(F)ccc1Oc1cccc2c(=O)cc(N3CCOCC3)[nH]c12,[ 0.99985623  1.          0.90422225 -1.          0.9868444 ]
c1ccc2nc(COc3ccc(-c4n[nH]cc4-c4ccncc4)cc3)ccc2c1,[-1.         0.4937684 -1.         0.8017389 -1.       ]
CNC(=O)Oc1ccccc1C(OC)OC,[-0.9664068   0.16494942 -1.         -1.         -1.        ]
CN1CCN=C(c2ccccc2)c2cc(Cl)ccc21,[ 0.9899288   0.09038594 -1.         -0.90893203  0.7232913 ]
CCOP(=S)(OCC)Oc1ccc(Cl)c([N+](=O)[O-])c1,[ 0.07929967  1.          1.         -1.          1.        ]
Nc1cc(N)cc(C(F)(F)F)c1,[-1. -1. -1. -1. -1.]
Clc1sc(Cl)c(Cl)c1Cl,[-1.         0.5736262 -0.9192936  1.         0.6482897]
Nc1nc2cc(Br)ccc2o1,[-1.          0.9021352  -1.         -1.         -0.12786593]
CCCCOCCOCCOC(C)=O,[-1.  1. -1. -1.  1.]
COc1ccc2c(Oc3ccc(CC(=O)Nc4cn(C)nc4C)c(OC)c3)ccnc2c1,[-1.         -0.92082447 -1.         -1.         -1.        ]
C=CCOC(=O)Cc1ccccc1,[ 1.  1. -1. -1. -1.]
CC(C)(C)N(Cl)Cl,[-1.         1.         1.        -1.        -0.9531219]
CC(Br)(CCl)CBr,[-1.          1.         -0.92053443 -1.         -1.        ]
Cc1onc(-c2ccccc2Cl)c1C(=O)N[C@@H]1C(=O)N2[C@@H](C(=O)O)C(C)(C)S[C@H]12,[ 0.9998973   1.         -1.         -1.          0.51038575]
Cc1nn(C)c(=O)c2noc(C)c12,[-0.1279043   1.         -0.78800493 -1.         -0.45462352]
CC1(C)SC2C(NC(=O)C(C(=O)Oc3ccc4c(c3)CCC4)c3ccccc3)C(=O)N2C1C(=O)O,[-1.          1.         -0.58555907 -0.9939848  -0.9320124 ]
CC(=O)OCc1ccc(C(C)C)cc1,[ 0.99368495  1.         -1.         -1.          0.94995195]
Cc1ccc(NC(=O)c2ccc(C#N)cc2)cc1-n1cnc2ccc(N3CCN(C)CC3)cc2c1=O,[ 1.          1.         -1.          0.65993273  0.30675602]
CCCCCCC(N)C(=O)N[C@@H](Cc1ccc(O)cc1)C(=O)N1CCC[C@@H]1C(=O)N[C@@H](Cc1c[nH]c2ccccc12)C(=O)N[C@@H](Cc1ccccc1)C(N)=O,[-0.5392383   1.         -1.         -0.9212907  -0.83809614]
O=C1c2ccc3c4c(ccc(c24)C(=O)C1(Cl)Cl)CC3,[-0.9814873   1.          0.37862268 -1.          1.        ]
COc1cc(C(=O)N2CCN(C(=O)c3cc(OC)c(OC)c(OC)c3)CC2)cc(OC)c1OC,[-1.  1.  1.  1.  1.]
COc1cc(Nc2nc3c(cc2F)ncn3[C@@H](CO)c2ccc(F)cn2)n[nH]1,[-0.9826618  1.        -1.        -1.         1.       ]
CNC(=O)C=C(C)OP(=O)(OC)OC,[ 0.98862904  1.         -1.         -1.         -0.99951917]
CC(O[N+](=O)[O-])c1ccc([N+](=O)[O-])cc1,[ 0.9989005  1.        -1.        -1.        -0.7258217]
CC(C)CC(O)CC(CC(C)C)CC(C)C,[-0.8220218   1.         -1.         -1.         -0.70309794]
O=C([O-])CC(NC(=O)CP(=O)([O-])O)C(=O)[O-],[-1.  1.  1.  1. -1.]
C=C1NC(N)=Nc2c1ncn2COCCOC(=O)[C@H](N)CO,[-1.         1.         1.         0.9996602 -1.       ]
COC(C)=NC#N,[-1.          1.          0.76677424 -1.         -0.9890276 ]
CC(C)(C)C(O)C(=Cc1ccc(Cl)cc1)n1cncn1,[ 0.9917419  -1.         -1.          1.         -0.73256785]
CP(=S)(Oc1ccccc1)Oc1ccc([N+](=O)[O-])cc1,[-1.  1. -1. -1. -1.]
Clc1ccc2c(c1)N=C(N1CCNCC1)c1ccccc1N2,[-0.999883  1.       -1.       -1.       -1.      ]
Cc1ccc([N+](=O)[O-])cc1S(=O)(=O)O,[ 1.  1. -1. -1. -1.]
CCOC(=O)C1=CN(C(=O)CC)C2CCCC(C)N2C1=O,[-0.46738237  1.         -1.          0.94312745 -1.        ]
NC(=O)Cc1cccc2ccccc12,[ 1.  1. -1.  1.  1.]
CC(C)=CCCC(C)=CC=O,[-1.          1.         -1.         -1.         -0.51155674]
Cc1oc(CN2CCNCC2)cc1C(=O)NCC12CC3CC(CC(C3)C1)C2,[-1.          1.         -1.          1.         -0.93769604]
[NH3+]C1(C(=O)[O-])CS(=O)(=O)C2C(C(=O)[O-])C21,[ 1.  1.  1. -1. -1.]
CC(NNC(=O)c1ccccc1)c1ccccc1,[-1.        -0.8413027 -1.         1.        -1.       ]
CN(C)Cc1ccccc1,[ 1.         1.        -1.        -1.        -0.6962746]
CCOC(CC)(C1=NCCCN1)c1ccccc1,[-0.972899  1.        1.        1.        1.      ]
CCC(OC(N)=O)c1ccccc1Cl,[-1.         1.        -1.        -1.        -0.9869649]
O=C(NO)C1COC(c2ccc(F)c(C(F)(F)F)c2)=N1,[-1.         1.        -1.        -1.        -0.2689781]
NC1=Nc2ccccc2Sc2cccc(F)c21,[1.       1.       0.850153 1.       1.      ]
N#Cc1cccc([N+](=O)[O-])c1C#N,[ 0.99992585  1.         -1.         -1.         -1.        ]
O=P(O)(O)C(O)(Cn1ccnc1)P(=O)(O)O,[ 1.  1.  1. -1.  1.]
O=c1[nH]ncc2ccccc12,[ 0.9998124  1.         0.6221433 -0.9854179  1.       ]
CCC(=O)N(c1ccccc1)C1(COC)CCN(CCn2nnn(CC)c2=O)CC1,[-0.99533695 -1.         -1.         -1.          1.        ]
CCCCS(=O)(=O)NC1CCCCC1,[-1.        -0.9611762 -1.         1.        -1.       ]
CC(C)C(NC(=O)[C@@H]1CCCN1C(=O)[C@@H](NC(=O)N1CCOCC1)C(C)C)C(=O)C(F)(F)C(F)(F)F,[-1.  1. -1. -1. -1.]
CC(C)(O)C(=O)c1ccccc1,[-1.          1.         -1.         -1.         -0.75015056]
CCc1nn(C)c(C(=O)NCc2ccc(C(C)(C)C)cc2)c1Cl,[ 1.  1. -1. -1.  1.]
COP(=S)(OC)Oc1ccc([N+](=O)[O-])c(C(F)(F)F)c1,[ 1. -1. -1.  1.  1.]
O=C(O)Cc1cccc2ccccc12,[-1.          1.          0.01285319 -1.          1.        ]
Nc1ccn(C2CCC(CO)O2)c(=O)n1,[ 0.9906509  1.         0.939504  -1.        -0.5917757]
Cc1cnc(C(=O)NCCc2ccc(S(=O)(=O)NC(=O)NC3CCCCC3)cc2)cn1,[ 1.  1.  1. -1.  1.]
Cc1ccccc1OCC(O)CN(N=CNC(=O)c1ccccc1)C(C)C,[ 1.         1.        -1.         1.         0.5836575]
O=C1c2cccc(S(=O)(=O)O)c2C(=O)c2cccc(S(=O)(=O)O)c21,[-0.4688217 -1.        -1.        -1.         1.       ]
NC(=O)CC[C@H](N)C(=O)O,[-0.40154737 -0.75507194 -1.         -1.          1.        ]
CNN=Nc1ccc(Cl)cc1,[-1.  1. -1. -1. -1.]
Cc1cc(C)c(C2=C(OC(=O)C(C)(C)C)c3ccccc3C2=O)c(C)c1,[-1. -1. -1.  1. -1.]
COc1cc2c(N)nc(N3CCN(C(=O)OCC(C)(C)O)CC3)nc2c(OC)c1OC,[-1.         -1.         -0.99995387 -1.         -1.        ]
CCCCC(CC)CO[Si](OCC(CC)CC)(OCC(CC)CC)OCC(CC)CCCC,[-1.         -0.06819464 -1.          1.         -1.        ]
NS(=O)(=O)c1cc(C(=O)O)c(NCc2ccco2)cc1Cl,[-1.  1. -1.  1. -1.]
CCC=CCC=CCC=CCC=CCC=CCC=CCCC(=O)O,[ 1.          1.          0.47613466 -1.          1.        ]
CCCCCCc1ccc(C(CBr)OCC(CC)CCCC)cc1,[-1.          1.          1.         -1.         -0.23529248]
C[C@@H]1NC(=O)[C@H](C)NC(=O)[C@@H](C)N(C)C(=O)[C@H](C)NC(=O)[C@@H](C)N(C)C(=O)[C@@H](C)NC1=O,[-1.        -1.        -1.        -1.        -0.9992035]
C[C@@H](O)[C@H]1C(=O)N2C(C(=O)O)=C(S[C@@H]3CN[C@H](C(=O)N(C)C)C3)[C@H](C)[C@H]12,[ 0.9998889 -1.         1.         1.         1.       ]
CCCC=C1OC(=O)c2ccccc21,[-0.9931352  1.        -1.         1.        -1.       ]
NC(=O)c1cc([N+](=O)[O-])cc([N+](=O)[O-])c1,[ 1.          1.         -1.          0.14080848  0.4014396 ]
COc1ccc(Cc2c(N)n[nH]c2N)cc1,[-0.828121    1.         -1.         -0.80140543 -0.8208433 ]
O=S(=O)(Cl)c1ccccc1,[ 1.         1.        -0.3413045 -1.        -0.0857594]
CC1=C(CO)C2=C(C)C3(CC3)[C@@](C)(O)C(=O)C2=C1,[-1.  1. -1.  1. -1.]
COc1ccc(OC)c(CNC(=O)c2cccnc2Oc2ccccc2)c1,[-1.  1.  1. -1. -1.]
c1ccc(Nc2ccc(NC3CCCCC3)cc2)cc1,[ 1.          1.          1.          1.         -0.98314214]
CN(C)C1C(O)=C(C(N)=O)C(=O)C2(O)C(O)=C3C(=O)c4c(O)cccc4C(C)(O)C3C(O)C12,[0.9724133  1.         0.51190335 1.         0.6830505 ]
Cc1cnc(Nc2ccc(N3CCN(C)CC3)cc2)nc1Nc1cccc(S(=O)(=O)NC(C)(C)C)c1,[ 1.       1.      -1.      -1.      -0.97333]
O=C1NC(=O)/C(=C/c2cccc(Cl)c2N2CCNCC2)S1,[-1.  1. -1. -1.  1.]
CC(=O)NCCO,[ 1.         -0.19426693 -1.         -1.          0.98520815]
COCCc1ccc(OCC(O)C[NH2+]C(C)C)cc1,[-1.  1. -1. -1. -1.]
CCc1nc2c(N)nc3ccccc3c2n1CC(C)C,[-0.13534522 -0.17413099  0.43553746  1.         -1.        ]
Cc1ccc(S(=O)(=O)Nc2c(C(=O)N[C@@H](C)C(C)(C)C)c(C)nn2C2CCSCC2)cc1,[-1.         1.        -0.9399988 -0.8231628 -1.       ]
FC(F)(F)Oc1ccc(-c2nnc(CCCCc3ccc4cccnc4n3)o2)cc1Cl,[-1.          0.9327756   0.44092202 -1.         -0.50499356]
O=C=Nc1cccc(Cl)c1,[ 0.05594227 -1.         -1.         -1.         -0.42746177]
CN(c1ccc(Cl)cc1)S(=O)(=O)c1ccc(Cl)cc1,[ 0.95544857 -0.01535139  1.         -1.         -1.        ]
C=CCCCCC=C,[-1.  1. -1. -1. -1.]
CC(=O)OCCSCCOC(C)=O,[-0.7875591  1.         1.         1.        -0.9251766]
CC#Cc1ccnc(-c2cc(C3(C4CC4)N=C(C)C(N)=N3)ccc2O)c1,[-0.59434134  0.6669296   1.         -1.         -1.        ]
O=CC1C(=O)N(c2ccccc2)N=C1c1ccccc1,[-1.          0.98887706 -1.         -1.         -0.84081113]
CCOP(=S)(OCC)SCn1nc(-c2ccccc2)ccc1=O,[-0.2841965  -0.19653556 -1.         -1.         -1.        ]
CN[C@@H](C)C(=O)N[C@H](C(=O)N[C@H]1CCCN(CCc2ccccc2F)C1)C1CCCCC1,[-1.  1. -1. -1. -1.]
Nc1ccc(N=Nc2ccc(S(=O)(=O)O)cc2)cc1S(=O)(=O)O,[ 0.9354531  1.        -0.845131  -1.        -1.       ]
CCC(CC)NC(=O)c1c(C)nn(C(C)C)c1NS(=O)(=O)c1ccc(C)cc1,[-0.7228264  1.        -1.        -1.        -1.       ]
O=c1[nH]c(=O)n(CC2CC2)c2nc[nH]c12,[ 0.1337238 -1.        -1.        -1.        -1.       ]
CCC=CCC=O,[-1.       -1.       -1.        1.       -0.667218]
CC(C)(C)c1nn2ccccc2c1Cc1ccc(C(=O)N[C@@H]2CCOC[C@@H]2C(=O)NO)cc1,[ 0.6705949  1.        -1.        -1.        -1.       ]
O=C(CI)NC(=O)CI,[-0.77771264  1.          1.         -1.          1.        ]
CC(C=O)Cc1ccc(C(C)C)cc1,[-1.  1.  1.  1.  1.]
CCCCN(CCC#N)CCCC,[ 1.          1.         -1.         -1.         -0.41252333]
CNC(=O)C(c1ccc2nc(N)n(C3CCCC3)c2c1)c1ccccc1F,[-0.94976217  1.         -1.         -1.          1.        ]
CCCCCCCCCCN,[-0.5880471  1.        -1.        -1.        -1.       ]
COC(=NC#N)OC,[ 0.9981773  1.        -1.        -1.        -1.       ]
O=C(CCCN1CCC(O)(c2ccc(Br)cc2)CC1)c1ccc(F)cc1,[ 1.  1. -1. -1.  1.]
CNC(=O)OC1C2(C)CCC(C2)C1(C)C,[ 1.          0.9599977  -0.92662686 -1.         -1.        ]
CC(C)(C)S(=O)(=O)N[C@H]1CC[C@H](C(=O)Nc2ccc(C(F)(F)F)cn2)CC1,[ 1.          1.          0.45481133  0.9752855  -0.8515812 ]
CCCCNC(=O)c1ccc(Oc2ccc(CC(=O)O)cc2OC)c(NS(=O)(=O)c2ccc(Cl)cc2Cl)c1,[-1.         1.        -1.         0.9999481 -1.       ]
C=CCOC=C,[-0.89693415  1.         -1.         -1.         -1.        ]
COC(=O)C1=C(C#N)NC(C)=C(C(=O)OC(C)C)C1c1cccc([N+](=O)[O-])c1,[-1.         1.        -0.8706913 -1.         1.       ]
OCC(O)CCl,[ 1.         0.9852268 -1.        -1.         1.       ]
CCOC(=O)[C@H](CCc1ccccc1)N[C@@H](C)C(=O)N1Cc2ccccc2C[C@H]1C(=O)O,[-1.          1.         -1.         -1.          0.52564836]
CNC(=O)Nc1c(OCCN2CCCC2)c(OC)c2occc2c1OC,[ 0.92824894  1.         -0.9942745  -0.88381153 -1.        ]
CC(C)NC[C@@H](O)COc1ccc(CCOCC2CC2)cc1,[-0.8056926  1.        -1.         1.        -1.       ]
CC(C)n1c(/C=C/C(O)CC(O)CC(=O)[O-])c(-c2ccc(F)cc2)c2ccccc21,[ 0.8619516 -1.        -1.        -1.         1.       ]
O=C1OCC(CCl)O1,[ 0.8964988  1.        -1.        -1.         1.       ]
NS(=O)(=O)c1cc2c(cc1Cl)NC(CC1CCCC1)NS2(=O)=O,[ 0.99997586  1.         -1.          0.37884453 -1.        ]
COc1ccc(C(Oc2ccccc2)C2=NCCCN2)cc1F,[-1. -1. -1.  1. -1.]
CCOP(=S)(OCC)SCC,[-0.8956487  1.        -1.        -1.         0.9581956]
CNC(=O)c1sc(-c2cc(OC)c(OC)c(OC)c2)nc1C,[-1.  1.  1.  1. -1.]
COC(=O)N[C@@H](C)C#Cc1cnc(Oc2ccc(OC(C)C)cc2)s1,[ 1. -1. -1. -1. -1.]
CC(C)OCC1CO1,[-1.         1.        -1.         1.        -0.9292637]
CC(C)(C)c1cc(Cl)cc(Sc2cc(Cl)cc(C(C)(C)C)c2O)c1O,[ 1. -1.  1. -1. -1.]
CN1c2ccccc2Sc2ccc(CC(=O)O)cc21,[ 1.         -0.45915762 -1.          1.         -0.4333478 ]
CN1C(=O)CC[C@H]1c1cccnc1,[-0.9390574  -1.         -1.         -0.81547314 -1.        ]
C[C@H]1C(=O)N(C)[C@H](C)C(=O)N(C)[C@H](C)C(=O)N(C)[C@@H](C)C(=O)N[C@H](C)C(=O)N(C)[C@@H](C)C(=O)N1C,[-0.8435282  -0.25340647  1.         -1.          1.        ]
CC(C(=O)O)c1ccc(-c2ccccc2)c(F)c1,[-0.7263472   1.         -1.          0.83157635  0.2566237 ]
CCC(C)c1ccc(O)cc1,[ 1.         1.        -1.        -1.        -0.9993512]
Nc1cc(Cl)c(N)cc1Cl,[-0.8230197  -0.39766318 -1.         -1.         -0.7699564 ]
COCCNC(=O)CSP(=S)(OC)OC,[-0.99147016 -1.          1.          1.          1.        ]
CCOc1ccc(F)cc1C(CN(C)C)C(C)CC,[-0.44240904 -0.9425454   1.          1.          0.59419954]
COc1cc(OC)c(S(=O)(=O)N(c2ccc(C)cc2)c2ccc(C)cc2)cc1NC(=O)CCC(=O)O,[-0.8129298  1.        -1.        -1.        -1.       ]
COC(=O)C=C(C)N,[-1.         1.        -1.         1.        -0.9970798]
CC(C)CNC(=O)[C@H](C)NC[C@H](Cc1ccccc1)NC(=O)c1cc(C(=O)N[C@H](C)c2ccc(F)cc2)cc(N(C)S(C)(=O)=O)c1,[-0.9842906   1.         -1.          1.         -0.18408974]
CC1OC(OC2C(O)CC(OC3C(O)CC(OC4CCC5(C)C(CCC6C5CC(O)C5(C)C(C7=CC(=O)OC7)CCC65O)C4)OC3C)OC2C)CC(O)C1O,[-1.  1. -1. -1. -1.]
CC(=O)N[C@@H](Cc1ccccc1)C(=O)N[C@H](Cc1ccccc1)C(N)=O,[-0.95776016  1.         -1.         -1.          0.36719915]
Oc1nc(-c2ccc(C(F)(F)F)cc2)nc2c1CSCC2,[-1.         1.         0.7534205  1.         1.       ]
Cc1ncsc1C(=O)N(Cc1cc(=O)[nH]c2c(F)cccc12)c1cccc(Cl)c1,[-1.         -0.13606556 -1.         -1.          1.        ]
Cc1ccc(N)cc1,[ 1.  1. -1. -1. -1.]
CN1C(=O)CN=C(c2ccccc2F)c2c1ccc(NC(=O)N1CCOCC1)c2Cl,[ 1.  1.  1. -1. -1.]
C[C@]12CC[C@H]3[C@@H](C=CC4=CC(=O)CC[C@@]43C)[C@@H]1CC[C@@]21CCC(=O)O1,[-1.         -0.44658276 -1.         -1.          1.        ]
CC(C)=CC1C(C(=O)OCc2ccc(C)cc2C)C1(C)C,[-1.         -0.15470885 -1.         -1.         -0.5797896 ]
O=C([O-])C1CC(C2CCCCC2)CN1C(=O)CP(=O)([O-])CCCCc1ccccc1,[-1.         -1.         -1.          1.         -0.86642116]
CC1CCC2C(C)C(=O)OC3OC4(C)CCC1C32OO4,[ 1.  1.  1.  1. -1.]
COC(=O)C1=CO[C@@H](C)[C@H]2CN3CCc4c([nH]c5ccccc45)[C@@H]3C[C@@H]12,[-0.7229723  1.        -1.        -1.        -1.       ]
CCCN(CCC)c1c([N+](=O)[O-])cc(S(N)(=O)=O)cc1[N+](=O)[O-],[ 1.  1. -1. -1.  1.]
CCCCCCC(=O)NO,[ 1.         1.         0.9975182 -1.        -0.4218333]
NCc1cccc(-n2nc(C(F)(F)F)cc2C(=O)Nc2ccc(-c3ccccc3S(N)(=O)=O)cc2F)c1,[-0.9797426  1.         1.        -1.         1.       ]
CNC(=N)NC(=O)Nc1c(C)cccc1C,[-0.964578    1.         -0.08016087 -1.         -1.        ]
CCN1CCCc2ccccc21,[-0.7060045 -1.        -1.        -1.        -1.       ]
CC(C(=O)[O-])c1ccc(C(=O)c2cccs2)cc1,[-1.  1. -1. -1.  1.]
CN1C(=O)CC(N2CCCN(CCCN3c4ccccc4CCc4ccc(CC(=O)O)cc43)CC2)N(C)C1=O,[ 1.          1.         -1.         -0.99794143 -1.        ]
NS(=O)(=O)c1ccc(NC(=O)c2cc(=O)c3ccccc3o2)cc1,[-0.771291  1.       -1.       -1.       -1.      ]
C[NH+]1CCN(C(=O)OC2c3nccnc3C(=O)N2c2ccc(Cl)cn2)CC1,[-0.98110193  1.         -1.          0.90611976  0.1843407 ]
CNC(=O)Oc1cccc2c1OC(C)(C)C2,[ 0.60600543 -0.45721334 -1.         -1.         -0.9005055 ]
FC(F)(F)c1cccc(OCC2CNC(=S)O2)c1,[-1.          1.         -0.02002246 -1.         -0.8061684 ]
O=C1OC(C(O)CO)C(O)=C1O,[ 1.          1.          1.         -1.          0.97039413]
CCC(C)(C)OO,[ 0.95101005  1.         -1.         -1.         -0.7502565 ]
ClC(Cl)Br,[-0.97957426  1.         -1.         -1.          1.        ]
Cc1ccc2c(-c3cccc(O)c3)nc(=O)n(C(C)C)c2c1,[ 1.          1.         -1.         -1.         -0.30251947]
C#Cc1cccc(Nc2ncnc3cc(OCCOC)c(OCCOC)cc23)c1,[-1.          1.          0.95077604 -1.         -1.        ]
CN(C)N=Nc1ccc(Br)cc1,[-0.6871287  0.7328125 -1.        -1.        -1.       ]
COc1cc(NC(C)CCC[NH3+])c2ncccc2c1,[-0.15946755  1.         -1.         -1.          1.        ]
CON(C)C(=O)Nc1ccc(Cl)c(Cl)c1,[ 0.8795311  1.        -1.        -1.         1.       ]
O=C1OC(C(O)CO)C([O-])=C1O,[ 1.  1. -1. -1.  1.]
ClCC1C(CCl)C2(Cl)C(Cl)=C(Cl)C1(Cl)C2(Cl)Cl,[-0.7125152 -1.        -1.        -1.        -1.       ]
CN1C(=O)CC(N2CCN(CCCN3c4ccccc4COc4ccc(C(=O)O)cc43)CC2)N(C)C1=O,[-1.          1.          0.20051256  1.         -1.        ]
COP(=S)(OC)OC(=CCl)c1ccc(Cl)cc1Cl,[ 1.  1. -1. -1. -1.]
O=C(O)c1ccc2ccccc2c1,[ 1.  1. -1.  1. -1.]
CCOC(=S)C=Cc1ccc(N(C)C)cc1,[-0.7526747   0.4634197  -0.95670474 -0.9926683  -0.17756723]
Cc1ccccc1C(C)c1ccccc1,[ 0.34504068  1.         -1.         -0.96079135  0.80234313]
NCc1cc(=O)[nH]o1,[-1.          1.         -1.         -1.          0.28846562]
CCOP(=S)(OCC)Oc1cc(C)[nH]n1,[-1.         1.        -1.        -1.        -0.9140184]
Nc1cc2c(S(=O)(=O)O)cc(S(=O)(=O)O)cc2cc1S(=O)(=O)O,[-0.8903437  1.        -1.        -1.        -1.       ]
COP1(=S)OCc2ccccc2O1,[ 1.        -1.        -1.        -1.         0.8498529]
O=[N+]([O-])c1cc2c(ccc3ccccc32)o1,[-1.        -1.        -1.         1.         0.9401823]
CC(Oc1ccccc1C1CCCCC1)C(=N)NO,[-1.  1. -1. -1.  1.]
COc1cc2c3c(c4ccc(OC)c(OC)c4c2cc1OC)CN1CCCC1C3,[ 1. -1. -1.  1. -1.]
Cc1ccc(S(=O)(=O)N(C)c2ccc3sc(C)nc3c2)cc1,[-0.63622123  1.         -1.          1.         -1.        ]
CCCCC(CC)COC(=O)CCCCCCCC(=O)OCC(CC)CCCC,[-1.         -0.13042203 -1.         -1.          1.        ]
O=NN1CCN(N=O)CC1,[ 0.9989384   1.         -1.         -0.9990078  -0.98771816]
NC(=O)c1cnc(N[C@H]2CCCNC2)c2cc(Br)sc12,[-1.         1.        -1.        -1.        -0.9540865]
CCOP(=S)(OCC)ON=C(C#N)c1ccccc1,[-1.  1.  1.  1. -1.]
C1=Cc2ccccc2CC1,[ 1. -1. -1. -1.  1.]
CCCC=CC(OC)OC,[-0.7809535   1.         -1.         -1.          0.71780294]
CCCP(=O)(O)OCC,[ 1.         1.        -0.7456312 -1.        -0.9999319]
CCOP(=O)(OCC)Oc1ccc([N+](=O)[O-])c(Cl)c1,[ 1.  1. -1.  1. -1.]
CN(C)CCCN1c2ccccc2CCc2ccccc21,[ 0.27740988  1.         -1.         -1.          0.8446841 ]
CC=CC=O,[-0.9802376  1.        -1.        -1.        -1.       ]
Nc1ccc(-c2nc3cc(N)ccc3[nH]2)cc1,[-0.9718287  1.        -1.        -1.        -1.       ]
COC(=O)c1ccccc1C(=O)OC,[-1.         -0.75835943 -1.          1.         -1.        ]
O=C1OCCC1N(C(=O)C1CC1)c1cccc(Cl)c1,[ 1.         -0.5888241  -1.         -1.         -0.33002523]
Nc1nc[nH]n1,[-1.         0.861312  -1.        -1.         0.6249638]
O=C(Cl)C=CC(=O)Cl,[-1.        -1.        -1.         1.         0.4674361]
OCCN(CCO)c1ccccc1,[-1.        -1.        -1.        -0.9834057 -1.       ]
C=C(c1ccccc1)C1OCC(N)CO1,[-1.  1. -1. -1. -1.]
CNC(=O)c1cc(Oc2ccc3c(c2)nc(Nc2ccc(C(F)(F)F)cc2)n3C)ccn1,[-1.         1.         1.        -1.        -0.5597125]
CN1CCCC1=O,[ 1.         -1.         -1.         -1.          0.72742087]
Cc1nnc(-c2ccc(N3CCC(Oc4cc(F)ccc4Cl)CC3)nn2)o1,[ 1.  1. -1. -1. -1.]
Cc1cccc(C)c1NC(=O)CN1CCCC1=O,[ 0.16650347  1.         -1.          1.          0.83952224]
N#CCCNC(=O)CCl,[ 0.61915606  1.         -1.          1.         -1.        ]
CC(CCc1ccccc1)[NH2+]CC(O)c1ccc(O)c(C(N)=O)c1,[-1.         -0.02586296  1.          1.         -0.85838366]
CCOC=O,[-1.  1. -1.  1.  1.]
COC(C)OC,[ 1.          1.          1.         -0.82264376  1.        ]
O=C(SC(=O)c1ccccc1)c1ccccc1,[ 1.          0.99994636 -1.          1.          0.49867514]
O=C(c1ccccc1)c1ccc2n1CCC2C(=O)O,[-0.97164494 -0.33590364 -0.9653217  -1.         -1.        ]
CC(C)Oc1cc(-n2cnc3ccc(N[C@@H](CO)c4ccc(F)cn4)nc32)n[nH]1,[ 0.99992335 -0.47584096 -1.         -1.         -0.45634216]
C=CC1(C)CC(=O)C2(O)C(C)(O1)C(OC(C)=O)C(O)C1C(C)(C)CCC(O)C12C,[-1.         0.2763526 -1.         1.        -0.6949544]
CC=CC=CC(=O)OCC1CO1,[-0.5479614  1.         1.        -1.        -0.7898904]
NCCNCCO,[ 1.  1. -1. -1.  1.]
O=C(c1cc(O)c(O)c(O)c1)c1ccc(O)c(O)c1O,[-0.9844999  1.        -0.9870528 -1.         1.       ]
CNC(=O)Oc1ccccc1OC(C)C,[-0.92770666  1.         -1.          1.          1.        ]
Cc1cn([C@H]2C[C@H]([N-][NH+]=N)[C@@H](CO)O2)c(=O)[nH]c1=O,[-0.79929405  1.         -1.         -1.          1.        ]
Nc1nc(O)c2ncn(COC(CO)CO)c2n1,[ 1.  1. -1. -1.  1.]
CCC(=O)c1ccc2c(c1)N(CCCN(C)C)c1ccccc1S2,[ 1.          1.          1.         -1.         -0.02696162]
CC(=O)OCC1CC2OC2CC1C,[ 0.9980814  1.        -1.        -1.         1.       ]
O=C(Nc1ccncc1)c1cccc2ccccc12,[ 1.         -1.         -1.         -1.         -0.99749047]
COc1c(OP(=S)(OCC(C)C)OC(C)C)cnn(C)c1=O,[-0.95790565  1.         -1.         -1.          0.14108819]
CCC(C)(C)C1CCC(C2=C(O)C(=O)c3ccccc3C2=O)CC1,[ 0.2891546   0.9977281   0.90484816  1.         -1.        ]
CCC1(c2ccccc2)CCC(=O)NC1=O,[ 1.         1.        -1.        -1.         0.7580721]
C=C(C)c1ccccc1,[-1.         1.         0.5716468 -1.        -0.7626948]
CN[C@@H]1[C@H](O[C@H]2[C@H](O[C@@H]3[C@@H](N=C(N)N)[C@H](O)[C@@H](N=C(N)N)[C@H](O)[C@H]3O)O[C@@H](C)[C@]2(O)C=O)O[C@@H](CO)[C@H](O)[C@H]1O,[-1.         -1.         -1.         -1.         -0.99057674]
COCCNC(=O)c1ccc(Nc2ncc3cc(-c4ccncc4OC)ccc3n2)cc1,[ 0.61684924  1.         -1.         -1.          0.46035975]
COc1ccc(Cl)cc1C(=O)NCCc1ccc(S(=O)(=O)NC(=O)NC2CCCCC2)cc1,[-1.         1.        -1.        -1.        -0.9909019]
FC(F)(F)C(Cl)(Cl)C(F)(F)Cl,[ 1.          1.          0.7597145  -1.         -0.15236723]
O=C(O)Cc1ccc2c(c1)OCc1ccccc1C2=O,[-0.88577914  1.         -1.         -1.         -1.        ]
C=COCC(C)C,[-0.861777  1.       -1.       -1.       -1.      ]
COC12CCC3(CC1C(C)(O)C(C)(C)C)C1Cc4ccc(O)c5c4C3(CC[NH+]1CC1CC1)C2O5,[ 0.99974203 -1.          1.         -1.          0.9910162 ]
CCCCN=C=O,[-0.49889937  1.         -1.         -1.         -0.81249034]
CCN(CC)CC#N,[-1.  1. -1. -1. -1.]
CNC(N)=S,[-1.         -1.          0.95606333 -1.         -1.        ]
CNC(=O)ON=C1SCC(=O)NC1C,[ 0.65412    1.        -1.        -1.         0.9740603]
CC(C)(OOC(C)(C)c1ccccc1)c1ccccc1,[-1.  1. -1.  1.  1.]
COc1cc2nnc(C(N)=O)c(Nc3cc(C)ccc3F)c2cc1OC,[ 1.        -1.        -0.9829422 -1.        -0.7114959]
CCCOP(=O)(CC)SC,[-0.7809524  1.        -1.        -1.         0.6075511]
COCCNc1nc(N)c2nc(O)n(Cc3ccccc3)c2n1,[-1.  1. -1. -1. -1.]
C[C@@H]1NC(=O)[C@@H](C)N(C)C(=O)[C@H](C)NC(=O)[C@@H](C)N(C)C(=O)[C@@H](C)N(C)C(=O)[C@H](C)N(C)C1=O,[-0.5884105 -1.        -1.        -1.        -1.       ]
CCOP(=S)(OCC)SCSC(=S)N(C)C,[ 0.9518189   1.         -1.         -1.         -0.07696053]
CCOC(=O)C1CCCN1N=O,[-0.6838147   0.96731687 -1.         -1.         -1.        ]
CC(C)CCON=O,[-1.          1.         -1.         -1.         -0.80622834]
CCOP(C)(=S)Oc1ccc2ncccc2c1,[ 1.         -1.         -1.          0.9797847   0.36685148]
Clc1ccc(OCOc2ccc(Cl)cc2)cc1,[-0.97902936 -1.         -1.         -1.          0.4944699 ]
CC(=O)OCC1=C(C(=O)[O-])N2C(=O)C(NC(=O)CSc3ccncc3)C2SC1,[-0.97436756  0.38252884  1.         -1.          1.        ]
C[C@@H](C(=O)NCCN1CCCC1)c1ccc(OS(=O)(=O)C(F)(F)F)cc1,[-1.  1. -1. -1.  1.]
O=S(=O)(c1ccc(O)cc1)c1ccc(O)cc1,[-1.  1. -1. -1. -1.]
COc1cc(CC2c3c(cc(OC)c(OC)c3OC)CC[N+]2(C)CCCOC(=O)CCC(=O)OCCC[N+]2(C)CCc3cc(OC)c(OC)c(OC)c3C2Cc2cc(OC)c(OC)c(OC)c2)cc(OC)c1OC,[-1.         -1.          0.81360906  0.61915475 -0.9288586 ]
Cc1c(Cl)cc2[nH]c(C(F)(F)F)nc2c1[N+](=O)[O-],[-1.  1. -1. -1. -1.]
CCCCc1c(OC(=O)C23CC4CC(CC(C4)C2)C3)n(-c2ccccc2)n(-c2ccccc2)c1=O,[ 0.99989474 -1.         -1.         -1.         -0.52005905]
C=C(Cl)C(Cl)=C(Cl)Cl,[ 1. -1. -1. -1.  1.]
CC1OC(OC2C(CO)OC(OC3C(CO)OC(O)C(O)C3O)C(O)C2O)C(O)C(O)C1NC1C=C(CO)C(O)C(O)C1O,[ 0.26446086  1.         -1.          1.         -0.689982  ]
CCCCC(C)(C)CO,[-0.86066604  1.         -1.          1.         -1.        ]
CCCCCNC(=O)c1coc([C@@H]2[C@H]3CC[C@H](O3)[C@@H]2Cc2ccccc2CCC(=O)O)n1,[-1.  1. -1.  1. -1.]
OCCCCCO,[ 1.          0.66537774 -1.          1.          1.        ]
CNC(=S)N(C)C,[-1.  1.  1. -1.  1.]
CCCCCCC(O)C1C2=C(CC(C(O)C3CC=CC(=O)O3)CC3=C(C(=O)OC3=O)C1O)C(=O)OC2=O,[-0.7647075  -0.14686698  0.22311506 -1.          1.        ]
C[NH2+]CCC(Oc1ccccc1C)c1ccccc1,[-1. -1. -1.  1. -1.]
NC(=O)c1cnc(N[C@H]2CCCNC2)c2cc(-c3ccc(F)cc3F)sc12,[-1.  1. -1. -1.  1.]
O=[N+]([O-])c1ccc(Oc2ccc(C(F)(F)F)cc2Cl)cc1,[-0.63876945 -1.         -1.         -1.          0.72681206]
CC1C[NH2+]C(C2CC2)C(=O)N(C)C(C)C(=O)NC(Cc2ccc(F)cc2)C(=O)NCCCc2ccccc2O1,[-1.         1.        -1.        -1.        -0.9996389]
CC(C)[C@H](NC(=O)CCN(C)C)c1cc(Cl)ccc1N1CCN(C(=O)[C@H](C)Cc2ccc(Cl)cc2)CC1,[-0.89211756  1.         -0.21397589 -1.         -1.        ]
O=C(O)c1cn(C2CC2)c2cc(Cl)c(F)cc2c1=O,[-0.9024654  0.9933706  1.        -1.         1.       ]
Fc1ccc(Br)cc1,[-1.  1. -1.  1. -1.]
O=S(=O)(CCCOCCc1ccccc1)CCNCCc1ccc(O)c2nc(O)sc12,[-1.          0.10080802 -1.         -1.          1.        ]
CC1Cc2c(Cl)cc(C(=O)NC(Cc3ccccc3)C(=O)O)c(O)c2C(=O)O1,[-0.5489399   1.         -1.         -1.         -0.48770654]
ClCBr,[-1.         -1.          0.87050974 -1.         -1.        ]
CCCCC(CC)COCCC(=O)O,[-1.          1.          0.96777123  1.         -0.17773339]
CN(C)CCNN,[ 1.  1. -1. -1.  1.]
Cc1c(COC(=O)C2C(C=C(Cl)C(F)(F)F)C2(C)C)cccc1-c1ccccc1,[ 0.99360824  1.         -1.         -0.5226451  -1.        ]
CCC(C(O)c1ccc2[nH]c(=O)ccc2c1)N1CCN(c2cccc(Cl)c2)CC1,[ 1.         -0.39090064 -1.          0.8503322  -1.        ]
Cc1ccc(Nc2ccc(Nc3ccc(C)cc3)c3c2C(=O)c2ccccc2C3=O)cc1,[-1. -1. -1. -1.  1.]
C[C@@H]1NC(=O)[C@H](C)NC(=O)[C@@H](C)N(C)C(=O)[C@H](C)N(C)C(=O)[C@@H](C)N(C)C(=O)[C@@H](C)NC1=O,[-0.9744318  1.        -1.        -1.         1.       ]
Nc1nc2nc(-c3cccs3)cc(C(F)(F)F)n2n1,[-1.  1. -1. -1. -1.]
CCOc1cccc(NC(=O)OCCN2CCCC2)c1,[-1.          1.         -1.         -0.92032725  0.56055444]
Cc1ccc(NC(=O)c2ccc(CN3CC[NH+](C)CC3)cc2)cc1Nc1nccc(-c2cccnc2)n1,[ 1.          0.99983835 -1.         -1.          0.83470917]
OCC[Si](CCO)(CCO)CCO,[ 0.94936645  1.          0.21486616 -1.          0.81868804]
CN(C)CCC=C1c2ccccc2CCc2sccc21,[-1.          1.         -1.         -1.         -0.06936717]
CC(=O)Nc1ccc(C2=NNC(=O)CC2C)cc1,[1. 1. 1. 1. 1.]
C[C@@H](O)[C@@H]1NC(=O)[C@H](CCCCN)NC(=O)[C@@H](Cc2c[nH]c3ccccc23)N(C)C(=O)[C@H](Cc2ccccc2)NC(=O)[C@@H]2CCCN2C(=O)[C@H](Cc2ccccc2)NC1=O,[ 1.          0.99005055 -0.5261677  -1.          1.        ]
CCOP(=S)(CCl)Oc1ccc([N+](=O)[O-])cc1,[0.9040745  1.         1.         0.93831295 1.        ]
c1cc(-c2ccncc2)ccn1,[ 1.         1.         0.9118091 -0.8582177 -0.8976209]
CCCc1nc2c(C)cc(-c3nc4ccccc4n3C)cc2n1Cc1ccc(-c2ccccc2C(=O)O)cc1,[-1. -1. -1. -1.  1.]
CC(=O)OCC=C(C)C,[ 1.         1.        -1.        -1.         0.6648129]
CCCOCCOC(C)=O,[-1.         -1.         -0.77372617 -1.         -1.        ]
Ic1ccccc1,[ 1.         1.        -1.        -1.         0.9974534]
CCCCc1c(OC(=O)c2ccccc2)n(-c2ccccc2)n(-c2ccccc2)c1=O,[-1. -1. -1. -1. -1.]
c1cc2c(cc1C1CO1)O2,[-0.37232062  1.         -1.          0.60601526  0.17637934]
CCN(C(=O)NCc1ccc(S(C)(=O)=O)cc1)C1CCN(CCC(c2ccccc2)c2ccccc2)CC1,[-0.7174183  -0.03463743 -1.         -1.          1.        ]
CN(C)S(=O)(=O)NC(=O)CCCc1c(-c2ccc(F)cc2)[nH]c2ccc(C#N)cc12,[-1.         1.        -1.        -1.        -0.6533404]
CCOc1ccccc1N1CCN(CCC=Cc2ccc3c(c2)CCC(=O)N3)CC1,[-1.          1.         -1.          1.          0.98726153]
CCCCC(C#N)(Cn1ccnc1)c1ccccc1,[ 0.99983126  1.          0.2125757  -1.          1.        ]
CSCCC(O)C(=O)O,[-1.         1.        -0.9909476 -1.         0.5372976]
O=C1CCC(C(=O)NC2CC2c2ccccc2)N1,[-0.7136411   1.         -1.         -1.          0.08628518]
CN(C(=O)c1cc(C(F)(F)F)cc(C(F)(F)F)c1)c1nc(C(F)(F)F)c(Cl)s1,[1.        1.        1.        1.        0.8465343]
CC(C)CC(=O)CC1(C)CCC(c2ccoc2)O1,[-1.       -1.        0.539026  1.        1.      ]
Cc1c(N)cccc1Cl,[ 0.92013633  1.         -1.         -1.          1.        ]
CN(C)CCN,[-1. -1. -1.  1. -1.]
O=S1(=O)CC(Cl)C(Cl)C1,[-1.  1. -1. -1. -1.]
c1cc(OCC2CO2)cc(OCC2CO2)c1,[-1.          1.         -1.         -0.74273396 -0.23821424]
N/N=c1/cc2c(n[nH]1)CCN(C(=O)c1ccccc1)C2,[ 1.          0.97363514  0.9538638  -1.          1.        ]
NCCO,[ 0.9611481  -0.03484154 -1.         -1.         -0.7775957 ]
COCCC(C)n1nc(C)c(C(=O)N[C@@H](C)C(C)(C)C)c1NS(=O)(=O)c1ccc(C)cc1,[ 0.9650673  -0.96072763  1.         -1.         -0.4702318 ]
N#CCCCCCCC#N,[-1.          1.          0.93520296 -1.         -1.        ]
N#CCOc1ccccc1-c1ccc(-c2nc3ccncc3c(O)c2C#N)cc1,[ 0.949693   -1.          0.9437025  -1.         -0.68309766]
CN1CCN2c3ccccc3Cc3ccccc3C2C1,[ 1.         1.         0.8303593 -1.        -1.       ]
ClCCSCCCl,[ 1.         -1.          1.         -1.         -0.64681166]
OCC1CC2CCC1C2,[-1.          1.         -1.         -0.99866337 -0.9976156 ]
Cc1ccc(N)cc1C,[-1.        -0.9760389 -1.         0.9834895 -1.       ]
CO[SiH](C)OC,[ 1.  1.  1. -1.  1.]
Cc1cnc(Nc2cc(N3CCOCC3)nc(N[C@@H](C)c3ccc(F)cn3)n2)s1,[ 1.          1.          0.67312634 -0.4647657  -1.        ]
Cc1nc(N)nc(N2N=CCC2C)n1,[ 0.01366478  1.         -1.         -1.          0.11522478]
CC(O)c1ccccc1,[-1.          1.         -1.         -0.86139065  1.        ]
CCC1CCC2CN(N=Cc3c4c(O)c5c(O)c(C)c6c(c5c3O)C(=O)C(C)(OC=CC(OC)C(C)C(OC(C)=O)C(C)C(O)C(C)C(O)C(C)C=CC=C(C)C(=O)N4)O6)CCN2C1,[-1.  1.  1. -1. -1.]
NC(=O)C(O)(c1ccccc1)c1ccccc1,[ 1.          1.         -1.          0.55397207 -1.        ]
CCN(CC)N=Nc1ccccc1,[-1.        1.       -1.        0.990357 -1.      ]
NCCCC[C@H](N[C@@H](CCc1ccccc1)C(=O)O)C(=O)N1CCC[C@@H]1C(=O)O,[ 0.17337851  1.          1.          1.         -1.        ]
COc1cccc2c1c([N-]S(=O)(=O)c1ccc(Cl)s1)nn2Cc1cccc(CNC(=O)C(C)(C)O)c1,[ 0.9232077  -1.         -1.         -1.         -0.93305725]
NC(=O)c1c(OC2CCN(C[C@H](O)CNC(=O)c3c[nH]c(=O)c4ccccc34)CC2)ccc(Cl)c1Cl,[-1.         1.         0.8696721 -1.         1.       ]
CCCCCC=CCC=CCCCCCCCC(=O)N(CCO)CCO,[-0.6523669  1.        -1.         0.9134598  0.9111536]
CCOP(=S)(OCC)Oc1cc(C)nc(C(C)C)n1,[-1.          0.98619676 -1.          0.98524666  1.        ]
CCOP(=S)(Oc1cnn(C)c(=O)c1)OC(C)C,[-0.72253114  1.         -1.         -1.          0.44418347]
C=CC1(C)CC(OC(=O)CSCCN(CC)CC)C2(C)C(C)CCC3(CCC(=O)C32)C(C)C1O,[ 0.39297783 -0.40090266 -1.         -1.          0.3398761 ]
OC1(c2ccccc2)c2ccccc2C2=NCCN21,[-1.        -0.9137283 -1.         1.         1.       ]
CCSC(SCC)=C(C#N)C#N,[-0.8045193  1.        -1.        -1.         1.       ]
CCNC(=S)NCC,[-1.  1.  1. -1. -1.]
COP(=S)(OC)OC1CC(C)CCC1C(C)C,[ 1.        -0.9379812  1.        -1.        -1.       ]
CCOC(=O)C=C(C)C,[ 0.99854183 -1.         -0.88799924  1.          1.        ]
O=C(O)Cc1ccccc1Nc1c(Cl)cccc1Cl,[ 1.  1. -1. -1. -1.]
O=C1CCc2ccc(OCCCC[NH+]3CCN(c4cccc(Cl)c4Cl)CC3)cc2N1,[-0.9042095  1.        -1.        -1.         1.       ]
Nc1ccc2c(S(=O)(=O)O)cc(S(=O)(=O)O)cc2c1,[-1.         0.9695178  0.828186  -1.         1.       ]
COc1cccc2c(O)nc(-c3ccc(C(F)(F)F)cc3)nc12,[ 1.         -0.46064785 -1.          1.         -0.79457253]
CC(C)(C(=O)O)c1ccc(C(O)CCCN2CCC(C(O)(c3ccccc3)c3ccccc3)CC2)cc1.Cl,[-0.93202764  1.         -1.         -1.         -1.        ]
OC(CCCN1CCCCC1)(c1ccccc1)c1ccccc1,[-1.         1.        -1.        -1.        -0.7102794]
C=CC(=O)OCC(CC)CC,[ 0.99997467  1.         -1.         -1.         -0.38001576]
O=c1[nH]c(=O)c2ccccc2o1,[-1.          1.         -1.         -1.         -0.10882383]
NC(=O)COc1ccc(Cl)cc1Cl,[ 1.  1.  1. -1.  1.]
Cn1cncc1CN1CC(N(CCn2cccc2)S(=O)(=O)c2ccccn2)Cc2cc(C#N)ccc21,[-1.         -1.         -1.         -0.99751455 -1.        ]
O=C1C(=C(Cl)Cl)C(=O)C2(Cl)C3C=CC(C3)C12Cl,[-1.         -0.19976406 -1.         -1.         -0.0583477 ]
CN1C(C(=O)Nc2ccccn2)=C(OC(=O)C(C)(C)C)c2sc(Cl)cc2S1(=O)=O,[-1. -1. -1.  1. -1.]
CC(C)(C)NC(=O)C1CN(Cc2cccnc2)CCN1CC(O)CC(Cc1ccccc1)C(=O)NC1c2ccccc2CC1O,[-0.8844528   1.          0.04695793 -1.          1.        ]
O=C(C=Cc1ccccc1)OCCc1ccccc1,[-1.  1. -1.  1.  1.]
CCN(N=O)C(C)(C)C,[-1.          0.03937377  1.          1.          1.        ]
CC(N)C(O)c1ccccc1,[ 0.72792417  0.08471131 -1.         -1.         -0.11210532]
O=C(Nc1c[nH]nc1-c1nc2ccc(CN3CCOCC3)cc2[nH]1)NC1CC1,[ 1. -1. -1. -1. -1.]
CC(C)Cc1ccc(C(C)C(=O)O)cc1,[0.28488716 1.         1.         1.         1.        ]
COC1=C(OC)C(=O)C(CCCCCCCCCCO)=C(C)C1=O,[ 0.7991449  -0.36195013 -0.83632827 -1.         -1.        ]
CCCCSN(C)C(=O)Oc1cccc2c1OC(C)(C)C2,[-1. -1.  1. -1. -1.]
CCCn1c(=O)[nH]c(=O)c2[nH]cnc21,[-1.  1. -1.  1. -1.]
CCCCCCCCCCCCCCOC(=O)Cc1ccc(N(CCCl)CCCl)cc1,[-0.63196176  1.         -1.         -0.874781   -1.        ]
C=C(C)C(=O)OC=C(C)C,[-1. -1. -1. -1. -1.]
CCC1(O)C(=O)OCc2c1cc1n(c2=O)Cc2cc3ccccc3nc2-1,[ 1.          1.          0.792733   -1.         -0.99997795]
Clc1ccc(C2(Cn3cncn3)OCCO2)c(Cl)c1,[ 0.9864737  0.6630816 -1.        -1.        -1.       ]
CC(C)CC[C@@H](O)[C@](C)(O)[C@H]1CC[C@@]2(O)C3=CC(=O)[C@@H]4C[C@@H](O)[C@@H](O)C[C@@]4(C)C3CC[C@]12C,[-0.8852576  1.        -1.        -1.         1.       ]
Cc1ccncc1,[-1.          1.         -0.1010957  -0.46890914 -0.79714525]
Cc1cc(=O)nc(C(C)C)[nH]1,[-1.         -0.89430606 -1.          0.9645452   1.        ]
CC(=O)C1CCCC1=O,[-1.         1.        -1.        -1.         0.9111916]
C[C@]12C[C@H](O)[C@H]3[C@@H](CCC4=CC(=O)CC[C@@]43C)[C@@H]1CC[C@]2(O)C(=O)CO,[-1.          0.46791077 -1.         -1.         -1.        ]
ClC1=C(Cl)C2C(C1)C1(Cl)C(Cl)=C(Cl)C2(Cl)C1(Cl)Cl,[ 1.         -0.8090183  -1.         -1.         -0.87771815]
CC1(C)SC2C(NC(=O)C([NH3+])c3ccc(O)cc3)C(=O)N2C1C(=O)[O-],[-0.8295074  0.780688  -1.        -1.         1.       ]
CNC(=O)N(O)c1ccccc1,[ 1.          1.          0.15185975 -1.          1.        ]
CN1CCC2(C)c3cc(OC(=O)NCCCCCCCCCCN4CCCCC4)ccc3N(C)C12,[-0.8381249 -1.        -1.        -1.        -1.       ]
CCOP(=O)(OCC)SCn1nc(Cl)c(C)cc1=O,[ 1.          0.9966625  -1.         -1.          0.00557028]
CCCCC(CC)(COC(N)=O)COC(N)=O,[ 1.         -1.          1.         -1.         -0.89670014]
Cc1ccc([N+](=O)[O-])cc1,[-1.        1.       -1.        0.911738 -1.      ]
CC[C@H](N)C(=O)N[C@H](C#N)Cc1ccc(-c2ccccc2)cc1,[-0.92162776 -1.         -1.         -1.          0.9958238 ]
Nc1nc(F)nc2c1ncn2[C@@H]1O[C@H](CO)[C@@H](O)[C@@H]1O,[ 1.         -1.         -0.54522467 -1.         -0.9526786 ]
Cc1ccccc1-n1c(Cn2nc(-c3ccc(O)c(F)c3)c3c(N)ncnc32)nc2cccc(C)c2c1=O,[-1.         1.         0.2079344  1.        -1.       ]
N=C(N)c1ccc2nc(-c3ccccn3)[nH]c2c1,[-1.  1.  1. -1.  1.]
CCCCN1CCCCC1C(=O)Nc1c(C)cccc1C,[ 0.08169346  1.         -1.         -1.          0.99835616]
CNC(=O)C(Cl)=C(C)OP(=O)(OC)OC,[-0.694085   1.         0.9989883  1.         1.       ]
COP(=S)(OC)SSP(=S)(OC)OC,[-0.7726705   0.92266655 -1.         -1.         -1.        ]
CC(NC(=O)[C@@H](N)COCc1ccccc1)C(=O)O,[-0.8415197  1.         0.6493073 -1.        -1.       ]
CNc1c(Br)cnc2[nH]c(-c3ccc(OCCN4CCCCC4)cc3)nc12,[ 1. -1. -1.  1. -1.]
O=C(CCl)CC(=O)Nc1ccccc1,[ 1.         1.        -1.         0.9744667 -0.9006137]
COc1ccc(Oc2ccc(NC(=O)N(C)C)cc2)cc1,[-1.         1.        -1.        -0.9340869  0.6260203]
CC(Cl)(Cl)CCl,[ 1.        -1.        -1.         0.7248455 -0.9232365]
CN(C)C(=O)[C@H](O)[C@H](Cc1ccccc1)NC(=O)c1cc2cc(Cl)ccc2[nH]1,[ 0.9768227  1.        -1.        -1.        -1.       ]
C=CCOC(=O)COc1ccccc1,[-0.9103111  1.        -1.        -1.        -1.       ]
CNC(=O)C(c1ccc2nc(N)n(C(C)C)c2c1)c1cccc(F)c1F,[-1.         1.        -1.        -1.         0.6669991]
O=C(OCC1C=CCCC1)C1CC=CCC1,[-1.          1.         -1.         -1.         -0.53738934]
Cc1ccc(=O)n(CC(=O)NC(C)Cc2ccccc2)n1,[-1.         1.        -1.        -1.        -0.8708912]
CC(C)(C(=O)[O-])c1ccc(C(=O)CCC[NH+]2CCC(OC(c3ccccc3)c3ccccc3)CC2)cc1,[ 1.         -1.         -1.         -1.         -0.80585057]
Cc1ccc2c(c1)CC(=O)c1cc(C(C)C(=O)O)ccc1O2,[ 1.  1.  1. -1. -1.]
c1ccc(N(CC2CO2)CC2CO2)cc1,[-0.9996974 -1.        -1.         1.        -1.       ]
OCC1OC(n2cnc3c(=S)[nH]cnc32)C(O)C1O,[ 1.        1.       -1.       -1.        0.547945]
CN1CCCCC1CCN1c2ccccc2Sc2ccc(Br)cc21,[-1.         -0.49487078  0.737144   -0.5031932   0.65941393]
CCN(CC)C(=O)c1ccc(OC)cc1O,[-1.         1.        -1.        -1.        -0.8811017]
Cc1c(F)cc(C(=O)NC2CC2)cc1-c1ccc(C(=O)NCC(C)(C)C)cn1,[-1.         -1.         -1.         -1.         -0.89765954]
COC(=O)C=C(Cl)C(=O)OC,[ 0.9999353 -1.        -1.        -1.         1.       ]
O=C1CN(/N=C/c2ccc(-c3ccc([N+](=O)[O-])cc3)o2)C(=O)N1,[-0.39276713  1.         -1.         -1.         -1.        ]
COP(N)(=O)SC,[-0.83498895  0.8419147  -1.         -1.         -0.21451922]
CCCOC(=O)CCC,[ 0.9998862 -1.        -1.        -1.         1.       ]
O=C(O)c1ccccc1OP(=O)(O)O,[ 1. -1. -1. -1. -1.]
COc1ccnc(CCc2nc3cc(Br)cnc3[nH]2)c1,[-1.          0.27534372 -1.         -0.37533864 -0.8946932 ]
CC(NCCCCc1ccccc1)C(O)c1ccc2c(c1)CCS2,[-1.          1.         -1.          1.          0.45888847]
COc1ccc([N+](=O)[O-])cc1CNCCO,[-1.         1.        -1.        -1.        -0.9587004]
O=C(c1ccccc1)N1CCC(c2nc3ccccc3o2)CC1,[ 0.98353636  1.         -1.         -1.          1.        ]
C=C(C)C(COc1c2occc2cc2ccc(=O)oc12)OC(C)(C)C(O)COc1c2occc2cc2ccc(=O)oc12,[-1.         -1.         -1.         -0.48499534 -1.        ]
Oc1ccc(-c2ccccc2)cc1CN1CCCC1,[ 1.          1.         -1.         -0.54395705 -0.83139265]
C=CCI,[-1.  1. -1.  1. -1.]
CC(=O)C(Cl)C(=O)N(C)C,[ 1. -1. -1. -1.  1.]
C[C@@H]1C[C@H]2[C@@H]3CCC4=CC(=O)C=C[C@]4(C)[C@@]3(F)[C@@H](O)C[C@]2(C)[C@@]1(O)C(=O)COC1O[C@@H](CO)[C@H](O)[C@@H](O)[C@@H]1O,[-0.5883875  -0.4376723   0.01567806  0.77992857 -0.94093955]
CCc1ccc(C)[n+]([O-])c1,[ 0.4904295  1.        -1.        -0.7175486 -0.4446292]
COc1cc(O)c2c(c1)/C=C/C[C@H](O)[C@H](O)C(=O)/C=C\C[C@H](C)OC2=O,[ 1. -1. -1.  1. -1.]
O=C(O)c1cc(O)c(O)c(OC(=O)c2cc(O)c(O)c(O)c2)c1,[ 1.          1.          0.81773293 -1.          1.        ]
COP(=S)(OC)SCc1nnc(C(C)C)o1,[-1.         -1.         -1.         -1.         -0.31022814]
CCOP(=O)(OCC)Oc1ccc2c(C)c(Cl)c(=O)oc2c1,[0.99387896 1.         0.45748395 1.         0.792322  ]
CCN(CC)CCCl,[-1.       1.      -1.       1.      -0.99554]
BrC(Br)C(Br)Br,[-1.          1.         -1.         -1.          0.60137457]
Nc1ccc(F)c(F)c1F,[ 1.          1.         -1.         -1.         -0.24718134]
O=NN1CCCCCC1,[-1.  1. -1. -1.  1.]
Cc1csc(NC(=O)COc2ncnc3c2cnn3-c2ccccc2Cl)n1,[-1.         1.         0.5679806 -1.         0.9422133]
CCC[NH2+]C(C)C(=O)Nc1ccccc1C,[-0.40448546  0.9454684   0.1027303  -1.         -0.23842059]
NC(=S)Nc1ccc(-c2ccc(NC(N)=S)cc2)cc1,[-0.86186296  0.38358265  0.6967194  -1.         -0.64955944]
O=CNc1cc([C@@H](O)CNCCc2ccc(NC[C@H](O)c3ccccc3)cc2)ccc1O,[-1. -1.  1. -1.  1.]
O=[N+]([O-])C(F)(COCOCC(F)([N+](=O)[O-])[N+](=O)[O-])[N+](=O)[O-],[ 1.          1.         -1.          0.9991548  -0.94633794]
NC(=O)ON=C1CSCCS1,[ 1.  1. -1. -1.  1.]
CCCCOC(=O)COC(=O)c1ccccc1C(=O)OCCCC,[ 1.         1.         0.6120148 -1.         1.       ]
O=[N+]([O-])c1c(Cl)c(Cl)c2nc(C(F)(F)F)[nH]c2c1Cl,[-1.          0.30901828 -1.          1.          0.46233413]
CCC(=O)c1ccccc1,[-1. -1.  1.  1. -1.]
CN1CCN(C2=Nc3ccccc3Sc3ccc(Cl)cc32)CC1,[ 1.          1.          0.96710604 -1.         -0.952913  ]
CCN1CCCC1=O,[ 1.          1.          1.          1.         -0.95916337]
CC(C)(C)c1ccc(C(O)CCCN2CCC(C(O)(c3ccccc3)c3ccccc3)CC2)cc1,[ 0.88864356  0.98876536 -1.         -1.         -1.        ]
CCCCCCCCCCCCc1ccc(S(=O)(=O)Nc2nncs2)cc1,[-1. -1. -1.  1.  1.]
NCC1OC(OC2C(N)CC(N)C(OC3OC(CO)C(O)C([NH3+])C3O)C2O)C([NH3+])CC1O,[-1.  1. -1. -1. -1.]
CC=CC=CC=CC(C)=O,[ 1.        -1.        -1.        -0.7489401  1.       ]
O=P(OCC(Cl)CCl)(OCC(Cl)CCl)OCC(Cl)CCl,[ 1.          1.         -1.         -1.         -0.91919285]
CN1CC[C@]23c4c5ccc(O)c4O[C@H]2C(=O)CC[C@H]3[C@H]1C5,[ 1.  1. -1. -1. -1.]
CC(=O)C=CC1=C(C)CCCC1(C)C,[-1.          1.         -1.          1.         -0.02379718]
CC(=O)OC(C(=O)NC(N)=O)c1ccccc1,[-0.60785234  1.         -1.         -1.         -1.        ]
Cc1ccc(OC(=O)c2ccccc2)cc1,[-1.          1.         -0.98694104 -1.          0.49715996]
C=CC(CCCCC)OC(C)=O,[-0.7742927  1.        -1.         1.        -1.       ]
C[C@@](O)(/C=C/[C@@H]1CC=CC(=O)O1)[C@@H](C[C@@H](O)/C=C\C=C/C=C/CO)OP(=O)(O)O,[-1.          1.         -1.          1.         -0.87880534]
CCOP(=S)(OCC)SCc1nnc(OC)s1,[-1.  1. -1. -1.  1.]
O=C1CCc2cc(C(=O)CCN3CCC(Cc4ccccc4)CC3)ccc2N1,[ 0.36327252  1.         -1.          0.9763381  -0.9984384 ]
COc1cc(C)ccc1S(=O)(=O)NC(=O)C(c1ccc2c(c1)OCO2)c1cn(C)c2cc(F)ccc12,[-1. -1. -1.  1. -1.]
O=C(NS(=O)(=O)c1ccccc1Cl)N1CCC(N2CCC(Oc3ccc(Cl)c(Cl)c3)CC2)CC1,[-1. -1.  1.  1. -1.]
COCCc1ccccc1,[ 0.36343756 -0.7202743  -1.          1.         -0.99973   ]
O=Cc1ccccc1-c1ccccc1C=O,[ 0.20093328 -1.         -1.         -1.          0.7300608 ]
CNc1c(Br)cnc2[nH]c(-c3ccc(OCCN4CCOCC4)cc3)nc12,[ 1.         -1.          1.         -1.          0.48153257]
CCOC(C)C#N,[ 0.98364973 -0.47668186 -1.         -0.9865644   1.        ]
COc1ccccc1NC(=O)CC(=O)c1ccccc1,[ 1. -1. -1. -1. -1.]
CS(=O)C(C)(C)C(=O)O,[ 0.9995281  1.         1.        -1.        -1.       ]
COc1ccc2c(c1)N(CCN1CCC(NCc3ccc4c(n3)NC(=O)CO4)CC1)C(=O)CC2,[-1.  1.  1. -1. -1.]
CCC=C(C)CO,[ 1.          1.         -1.          1.          0.62760085]
COP(=O)(OC)OC(C)=CC(=O)Oc1ccc(C)cc1,[ 0.9999024   1.         -1.         -1.         -0.27612367]
OCCCc1ccccc1,[-1.          1.          0.16001919 -1.         -0.98627996]
CCN(CC)CCSC(=S)N1c2ccccc2Sc2ccccc21,[ 1.         -1.          0.75995106 -1.         -1.        ]
CCCCOC(=O)c1ccccc1Nc1cccc(C(F)(F)F)c1,[-0.689153  -1.        -0.9998094 -1.        -1.       ]
CCCCCC(C)(O)CC,[ 1.          1.         -1.          1.         -0.91238344]
Oc1ccc(Cl)c(O)c1,[-1.        -1.        -1.         0.9491327 -0.892575 ]
Fc1cc(Cl)cc2[nH]c(C(F)(F)F)nc12,[ 1.  1. -1. -1.  1.]
CCCP(=O)(OC)SC,[-0.6059983  1.        -1.        -1.         1.       ]
CCP(=S)(OC)SCn1c(=O)oc2cc(Cl)cnc21,[-0.43171635 -0.6991964  -1.          1.          1.        ]
O=C(Nc1ccc(Cl)nc1)c1ccc(F)c(F)c1,[ 1.         -0.33330545 -1.         -0.8751428  -1.        ]
NCCc1c[nH]c2ccc(O)cc12,[-0.98784035  1.         -0.7956563  -1.          1.        ]
Oc1ccc2cc(CNCCc3ccc(Br)cc3)c(-c3ccsc3)nc2c1,[-1. -1. -1. -1.  1.]
CCCOC(=O)OOC(=O)OCCC,[-0.9505284  1.        -1.        -1.        -1.       ]
CCOCC(C)O,[-1.         -1.         -1.          0.9784802  -0.35344493]
N#Cc1ccc(C(=O)Nc2ccc(-n3ccnc3)nc2)cc1,[ 1.        -1.        -1.         1.        -0.6952308]
CC(C)=CC(C)(C)COC(=O)C(C)C,[-0.89100593  1.         -1.          1.          0.35826817]
CCN(C(=O)c1ccc(-c2ccc(Cl)cc2)o1)c1ccc(N2CCNCC2)cc1,[ 1.  1.  1. -1. -1.]
Cc1onc(-c2c(F)cccc2Cl)c1C(=O)N[C@@H]1C(=O)N2[C@@H](C(=O)O)C(C)(C)S[C@H]12,[ 1.         -1.         -1.         -1.          0.37380508]
O=C(O)C(Cl)Cl,[-1.  1.  1. -1. -1.]
NCC(O)c1cccc(O)c1,[-0.5099022  1.        -1.         1.        -1.       ]
CN(C)C(=O)Nc1ccccc1,[ 1.         1.        -1.         0.7420669 -1.       ]
CN(C)CC(=O)NN=Cc1c(Cl)nc2sccn12,[-1. -1. -1.  1. -1.]
CCOc1cc2ncc(C(N)=O)c(Nc3cc(F)ccc3F)c2cc1N1CCN(C)CC1,[-1.        1.       -1.       -1.        0.998415]
COc1c(C(C)(C)C)cc([N+](=O)[O-])c(C)c1[N+](=O)[O-],[-1.        -0.871143  -1.         1.         0.7933493]
CNC(=O)Oc1cc(C(C)C)ccc1C,[-1.          0.97243494 -1.         -1.          0.9221039 ]
COC(=O)CCn1cc(-c2cc(NC3CC3)n3ncc(C#N)c3n2)c2cc(NC(C)=O)ccc21,[ 1.        -0.6975546 -1.        -1.         1.       ]
CC(=O)O[C@H]1C[C@@H]2CC[C@@H]3[C@H](CC[C@@]4(C)[C@H]3C[C@H]([N+]3(C)CCCCC3)[C@@H]4OC(C)=O)[C@@]2(C)C[C@@H]1[N+]1(C)CCCCC1,[-1.         1.        -0.9237263 -1.         1.       ]
CC(c1nc(-c2ccc(C#N)cc2)cs1)C(O)(Cn1cncn1)c1cc(F)ccc1F,[ 0.3045223   1.         -1.         -1.          0.24045944]
COc1cc(N)c(Cl)cc1C(=O)NC1CC[NH+](CCCOc2ccc(F)cc2)CC1OC,[ 0.99989206  1.         -1.         -1.          1.        ]
O=c1[nH]c(=O)n(C2CCCO2)cc1F,[-1.  1.  1.  1.  1.]
CC1(C)CC2(NC(=O)N(CCCN3CCC(O)CC3)C2=O)c2cc(Cl)ccc2O1,[-0.6839197   1.          0.12032813 -0.75486314 -1.        ]
NC(=S)N/N=C/c1ncccc1N,[ 0.9093836   0.52894515 -1.         -1.          1.        ]
COCCOC(=O)C(=Cc1cccc([N+](=O)[O-])c1)C(C)=O,[-1.          1.         -1.          1.         -0.98985004]
CC(C)CCCCCOC(=O)C(C)Oc1cc(Cl)c(Cl)cc1Cl,[-1.  1. -1. -1. -1.]
CN(C)C(=O)NC1CC2CC1C1CCCC21,[ 1.         1.         0.9147451 -1.        -0.8986502]
CCCCOCCOC(C)=O,[-0.75087047 -1.         -1.         -1.          0.5767677 ]
CN(C)P(=O)(OC=C(Cl)Cl)c1ccc(Cl)cc1,[ 0.920953   1.         1.        -1.        -0.9782637]
COP(=S)(OC)SCN1C(=O)CCC1=O,[ 1. -1. -1. -1. -1.]
O=C(OCCOc1ccc(Cl)cc1Cl)c1ccccc1,[-1.          1.          0.41301715  1.         -1.        ]
NC(=O)CCl,[ 1.  1. -1. -1.  1.]
Cc1ccc(-c2ccncc2)cc1NC(=O)c1ccc(OCc2ccccn2)cc1,[-0.9693563 -1.        -0.3286901 -1.        -1.       ]
CC(Cl)(Cl)Cl,[-0.5420251  1.        -1.        -1.         1.       ]
CC1(C)O[C@@H]2C[C@H]3[C@@H]4CCC5=CC(=O)C=C[C@]5(C)[C@@]4(F)[C@@H](O)C[C@]3(C)[C@]2(C(=O)CO)O1,[ 1.         -0.09536783  1.          0.87912434  1.        ]
CCOC(=O)CCl,[-1.  1. -1. -1.  1.]
CCOc1nc2cccc(C(=O)[O-])c2n1Cc1ccc(-c2ccccc2-c2nnn[n-]2)cc1,[-1.  1. -1.  1.  1.]
Cn1c(N2CCCN(CCCN3c4ccccc4Sc4ccc(C(C)(C)C(=O)O)cc43)CC2)cc(=O)n(C)c1=O,[-1.         -1.          0.62904143 -0.82124895  0.8266394 ]
ClC(Cl)c1ccccc1,[ 1.          1.         -1.          1.          0.85825926]
CCOC(=O)CCN1CC(=O)N(C)c2ccc(OCc3ccc(C(=N)N)cc3)cc2C1=O,[ 1.         1.        -1.        -1.         0.6149805]
CCOC(=O)CCN1CC(=O)N(C)c2ccc(NCc3ccc(C(=N)N)cc3)cc2C1=O,[-1.         1.         1.         0.9995493  1.       ]
Cc1ccc2ccccc2c1N,[-0.45757034  1.         -1.         -1.         -1.        ]
COCC(C)O,[-1.         -1.          0.78894097 -1.          1.        ]
Nc1ncnc2c1ccn2C1OC(CO)C(O)C1O,[-1. -1. -1.  1.  1.]
CCP(=S)(OC)Oc1ccc([N+](=O)[O-])cc1Cl,[-0.9963774 -1.        -1.        -1.        -0.8661712]
CCN1C(=O)NC(c2ccccc2)C1=O,[-0.7939601  1.        -1.        -1.        -1.       ]
COc1ccccc1OC,[-1.  1. -1. -1. -1.]
O=C1CC2CC(O1)C1CCCC21,[-1.         1.        -1.        -1.         0.8175239]
CCOC(=O)Cc1ccccc1,[-0.94602025 -0.4649762  -1.          0.49412498 -0.9988495 ]
CCSC(C)CC1CC(=O)C(C(=O)CC)C(=O)C1,[-1.         1.        -1.        -1.        -0.6793518]
CCOP(=S)(OCC)Oc1cc(Cl)c(SC)cc1Cl,[ 0.7040204  1.        -1.        -1.         1.       ]
Cn1c(N)c(NC(=O)NCC[NH3+])c[n+]1CC1=C(C(=O)[O-])N2C(=O)C(NC(=O)/C(=N/OC(C)(C)C(=O)[O-])c3nsc(N)n3)C2SC1,[ 1.         1.         1.        -1.        -0.1426663]
NC(=O)c1cnc(N[C@@H]2CCCC[C@@H]2N)nc1Nc1cccc(-n2nccn2)c1,[ 0.660629   1.        -1.        -1.         0.9824367]
C#CC(OC(=O)C1C(C=C(C)C)C1(C)C)C(C)=CCC,[-0.45979592  1.         -1.         -1.         -0.7397994 ]
N#CN=c1ccccn1Cc1ccc(Cl)cc1,[-0.95197755  1.         -1.         -1.         -1.        ]
CN(OCCNC(=O)Cc1c(C#N)ccc(NCC(F)(F)c2ccccn2)c1F)C(=N)N,[ 1.        -1.        -1.         1.        -0.9940067]
COc1cc2c(cc1OC)[C@]13CC[N+]4([O-])CC5=CCO[C@@H]6CC(=O)N2[C@@H]1[C@@H]6[C@@H]5C[C@H]34,[-1.         1.        -1.        -0.8200114 -0.9034789]
O=C(Nc1ccccc1F)NC1N=C(c2ccccc2)c2ccccc2NC1=O,[ 1.          1.         -1.          1.         -0.47681636]
O=NN(C1CCCCC1)C1CCCCC1,[ 0.7384072  -1.         -0.93112236 -1.         -1.        ]
C=C1CC(=CC)C(=O)OC2CCN3CC=C(COC(=O)C1(C)O)C23,[ 1.        -1.        -1.        -1.         0.9646776]
O=[N+]([O-])OC1COC2C(O)COC12,[ 1.          0.28874654  0.8560812  -1.          0.6001516 ]
O=C(O)[C@H]1/C(=C/CO)O[C@@H]2CC(=O)N21,[-1.         0.2228616 -1.        -0.6741191 -1.       ]
O=C(C(F)(F)Cl)C(F)(F)Cl,[-1.          1.         -1.         -1.          0.32082158]
CNP(=O)(NC)Oc1ccccc1,[-0.8357523 -1.        -1.        -1.         1.       ]
CCOC(=O)C1=CN(C(=O)c2ccccc2)C2CCCC(C)N2C1=O,[-1.        1.       -0.939359 -1.        1.      ]
CNC(=O)Oc1cccc2c1OC(C)(C)O2,[-1.          1.         -1.         -1.          0.64234006]
NC(=O)c1cncc(-c2ccc([C@H]3CC[C@H](CC(=O)O)CC3)cc2)n1,[ 1.          1.         -1.         -1.          0.55708355]
