ClCCCl,[ 1. -1. -1. -1. -1.]
COc1ccc(-c2nc3c(NCCCNC(=O)C4(CN)CC4)c(Br)cnc3[nH]2)cc1,[ 1.  1.  1. -1. -1.]
O=C(NCC12CC3CC(CC(C3)C1)C2)c1cc(CC2CCNCC2)ccc1Cl,[ 0.9998853  1.         0.7070125  1.        -0.9556802]
Clc1ccc(Cl)c(Cl)c1,[-1.          1.          0.99998206 -1.          0.8274948 ]
O=C(Cc1ccccc1)OCCc1ccccc1,[-1. -1. -1. -1. -1.]
O=C(O)C1CSCN1,[ 1.  1. -1. -1.  1.]
Cc1nccnc1C,[ 1.         -1.          0.89890707 -1.          0.14823659]
CCOC(C1=NCC(C)(C)CN1)c1cccc2ccccc12,[-1.  1. -1. -1. -1.]
C1COCCOCCNCCOCCOCCN1,[ 0.9880332 -1.         1.        -1.         1.       ]
CCCC1OCSC1=NOC(=O)NC,[-1. -1.  1. -1. -1.]
CN(C)C(=O)OC1N=C(c2ccccc2)c2cc(Cl)ccc2N(C)C1=O,[-0.87665385 -1.          1.         -1.         -1.        ]
CC(C)(CNc1ccc(N=O)cc1)[N+](=O)[O-],[ 0.07906137  1.         -1.         -1.         -0.9978486 ]
CC(=O)Nc1ccc2ccn(-c3cc(NCCN4CCCC4)n4ncc(C#N)c4n3)c2c1,[-1.         1.         1.         1.        -0.9851625]
NCCCCN,[ 0.9699016  1.        -1.        -1.        -1.       ]
CCOP(=S)(OCC)Oc1cc(C)nc2ccccc12,[ 1.  1. -1. -1. -1.]
CC(Cl)(Cl)C(=O)OCCOc1cc(Cl)c(Cl)cc1Cl,[-1.  1.  1. -1. -1.]
CC(C)(C)NC(=O)c1ccc(Oc2cc(F)c(CC(=O)O)cc2Cl)c(NS(=O)(=O)c2ccc(C3CC3)cc2Cl)c1,[-0.9708547   0.17449392  0.773889    0.98047364  1.        ]
c1ccc([C@H]([C@@H](c2ccccc2)N2CCCCC2)N2CCCCC2)cc1,[ 1.        -1.         0.8329608  1.         1.       ]
CS(=O)(=O)NC(=O)CCCc1c(-c2ccc(F)cc2)[nH]c2ccc(C#N)cc12,[ 1.         -1.         -1.         -1.          0.11360139]
CCN(CC)CCOC(=O)C(Cc1cccc2ccccc12)CC1CCCO1,[-1.         1.        -1.         0.9740194 -0.5293793]
CC1(C)COS(=O)(=O)OC1,[ 0.9551895  1.         1.        -1.         1.       ]
CCCc1ccccc1,[-0.79348093 -0.251843   -1.          1.         -1.        ]
COC1CC(OC2CCC3(C=O)C4CCC5(C)C(C6=CC(=O)OC6)CCC5(O)C4CCC3(O)C2)OC(C)C1O,[-1.  1. -1. -1.  1.]
NC(=O)NO,[ 1.          0.39429113  0.7827317  -1.         -1.        ]
COc1ccc(OC)c(C(O)CNC(=O)C[NH3+])c1,[-0.7608748  1.        -1.         1.        -1.       ]
N#CCc1ccc(Cl)cc1,[-1.         1.        -1.        -1.        -0.9863216]
c1cc(CC2CO2)c(OCC2CO2)c(CC2CO2)c1,[ 1.          1.         -0.96798736 -1.          0.4054972 ]
O=C(CSc1ccccc1)N1CCN(C(=O)c2ccco2)CC1,[-1.  1. -1.  1.  1.]
COCCC#N,[-0.95295274  0.96154183 -1.          0.1004679   1.        ]
C[C@H]1CN(C(=O)[C@@H]2CN(C(C)(C)C)C[C@H]2c2ccc(F)cc2F)C[C@@H](C)[C@]1(O)c1ccccc1,[ 0.505971    1.          0.39358503 -1.         -1.        ]
COc1ccc(C2=NCOCS2)cc1,[ 0.9968925  1.        -1.         1.        -1.       ]
CCOC(=O)C(CC)(C(=O)OCCN(CC)CC)c1ccccc1,[ 0.77052414 -0.5261766   0.8296212   0.20195514 -0.72967726]
N=C(Nc1c([N+](=O)[O-])cnc2ccccc12)N1CCOCC1,[ 1.         -1.          1.         -1.          0.04768193]
Cc1ccc2cc(C)c3nnc(SCC(=O)N4CCN(C(=O)c5ccco5)CC4)n3c2c1,[ 1. -1. -1.  1. -1.]
NC(=S)SSC(N)=S,[-0.45519024  1.         -1.         -1.          0.16008048]
Cc1ccc(O)c(C)c1,[-1.          0.9836649   1.         -0.90436995  0.9597686 ]
O=[N+]([O-])c1ccc(ON=Cc2cc(Br)c(O)c(Br)c2)c([N+](=O)[O-])c1,[ 1.        -0.9842177 -1.        -1.         1.       ]
NC(=S)N/N=C/c1ncccc1N,[-1.  1. -1. -1. -1.]
C[C@@H]1NC(=O)[C@@H](C)N(C)C(=O)[C@@H](C)N(C)C(=O)[C@H](C)NC(=O)[C@H](C)N(C)C(=O)[C@@H](C)N(C)C1=O,[-0.12538032  1.         -1.         -1.          1.        ]
O=c1cc[nH]c(=O)o1,[-1.          1.          0.95990986  0.58473605  0.8351716 ]
CCCSP(C)(=S)Oc1ccccc1,[ 1.         1.        -1.        -0.9990295 -1.       ]
COC(=O)NC(=S)Nc1ccccc1NC(=S)NC(=O)OC,[-1.  1.  1.  1.  1.]
CC1OC(n2cc(F)c(=O)[nH]c2=O)C(O)C1O,[-1. -1. -1. -1. -1.]
CC(C1CC1)C(O)(Cn1cncn1)c1ccc(Cl)cc1,[-0.78213584  1.          1.          1.          0.8048709 ]
O=c1[nH]c(=O)n(C2CC(O)C(CO)O2)cc1F,[ 1.         1.        -1.        -1.        -0.5853702]
C[C@H]1C(=O)N(C)[C@H](C)C(=O)N[C@H](C)C(=O)N(C)[C@@H](C)C(=O)N[C@H](C)C(=O)N(C)[C@@H](C)C(=O)N1C,[ 1.          0.99936426 -1.         -1.         -0.3711336 ]
CNC(=O)ON=C1SCCOC1C,[ 1.  1.  1. -1. -1.]
COc1cc2nc(N3CCN(C(=O)C4COc5ccccc5O4)CC3)nc(N)c2cc1OC,[-1.          1.         -1.          0.99913025  0.80403155]
COC(=O)c1ccccc1C(=O)OC,[ 0.84780896 -1.         -1.         -1.         -0.55162597]
COc1ccccc1OC(=O)CNC(=O)Cc1ccc(C(=O)c2ccc(C)cc2)n1C,[-0.99809086 -1.         -1.         -1.         -1.        ]
CCN(CC)C(=O)c1ccc(C)cc1,[ 1.       -1.        1.       -1.       -0.633354]
O=C(Cl)c1ccc(Cl)cc1Cl,[-1. -1. -1. -1.  1.]
Cc1cc(=NC(=O)c2ccccc2O)n(-c2ccccc2)n1C,[-0.4812616  1.         1.        -1.        -1.       ]
CC(=O)c1ncccc1NC(=O)[C@H]1CC[C@H](N2C(=O)[C@H]3[C@H]4CC[C@H](C4)[C@H]3C2=O)CC1,[ 1.  1. -1. -1.  1.]
CN1C(=O)[C@H](O)C[C@H]1c1cccnc1,[-1.        -0.7241981  0.999263   1.        -1.       ]
CCC(=O)N(c1ccccc1)C1CC[NH+](CCc2ccccc2)CC1,[ 1. -1. -1. -1. -1.]
CCCCOC(C)COC(=O)COc1cc(Cl)c(Cl)cc1Cl,[-1.          1.         -0.96655273  0.61597556 -1.        ]
COCC(C)OC(C)=O,[ 1.         1.        -1.         1.         0.6545493]
CCCOc1ccc(C=O)cc1,[-0.9986863  1.        -1.        -1.         1.       ]
C=CCc1ccc(O)c(OC)c1,[-1.          1.         -0.17867242  0.34942025  1.        ]
CC1(CCCc2cc(=O)oc3[nH]c(=O)[nH]c(=O)c23)CC1,[ 1.         -1.          0.46051347 -1.         -0.6688312 ]
CNP(O)(=S)OC(C)C,[-0.08724091  1.         -0.9377739  -1.          1.        ]
Cc1ccc(=O)n(CC(=O)NC(C)Cc2ccccc2)n1,[-0.13846901  1.         -0.7939035   0.53215444 -0.6619521 ]
O=C(NN=C1SCCS1)c1ccccc1,[ 1.          0.98397243  0.79417634 -1.          1.        ]
COC(C)CC(OC)OC,[-1.  1.  1. -1. -1.]
O=C(O)Cc1ccccc1Oc1c(Cl)c(Cl)cc(Cl)c1Cl,[-1. -1. -1. -1. -1.]
CCN(CC)CCN1C(=O)NC(c2ccccc2)(c2ccccc2)C1=O,[-0.14200687  1.         -1.         -1.         -0.99989   ]
O=C1N(c2ccccc2)c2ccccc2C1(Cc1ccncc1)Cc1ccncc1,[-1.          1.          1.         -1.          0.07173549]
N#CCCl,[ 1.         -0.39694372 -1.         -0.86786854  0.82838273]
CCC(C)c1ccccc1OC(N)=O,[-1. -1. -1.  1. -1.]
CCC(C)C(N)C(=O)OC[C@@H]1O[C@H](n2cc(F)c(=O)[nH]c2=O)C[C@H]1O,[ 1. -1. -1. -1. -1.]
c1ccc(N=Nc2ccccc2)cc1,[ 1.         -0.5125288  -0.09396618 -0.6562818  -0.9479384 ]
CC(C(=O)O)c1ccc(C(=O)c2ccccc2)s1,[-1.  1. -1. -1. -1.]
CCCCOC(=O)C(C)Oc1ccc(Oc2ccc(C(F)(F)F)cn2)cc1,[ 1.  1. -1. -1.  1.]
CC(C)(C)N1CCC(c2ccccc2)(c2ccccc2)CC1,[ 1.         -1.         -1.         -0.97425985 -1.        ]
CN(C)[C@@H]1C(O)=C(C(=O)NCN2CCCC2)C(=O)[C@@]2(O)C(O)=C3C(=O)c4c(O)cccc4[C@@](C)(O)[C@H]3C[C@@H]12,[ 1. -1. -1. -1.  1.]
COP(=S)(OC)SCC(=O)N(c1ccc(Cl)cc1)C(C)C,[ 0.79062617 -0.8919901  -0.04987757 -1.         -1.        ]
CCC1(CCC(C)C)C(=O)NC(=O)NC1=O,[ 1. -1. -1. -1. -1.]
COC(=O)CCn1cc(-c2cc(NC3CC3)n3ncc(C#N)c3n2)c2cc(NC(C)=O)ccc21,[-1.         1.        -1.        -1.        -0.9696646]
CCCCCCCCCCCCN1CCN(CC(=O)NN=Cc2ccc([N+](=O)[O-])o2)CC1,[ 1. -1. -1.  1. -1.]
c1ccc2c(c1)CCCC2,[-0.95633537 -1.         -1.         -1.         -1.        ]
CCCCN(CCCC)CCCC,[ 1.         1.        -1.         1.         0.9980348]
O=[N+]([O-])C(F)(COCC(COCC(F)([N+](=O)[O-])[N+](=O)[O-])(N(F)F)N(F)F)[N+](=O)[O-],[ 1.         1.        -1.        -1.         0.6517771]
CC1CC=CCC1C=O,[ 0.18534265  1.         -1.          0.07523299 -1.        ]
c1ccc2[nH]ccc2c1,[ 1.          1.         -1.          1.         -0.87869895]
CC=CC=O,[-1.         -1.         -1.         -0.72890127 -1.        ]
CNc1nc(C)c(-c2nc(Nc3cccc(N4CCCNCC4)c3)ncc2C#N)s1,[ 1.          1.         -1.         -0.97375154 -0.4457897 ]
CCOC(=O)C1=CN(C)C2CCCC(C)N2C1=O,[-0.32289606  0.9770696   0.04317174  0.04546201  0.45051405]
CS(=O)(=O)N(CCI)CCI,[ 1.       -1.       -1.        0.045259 -1.      ]
CCCOC(=O)CCC,[-0.10725945  1.         -0.9989429  -1.          0.87594664]
O=C(NCC1CCCC[NH2+]1)c1cc(OCC(F)(F)F)ccc1OCC(F)(F)F,[ 0.0305027  -0.20695889 -1.         -1.         -0.80701035]
c1ccc(C2(c3ccccc3)CC2C2=[NH+]CCN2)cc1,[-1.          1.          0.99999416 -1.          0.87895155]
CCOP(=O)(Oc1cnn(C)c(=O)c1OC)N(C)C,[ 1. -1.  1. -1.  1.]
NS(=O)(=O)c1cc(C(=O)[O-])c(NCc2ccco2)cc1Cl,[-1.  1. -1. -1. -1.]
CCCCON=O,[ 0.79452723 -0.6134575   0.31244192 -1.          0.70130783]
OC(c1ccc(Cl)cc1)(c1ccc(Cl)cc1)C(Cl)(Cl)Cl,[-0.25329587  1.         -0.12734981  1.          0.8911185 ]
CCn1cc(C(=O)O)c(=O)c2cc(F)c(N3CCNC(C)C3)c(F)c21,[ 1.        -1.        -1.        -1.         0.9733179]
CN(C)C1CC(c2ccccc2)c2ccccc21,[ 1.  1.  1.  1. -1.]
Cc1c(CC(=O)O)c2cc(F)ccc2n1Cc1nc2ccccc2s1,[ 1.         -1.          1.         -0.6787925   0.21145415]
O=C(Cc1ccc2c(c1)OCc1ccccc1C2=O)OCC(O)CO,[ 1. -1. -1.  1.  1.]
O=C(O)c1nn(Cc2ccc(Cl)cc2)c2ccccc12,[-0.97249675  1.         -0.07155107 -1.         -0.80389583]
CCCCCCNC(=O)n1cc(F)c(=O)[nH]c1=O,[ 1. -1.  1. -1. -1.]
CN(SSN(C)C(=O)ON=C1CSCCS1)C(=O)ON=C1CSCCS1,[ 1.  1.  1. -1. -1.]
Cc1cccc(C)c1,[ 1.  1. -1. -1. -1.]
O=c1[nH]c([C@@H]2CCCN2)nc2c1oc1ccc(Br)cc12,[ 1.         1.         1.         0.9109688 -1.       ]
Nc1ccc(S(=O)(=O)O)c2cccc(O)c12,[ 1.          1.         -1.         -0.33082977 -0.9625172 ]
CCOP(=S)(OCC)Oc1cc(C)c(SC)c(C)c1,[-1.        -1.         1.        -1.        -0.7337011]
CCNC(C)C(C)C,[-0.7981101  -0.37766424 -1.         -1.         -1.        ]
CC(C)C12C=CC(C)(CC1)OO2,[-1.          1.         -0.92202795 -0.6631358   1.        ]
CCCCCCCC(=O)NO,[ 1.         -0.35630643 -1.         -1.          0.9396742 ]
COCCOCCOCCOC(C)=O,[ 1. -1.  1. -1. -1.]
CSCC(=O)N(C)C(=O)Oc1ccccc1OC(C)C,[ 1. -1. -1.  1. -1.]
ClCC(Cl)C(Cl)CCl,[-0.17236844 -1.         -1.          1.         -0.9840193 ]
O=c1[nH]c(=O)c2ccccc2o1,[-1.         1.         0.5583321 -1.         1.       ]
CC(=O)OO,[ 1.         1.         1.        -1.        -0.8578289]
COC(=O)c1cccc(C)c1O,[ 1.  1.  1.  1. -1.]
CC(Oc1ccc(Cl)cc1Cl)C(=O)O,[ 1.  1. -1. -1.  1.]
CCOC(C)=Cc1oc2ccccc2[n+]1CCCS(=O)(=O)[O-],[ 1.         -1.          1.         -0.26957145  1.        ]
CCN(Cc1ccncc1)N=O,[-1.          1.         -0.55911434  0.02175186 -0.05172465]
CN1c2c(oc(=O)n(-c3ccccn3)c2=O)-c2ccccc2S1(=O)=O,[ 1.         1.        -0.9683848 -1.        -1.       ]
CC(C)CCCC(C)NN,[-1.  1. -1. -1. -1.]
O=[N+]([O-])c1c(Br)ccc2[nH]c(C(F)(F)F)nc12,[-1.         1.         0.9662533 -1.        -1.       ]
C=CCC1=C(C)C(OC(=O)C2C(C=C(C)C)C2(C)C)CC1=O,[ 1.          1.          0.8238399   0.53011006 -1.        ]
CC(C)OP(=S)(OC(C)C)SCn1nc(Cl)ccc1=O,[ 1.        -1.         1.         1.        -0.7538197]
CC(C)N(Sc1nc2ccccc2s1)C(C)C,[-1.          1.         -1.         -1.         -0.89731354]
CCSCc1ccccc1OC(=O)NC,[ 0.97411436  1.         -1.         -0.9486907  -1.        ]
COC(F)(F)C(F)Cl,[-1.  1. -1.  1. -1.]
Nc1cccc([N+](=O)[O-])c1,[ 0.02890245  1.         -1.          0.18300001 -0.77802163]
Cc1ccc(C(=O)c2cc(O)c([O-])c([N+](=O)[O-])c2)cc1,[ 1.          0.94405484 -1.         -1.         -1.        ]
CCO[Si](CCC#N)(OCC)OCC,[ 1. -1. -1. -1.  1.]
NC(=O)C(O)(c1ccccc1)c1ccccc1,[ 1.  1. -1.  1. -1.]
CCC1(c2cnc[nH]2)Cc2ccccc2C1,[-1.          1.         -0.59512585  1.         -1.        ]
O=C(O)C(O)Cc1ccc(O)c(O)c1,[ 1.          1.         -0.73006284  0.9983293   0.46447608]
O=C(NC1CC1)OCC(O)C1COc2ccccc2O1,[-1. -1. -1. -1. -1.]
CNC(=O)[C@@H](Cc1ccccc1)NC(=O)[C@@H](Cc1ccccc1)NC(=O)[C@@H](Cc1ccccc1)NC(C)=O,[-1.       -1.       -1.       -1.       -0.999859]
CC[C@@]1(O)C(=O)OCc2c1cc1n(c2=O)Cc2cc3c(N)cccc3nc2-1,[-1.          0.9998562  -1.         -1.          0.37627447]
Cc1cccc(C)c1NC(=O)C(C)[NH3+],[-0.09599885  1.         -1.          1.         -0.46076217]
CC(C)OP(=S)(CCl)Sc1ccc(F)cc1,[-1.  1. -1. -1.  1.]
CNCc1ccc(-c2[nH]c3cc(F)cc4c3c2CCNC4=O)cc1,[-0.17262493 -1.         -1.         -1.          1.        ]
Oc1nc(-c2ccccc2)nc2ccccc12,[-0.9840649  1.        -1.        -1.        -1.       ]
O=C(O)Cc1ccccc1Nc1c(Cl)cc(O)cc1Cl,[-1.          1.          1.         -1.         -0.78948224]
CCN(N=O)C(C)OC,[ 1.          1.         -1.         -0.9102543   0.66301763]
CC(C)CC(C)CC(O)CC(C)C,[-0.3455948  -1.          1.         -0.05690352  1.        ]
OC1C=CC2C1C1(Cl)C(Cl)=C(Cl)C2(Cl)C1(Cl)Cl,[ 1.          1.         -0.02718316 -1.         -1.        ]
COc1c(N2CC[NH2+]C(C)C2)c(F)cc2c(=O)c(C(=O)[O-])cn(C3CC3)c12,[1.        1.        0.7657443 1.        1.       ]
C=CCOCCO,[-1.  1. -1.  1.  1.]
CC(c1cccnc1F)c1c(CC[NH+](C)[14CH3])sc2ccccc12,[-1.          1.         -1.         -1.         -0.99971354]
CCN(CC)CCOc1ccc(C(O)(Cc2ccc(Cl)cc2)c2ccc(C)cc2)cc1,[ 1.          0.3944947  -0.9976084   0.7648047  -0.31806892]
CCCCNC(=O)OCC(O)C1COc2ccccc2O1,[ 1.          0.9205315  -1.         -0.95140445 -1.        ]
COc1cc(OC)c(C(=O)CCCN2CCCC2)c(OC)c1,[-1.          1.         -0.99965644 -1.         -1.        ]
C1=CCC=C1,[-0.99743813 -1.         -1.         -0.9967797   1.        ]
CCCCCCCCCCCCCCCC(=O)NC(CCC(=O)O)C(=O)O,[ 1.  1. -1. -1.  1.]
C1CCc2nnnn2CC1,[-0.6540349  1.        -1.        -1.        -1.       ]
Cc1cccc(Cn2ccn3c(=O)cc(N4CCOCC4)nc23)c1,[ 1.          0.40597984 -1.         -1.         -0.9379434 ]
CC(=O)C(Cl)C(=O)OC(C)c1ccccc1,[-0.9975326   1.         -1.          0.30734253 -0.20232722]
Cc1ccc(C)c([N+](=O)[O-])c1,[ 1.         0.9952684 -1.        -1.        -1.       ]
CCCCOP(OCCCC)OCCCC,[-1.          1.         -0.23779258 -0.2815042   0.20520574]
NC(=O)C(N)=O,[ 1.          1.         -1.         -1.         -0.24445346]
CCOC(=S)C=Cc1ccc(N(C)C)cc1,[ 1.          0.83181566 -1.         -1.         -1.        ]
O=C(O)c1ccccc1C(=O)c1ccccc1,[ 1.         1.         0.9983674 -1.        -1.       ]
CC(C)Oc1cc(Nc2nc3c(cc2F)ncn3[C@@H](CO)c2ccc(F)cn2)n[nH]1,[ 1.         1.        -0.7826656 -1.        -1.       ]
O=C(O)c1ccc2ccccc2c1,[ 0.35015485  1.         -1.         -0.90668225  0.39042076]
CCCc1nnc(CSP(=S)(OC)OC)o1,[-1. -1.  1. -1.  1.]
CC(C)(COCC1CO1)COCC1CO1,[ 0.41279632  1.          0.00223678  1.         -1.        ]
COP(=O)(OC1CCCCC1)Sc1ccc(Cl)cc1,[-1.  1. -1. -1. -1.]
C=C1CC23CC1(O)CCC2C12C=CC(O)C(C)(C(=O)O1)C2C3C(=O)O,[-0.1978494  -1.         -1.         -1.          0.07648443]
CNN=Nc1ccc(Cl)cc1,[ 1.         0.9999569 -1.        -1.        -0.4835809]
CC1(C)SC2C(NC(=O)C(C(=O)[O-])c3ccccc3)C(=O)N2C1C(=O)[O-],[-1.         1.         0.4024362 -1.         0.600792 ]
CC(COc1ccc(C(C)(C)C)cc1)OS(=O)OCCCl,[ 1.          1.         -1.          1.          0.62738925]
C=CC=COC(C)=O,[-1.  1. -1. -1.  1.]
CCC(=O)O[C@](Cc1ccccc1)(c1ccccc1)[C@H](C)CN(C)C,[-0.990169    1.         -1.         -1.          0.91101396]
Nc1cnn(-c2ccccc2)c(=O)c1Br,[-1.  1. -1. -1.  1.]
Cc1nc(CSc2nc(N[C@H](C)CO)c3sc(=O)[nH]c3n2)cs1,[ 1.  1. -1. -1. -1.]
N#CN=c1ccccn1Cc1ccccc1Cl,[-0.31403643  1.         -1.          1.         -0.29787907]
CCN1C(=O)C=CC1=O,[-1. -1. -1. -1. -1.]
O=[N+]([O-])c1cc2[nH]c(C(F)(F)F)nc2cc1Cl,[-0.7944032  1.        -1.         1.        -1.       ]
CC1OC(OC2C(O)C(O)C(O)C(O)C2O)C(N)CC1NC(=N)C(=O)O,[ 1.         1.        -0.9905926  1.        -1.       ]
COC(=O)C1=C(C)NC(C)=C(C(=O)OCCN(C)Cc2ccccc2)C1c1cccc([N+](=O)[O-])c1,[-0.89855003  0.9834794   0.7774016  -1.          0.7378094 ]
O=C(O)C1CCc2cc(C3CCCCC3)c(Cl)cc21,[ 1.  1. -1. -1. -1.]
COc1ccc(-c2oc3c(CC=C(C)C)c(O[C@@H]4O[C@H](CO)[C@@H](O)[C@H](O)[C@H]4O)cc(O)c3c(=O)c2O[C@H]2O[C@H](C)[C@@H](O)[C@H](O)[C@@H]2O[C@H]2OC[C@H](O)[C@@H](O)[C@@H]2O)cc1,[-1.          1.         -1.          1.          0.54923075]
CCS(=O)(=O)Nc1c(C)cc(OC(=O)NC)cc1C,[-0.88631207  0.68662137  1.          1.          1.        ]
O=C(O)c1cc(-n2c(-c3ccccc3)cc3c2CCc2ccccc2-3)ccc1O,[ 1.          1.         -1.         -0.9998703  -0.95167786]
C[C@@H](NC(=O)Cc1ccc(C2CC2)cc1)c1ccc(OCC(F)(F)F)cn1,[-1.          1.         -1.         -0.88790536 -1.        ]
O=S(=O)(C(Cl)(Cl)Cl)C(Cl)(Cl)Cl,[ 0.937556    1.         -0.26672512 -1.         -1.        ]
CCCC(=O)c1ccc(N)cc1,[ 1.        -1.        -1.        -0.8903903 -1.       ]
COP(=S)(OC)Oc1cc(C(C)C)ccc1C,[ 1.         1.        -1.        -1.        -0.9632446]
CC=CC(C)OC,[-1.  1. -1. -1. -1.]
O=C(O)c1ccccc1,[-1. -1. -1.  1. -1.]
O=C1CCCCCN1,[-0.05209047  1.         -1.         -0.04073874  1.        ]
CC1=CCC(C(C)(C)O)CC1,[-1.  1.  1. -1.  1.]
NC(=[NH2+])c1ccc(C(=O)NC(Cc2ccc(O)cc2)C(=O)N2CCC(OCC(=O)[O-])CC2)cc1,[ 1.         1.        -0.1859417 -1.         1.       ]
C1CN1P1(N2CC2)=NP(N2CC2)(N2CC2)=NP(N2CC2)(N2CC2)=N1,[-0.02159754  1.         -1.         -1.          1.        ]
O=[N+]([O-])OCC(O)CO[N+](=O)[O-],[-0.34071508 -1.         -1.         -1.         -0.11523402]
CCCCOC(=O)N(C)SN(C)C(=O)Oc1cccc2c1OC(C)(C)C2,[-1.          1.         -1.          1.          0.70416856]
C=CCOC(=O)C1CC2OC2CC1C,[ 1.          1.         -0.8219088  -0.617027    0.01633101]
Cc1ccc(Sc2ccccc2CN(C)C)c(N)c1,[-1.          1.          0.6366041   0.78071046  0.60122925]
Cn1c(COP(=O)(NCCBr)NCCBr)cnc1[N+](=O)[O-],[ 1.  1. -1.  1.  1.]
C#CCOc1cccc(OC(=O)NC)c1,[-0.4541512  -1.         -1.          1.          0.91876155]
COc1cc2ccc(=O)oc2cc1O,[-0.90028644  1.          1.          1.         -1.        ]
CC=Cc1ccc(OC)cc1,[ 0.8485306   1.         -1.         -1.         -0.22906972]
COc1ccc2cc3[n+](cc2c1O)CCc1cc2c(cc1-3)OCO2,[-0.1640239 -0.9025911 -1.         1.        -1.       ]
Cc1cc(Cl)ccc1NC=O,[-0.23323247  1.         -1.         -1.          0.09708433]
COc1ccc(COc2nc(Br)cnc2NS(=O)(=O)c2ccc(C)cc2)cc1OCCN(C)C,[ 0.90582335  1.         -1.         -1.          0.4636514 ]
COP(=O)(OC)OC,[ 0.9228162   1.         -1.         -1.         -0.69479144]
CC(Cl)C(=O)O,[ 1.  1. -1.  1. -1.]
CC(C)OC(=O)COc1ccc(Cl)cc1Cl,[-1.          1.         -1.         -1.          0.99108505]
CC(C)[C@H](NC(=O)C[C@H](NC(=O)/C=C/c1ccccc1)c1ccccc1)C(=O)[C@@H]1C(=O)NC(=O)[C@H]1C,[ 1. -1. -1.  1.  1.]
O=C(Nc1cccc(C(F)(F)F)c1)c1ccccc1NCc1ccncc1,[-1.         -1.         -1.         -0.03247619 -1.        ]
C=CCOC=O,[-0.9996853  1.        -0.8466182  0.7340241 -0.7183567]
COP(=O)(Oc1cc(Cl)c(Br)cc1Cl)c1ccccc1,[ 1.         -1.         -1.         -1.         -0.95570105]
Cc1c(Cl)c(=O)oc2cc(OP(=O)(OCCCl)OCCCl)ccc12,[-1.         -1.         -1.         -1.         -0.55050844]
CC(C)C[C@H](NC(=O)[C@H](Cc1ccccc1)NC(=O)c1cnccn1)B(O)O,[-1.         1.         0.6369648 -1.        -0.7934076]
CCOC(=O)NC(=N)c1ccc2[nH]c(Cc3nc4ccccc4[nH]3)nc2c1,[-0.855089  1.       -1.       -1.        0.543429]
C=CCc1cc(OC)c(OC(C)C(O)c2ccc(OC)c(OC)c2)c(OC)c1,[-0.30363625  1.         -1.         -0.755957   -1.        ]
O=C(O)Cc1ccccc1N1CCC(CN2CCC(Oc3ccc(Cl)c(Cl)c3)CC2)CC1,[-1.         1.        -1.        -1.         0.5304661]
O=c1oc2ccccc2c(O)c1Cc1c(O)c2ccccc2oc1=O,[-1.          1.         -1.         -1.          0.17031091]
CCNC(=O)C1CCCN1C(=O)C(CCCNC(N)=[NH2+])NC(=O)C(CC(C)C)NC(=O)C(CC(C)C)NC(=O)C(Cc1ccc(O)cc1)NC(=O)C(CO)NC(=O)C(Cc1c[nH]c2ccccc12)NC(=O)C(Cc1c[nH]cn1)NC(=O)C1CCC(=O)N1,[-1.  1. -1.  1. -1.]
Cc1ccc(N2CCN(C(=O)[C@H](C)Cc3ccc(Cl)cc3)CC2)c([C@@H](NC(=O)CCN(C)C)C(C)C)c1,[ 0.7684315  1.        -1.        -1.        -1.       ]
Ic1nc(I)c(I)[nH]1,[ 1.         1.        -1.        -0.7758225 -1.       ]
CCOc1ccccc1OC(c1ccccc1)C1CNCCO1,[-0.59790456 -1.         -1.         -1.         -0.8871833 ]
Nc1ncnc2nc(-c3ccc(N4CCOCC4)nc3)cc(-c3cccc(Br)c3)c12,[1. 1. 1. 1. 1.]
CCOP(=S)(NC(C)C)Oc1ccc(C)cc1[N+](=O)[O-],[-0.95524067  1.         -1.          1.          0.7678902 ]
Cc1cccc(-c2nc3cc(Cl)ccc3[nH]2)n1,[ 0.73223406 -1.          1.          1.         -0.36359102]
CC(CN(C)C)CN1c2ccccc2Sc2ccccc21,[-1.       -1.       -1.       -1.       -0.906249]
Cc1cc(CCCOc2c(Cl)cc(C3=NCCO3)cc2Cl)on1,[-0.9819927 -1.         1.        -1.        -1.       ]
CN(CC(=O)NC1CC1)C(=O)c1ccc2c(c1)c1c(n2C)CCC(C2CCOCC2)C1,[ 0.96241575  0.6771519  -0.74742174 -1.         -0.8004034 ]
CCCCOC(C)=O,[ 1.  1. -1.  1. -1.]
ClC1=C(Cl)C2(Cl)C3C(Cl)C(Cl)CC3C1(Cl)C2(Cl)Cl,[ 0.31115875  1.         -1.          1.          0.28816235]
CCNc1nc(NCC)nc(OC)n1,[-1.         0.9996001 -1.        -1.        -1.       ]
CN(C)C(=O)Nc1ccc(Cl)cc1,[-0.9998155 -1.        -1.        -1.         0.8573313]
C[C@@](C(=O)O[C@H]1C[N+]2(CCc3c[nH]c4ccccc34)CCC1CC2)(c1ccccc1)N1CCCCC1,[ 1. -1. -1.  1. -1.]
CCN(CC)CC(=O)Nc1c(C)cccc1C,[-1.         -1.          0.9119573  -1.         -0.31938916]
OCCO[C@H]1C[C@@H](n2nnc3c(N[C@@H]4C[C@H]4c4ccc(F)c(F)c4)nc(SCCC(F)(F)F)nc32)[C@H](O)[C@@H]1O,[ 1.  1.  1.  1. -1.]
CCC1CCC(C)NC1,[-0.802748 -1.       -1.       -1.        1.      ]
C=C(C)C(=O)OCC(=O)OCC,[ 1.         -0.0371085   0.03839619 -1.          0.27697134]
C=CCn1c(=O)c2[nH]c(C)nc2n(CCCC)c1=O,[-1.          1.          0.94520485 -1.          1.        ]
ClCC=C(Cl)CCl,[-0.93543893  0.25868076 -1.         -0.6390952   0.3423523 ]
CCCC1CC(C(=O)NC(C(C)O)C2OC(SC)C(O)C(O)C2O)N(C)C1,[ 0.8436998 -1.        -1.        -1.        -0.5011437]
CC(=O)CCc1ccccc1,[ 1.          1.          0.49669936 -1.          1.        ]
Cc1cc(Cl)cc(O)c1O,[ 1.          0.9710456   0.99809915 -1.         -1.        ]
COc1ccc(C2(c3cccc(-c4cncnc4)c3)N=C(C)C(N)=N2)cc1C,[ 0.72946817  1.         -1.         -0.44578886 -0.24716862]
CC(=O)C(Cl)C(=O)N(C)C,[ 0.9765631  1.        -1.        -1.         0.7272776]
[NH3+]C1C2CN(c3nc4c(cc3F)c(=O)c(C(=O)[O-])cn4-c3ccc(F)cc3F)CC12,[ 0.9732553  1.        -1.        -1.         1.       ]
NCc1ccccc1CC(=O)N[C@@H]1C(=O)N2C(C(=O)O)=C(CSc3nnnn3CC(=O)O)CS[C@H]12,[ 1.          0.40438908 -0.997493   -1.          1.        ]
CC(=O)N[C@@H](Cc1ccccc1)C(=O)N(C)[C@H](Cc1ccccc1)C(=O)N(C)[C@@H](Cc1ccccc1)C(N)=O,[-0.31496632  1.          1.         -0.6116937   0.99977314]
C/C=C/CC(C)C(=O)C1C(=O)NC(C(C)C)C(=O)N(C)CC(=O)N(C)C(CC(C)C)C(=O)NC(C(C)C)C(=O)N(C)C(CC(C)C)C(=O)NC(C)C(=O)NC(C)C(=O)N(C)C(CC(C)C)C(=O)N(C)C(CC(C)C)C(=O)N(C)C(C(C)C)C(=O)N1C,[ 1.  1. -1. -1.  1.]
CN(Sc1ccc([N+](=O)[O-])cc1)C(=O)Oc1cccc2c1OC(C)(C)C2,[ 1. -1.  1. -1.  1.]
CC(O)C1C(=O)N2C(C(=O)[O-])=C(SC3CCS(=O)C3)SC12,[-1.         1.         1.        -1.        -0.9314435]
CCOC(C)OCC,[ 1.          0.9901807  -1.         -0.30025917  0.19738454]
NC(=O)C1CCC2CN1C(=O)N2OS(=O)(=O)[O-],[-1.          1.          0.94633895 -1.          0.34034264]
CCOC(=O)C1=CNC2CCCC(C)N2C1=O,[ 1.          1.         -0.44017258  1.         -0.87318236]
O=C1C=C2C(=CCOC2O)O1,[ 0.15725988  1.         -1.         -1.          1.        ]
CC(=O)OCC(C)c1ccccc1,[ 0.6311871  1.        -1.        -1.        -0.8678908]
C=CBr,[-0.8992077  1.        -1.         1.        -1.       ]
CCCCOP(=O)(OCCCC)Oc1ccccc1,[-1.          0.9989055  -1.          0.69548327  0.79153574]
CCOC(=O)CCN(SN(C)C(=O)Oc1cccc2c1OC(C)(C)C2)C(C)C,[-1.  1. -1. -1. -1.]
Cc1c(S(=O)(=O)c2ccc(Cl)cc2)c2cc(F)ccc2n1CC(=O)O,[-0.42305166  1.          1.         -0.79391754  1.        ]
O=C(O)C(Cl)CCl,[ 0.918764   -1.          0.22905378  1.          1.        ]
COc1cc2nc(Nc3ccc([C@@H](C)NC(C)=O)cc3)ncc2cc1-c1ccncc1,[ 1.         -1.         -1.         -1.         -0.99437827]
CCCc1nnc(CSP(=S)(OCC)OCC)o1,[ 1.          1.         -1.          0.42964914 -0.67302305]
CS(=O)(=O)c1ccc(C(O)C(COC(=O)C[NH3+])NC(=O)C(Cl)Cl)cc1,[-0.9994366  0.9912422 -1.        -1.         1.       ]
[NH3+]CCCCC(NC(CCc1ccccc1)C(=O)[O-])C(=O)N1CCCC1C(=O)[O-],[ 1.         1.        -1.        -1.        -0.9527426]
COC(=O)CF,[-0.8827266   1.         -1.          1.         -0.46419123]
Cc1cc(Nc2cnc(C#N)c(N[C@@H](C)c3ccc(F)cn3)n2)n[nH]1,[ 1.          1.         -0.38750747 -1.         -1.        ]
CC(=O)Nc1ccc(-c2ccnc(Nc3ccc(N4CCOCC4)cc3)n2)cc1,[-0.9961393   0.66014177 -1.         -1.         -1.        ]
CC1=C(CO)C2=C(C)C3(CC3)[C@@](C)(O)C(=O)C2=C1,[ 0.9444074  1.        -0.9467793 -1.         0.4333417]
CC(C)([N+](=O)[O-])C(C)(C)[N+](=O)[O-],[ 1.         1.        -1.        -1.        -0.6062919]
C=CC(=O)OC1CCCCC1,[ 0.9146693   1.          0.92057025 -1.         -0.79091334]
CCCCCCCCC=CCCCCCCCC(=O)OCC1CO1,[ 0.6884634   1.         -1.         -1.          0.99253786]
Cc1onc(-c2c(F)cccc2Cl)c1C(=O)NC1C(=O)N2C1SC(C)(C)C2C(=O)[O-],[ 1. -1.  1.  1.  1.]
N#CC(F)(F)C(F)(F)C(F)(F)C(F)(F)C#N,[ 1.          1.          1.         -1.          0.32597595]
CC(C(=O)O)c1ccc2oc(-c3ccc(Cl)cc3)nc2c1,[-0.8839903 -1.         1.         1.        -1.       ]
CNC1C(OC2C(OC3C(O)C(O)C(NC(N)=[NH2+])C(O)C3NC(N)=[NH2+])OC(C)C2(O)C=O)OC(CO)C(O)C1O,[ 0.9983664  1.        -1.         0.2657327 -0.9492847]
CCN1CN1CC,[-1. -1. -1.  1.  1.]
COP(N)(=S)Oc1ccc(C(C)(C)C)cc1Cl,[-1.         -0.23823386 -1.         -1.         -1.        ]
COCCNC(=O)c1ccc(Nc2ncc3cc(-c4ccncc4OC)ccc3n2)cc1,[ 1.          1.          0.41029513 -1.         -1.        ]
CCOP(=S)(CC)Sc1ccccc1C,[-1.       0.53363 -1.       1.      -1.     ]
C[C@H](Nc1ncc(F)c(Nc2cc(N(C)C)[nH]n2)n1)c1ncc(F)cn1,[ 1.          0.9340007  -1.         -1.         -0.98756075]
COP(=S)(OC)SCc1noc(=O)[nH]1,[ 1.          1.         -1.         -0.42644495 -1.        ]
CCCCOC(=O)c1ccccc1O,[-1. -1.  1. -1. -1.]
CC(=O)OC1CC(C)OC(C)O1,[-0.76911944  1.          0.2437594  -1.         -1.        ]
CCCCC(=O)OC1CCC(N2CCCCC2)CC1,[-0.80118066  1.          0.5530765   1.         -0.86003447]
BrC(Br)(Br)c1ccc2ccccc2n1,[ 1.       -1.       -1.       -0.972373 -1.      ]
O=c1nc(NCc2ccccc2)sn1Cc1ccccc1,[-1.         1.        -1.         1.        -0.9501101]
CCCCCCC#CC(=O)OC,[-1.         1.         0.7004545 -1.        -0.5260714]
CNCCCN,[ 1.         1.         1.         1.        -0.9908929]
O=C1CCCc2ccccc21,[ 1.          1.          1.         -1.          0.90169144]
CCOC(=O)CI,[ 1.          1.         -1.          0.68214697  1.        ]
CC[C@]1(O)C(=O)OCc2c1cc1n(c2=O)-c2cc3ccccc3nc2C1,[ 0.99857867  1.         -1.         -1.         -0.77493984]
Nc1ccc(Oc2ccc(S(=O)(=O)c3ccc(Oc4ccc(N)cc4)cc3)cc2)cc1,[-1.         -1.         -1.         -1.          0.33773935]
N#CCOc1ccccc1-c1ccc(-c2nc3ccncc3c(O)c2C#N)cc1,[1.        1.        1.        0.5245923 1.       ]
CCOc1cc2ncc(C(N)=O)c(Nc3cc(C)ccc3F)c2cc1N1CCN(C)CC1,[ 1.  1.  1.  1. -1.]
FC(F)(F)c1nc2c(Cl)cccc2[nH]1,[-1.         -1.         -0.19001526  1.         -0.87063557]
CCCCC(CC)COC(CBr)c1cccc(C2CCCCC2)c1,[ 1.  1.  1. -1.  1.]
COc1ccc(-c2nc(C)c(C(N)=O)s2)cc1OC,[ 0.9541328  1.        -1.        -1.        -1.       ]
C=C1C[C@]23CC[C@H]4[C@@](C)(CCC[C@@]4(C)C(=O)OC4O[C@@H](CO)[C@H](O)[C@@H](O)[C@@H]4O)C2CC(O[C@H]2O[C@@H](CO)[C@H](O)C(O[C@H]4O[C@@H](CO)[C@H](O)[C@@H](O)[C@@H]4O)[C@@H]2O[C@H]2O[C@@H](CO)[C@H](O)[C@@H](O)[C@@H]2O)[C@H]1C3,[-0.99856544  1.         -1.         -1.         -0.9022242 ]
CC[C@H](CO)Nc1nc(SCc2cccc(F)c2F)nc2nc(N)sc12,[-1.         -0.61855745 -1.         -1.          1.        ]
COc1cc(OC)c(S(=O)(=O)N(c2ccc(C)cc2)c2ccc(C)cc2)cc1NC(=O)CCC(=O)O,[ 1.        -1.        -0.4100629 -1.        -1.       ]
C=CC(=O)OCC(C)C,[-1.         1.        -1.        -1.         0.6684019]
CCN(CCO)C(=O)c1oc2cccnc2c1-c1cccc(C(F)(F)F)c1,[ 0.92730653  1.         -1.         -1.          0.33740613]
C=COCC(CC)CCCC,[ 1. -1. -1.  1. -1.]
Cc1ncc(CO)c(C(=O)O)c1O,[1. 1. 1. 1. 1.]
Clc1ccc(SN=Nc2cc(Cl)c(Cl)cc2Cl)cc1,[-1.          1.          0.78073347  1.         -1.        ]
CSCC(NC(=O)COc1cccc2cnccc12)C(=O)NC(Cc1ccccc1)C(O)C(=O)N1CSCC1C(=O)NC(C)(C)C,[ 1. -1. -1.  1. -1.]
Fc1cc2[nH]c(C(F)(F)F)nc2c(Br)c1Cl,[-0.8055163   1.         -0.41563532 -1.          0.50516504]
CC1(C)SC2C(NC(=O)C3(N)CCCCC3)C(=O)N2C1C(=O)O,[-1. -1.  1. -1. -1.]
Nc1ccn(C2CCC(CO)O2)c(=O)n1,[ 0.9432018   0.01420113  0.51105464  1.         -1.        ]
CCN(CC)C(=O)c1cccc(C)c1,[ 1.          1.         -1.         -1.         -0.63580716]
CNC(=O)Nc1ccccc1,[ 1.        -1.        -1.        -1.        -0.3380737]
Oc1ccc2ccccc2c1,[ 1.         -1.         -0.14667442  1.          1.        ]
Cc1ccc2c(c1)c(-c1cc(C)nc3ccccc13)c(C)n2CC(=O)O,[ 0.9867809   1.         -1.         -0.71647394 -1.        ]
COc1cc(OC)c(S(=O)(=O)N2c3ccccc3Oc3ccccc32)cc1NC(=O)CCC(=O)O,[-0.9508307  -1.          1.         -0.17107818 -0.9812384 ]
C[C@@H](NC(=O)[C@H]1CCCCN1)c1ccc(Nc2ncc3cc(-c4ccncc4)ccc3n2)cc1,[-1.  1.  1.  1. -1.]
CC(=NO)C(=O)c1ccccc1,[-0.3379163 -1.         1.         1.         1.       ]
NS(=O)(=O)c1cc(C(=O)O)cc(N2CCCC2)c1Oc1ccccc1,[-1.          0.33393168 -0.8361139  -1.          0.958376  ]
COc1cccc(-n2c(=O)n(Cc3c(F)cccc3Br)c(=O)n(C[C@H](N)c3ccccc3)c2=O)c1F,[-1.         1.         0.7665633  1.        -1.       ]
CCCCNC(=O)[N-]S(=O)(=O)c1ccc(C)cc1,[ 1.          1.         -1.         -1.         -0.92236286]
CCN(CC)CCNC(=O)c1ccc(NC(C)=O)cc1,[-1.  1.  1. -1. -1.]
CCCN(CCC)S(=O)(=O)c1ccc(C(=O)O)cc1,[ 1.  1. -1. -1. -1.]
CC(CN1CCOCC1)C(C(=O)N1CCCC1)(c1ccccc1)c1ccccc1,[ 1.          1.         -0.92726666 -1.          0.65667903]
CCCCCCCCOC(=O)CC(C(=O)OCCCCCCCC)S(=O)(=O)O,[ 1.  1. -1. -1. -1.]
Cc1ccccc1C(=O)Nc1cccc(OC(C)C)c1,[-1.          1.         -0.8047036  -1.          0.39486292]
C=C(C)C(=O)OCCC[Si](OC)(OC)OC,[ 0.7528407   0.22297966 -0.38933262  0.69744307  1.        ]
CCC[NH+]1CCCCC1C(=O)Nc1c(C)cccc1C,[ 1.          1.          0.36195183 -1.         -0.47074848]
C=C1C[C@@H]2[C@H](CC[C@]3(C)C(=O)CC[C@@H]23)[C@@]2(C)C=CC(=O)C=C12,[ 1.         1.        -1.        -0.9819679  1.       ]
CNC[C@@H]1CC[C@@H](N)[C@@H](O[C@H]2[C@@H](N)C[C@@H](N)[C@H](O[C@H]3OC[C@](C)(O)[C@H](NC)[C@H]3O)[C@H]2O)O1,[ 1.          1.         -1.         -0.93002933 -0.84342307]
CCCCS(=O)(=O)NC(Cc1ccc(OCCCCC2CC[NH2+]CC2)cc1)C(=O)[O-],[ 0.9930882  1.        -1.        -1.        -1.       ]
COC1=CC=C2C3Cc4ccc(OC)c5c4C2(CCN3C)C1O5,[-0.81973755  0.83917457 -1.         -1.         -1.        ]
CNC(=O)Oc1ccc(C)c2c1OC(C)(C)C2,[ 1.         1.         1.        -1.        -0.6931031]
CCCOCC(C)OCC(C)O,[ 0.5770541   1.          1.         -1.         -0.62954247]
C=C1C(=O)OC2CC(C)C3C=CC(=O)C3(C)C(O)C12,[ 1.  1. -1. -1. -1.]
ClSC(Cl)(Cl)Cl,[ 1.        -1.         0.5841991 -1.         1.       ]
CC1(C)CC2(NC(=O)N(CCCN3CCC(O)CC3)C2=O)c2cc(F)ccc2O1,[-1. -1.  1. -1. -1.]
O=c1oc2ccccc2c(O)c1C1CCCc2ccccc21,[-0.40782806 -0.6486506  -1.         -1.          1.        ]
CC=C(C)C(=O)OC1C(OC(C)=O)C2(CO)C(O)CC3(C)C(=CCC4C5(C)CCC(OC6OC(C(=O)O)C(OC7OC(CO)C(O)C(O)C7O)C(O)C6OC6OC(CO)C(O)C(O)C6O)C(C)(CO)C5CCC43C)C2CC1(C)C,[-1.         -0.59812665 -1.         -1.         -0.76607835]
C=CCN(CC=C)C(=O)C(Cl)Cl,[ 1.         -0.80833983  1.         -1.         -1.        ]
O=[N+]([O-])c1ccc(O)c(Cl)c1,[ 1.  1. -1. -1.  1.]
Cc1ccc(C)c(C)c1,[-1.          1.          0.7173529  -0.9569235  -0.72013503]
Nc1cc[nH+]cc1,[-1.         1.        -1.        -1.        -0.7001563]
CC1CN(c2c(F)cc3c(=O)c(C(=O)[O-])cn(C4CC4)c3c2OC(F)F)CC[NH2+]1,[ 1.  1. -1. -1. -1.]
O=C(CCBr)N1CCN(C(=O)CCBr)CC1,[ 1.          1.         -0.8769729  -1.          0.58135206]
CCc1cc(C(N)=S)ccn1,[-0.776666 -1.       -1.       -1.       -1.      ]
C[C@@H]1NC(=O)[C@H](C)N(C)C(=O)[C@@H](C)N(C)C(=O)[C@H](C)NC(=O)[C@@H](C)N(C)C(=O)[C@@H](C)NC1=O,[ 1.          0.6509458  -0.48840812 -1.          0.9111482 ]
O=C1NCC2(CCCNC2)c2[nH]c(-c3ccnc(-c4ccc5c(c4)OCO5)n3)cc21,[-1. -1. -1. -1. -1.]
Cc1ccc(N2CC(COc3ccc(-c4noc(C)n4)cc3)C2)nn1,[ 1.         -1.         -1.         -0.58157194 -0.6243068 ]
CC(=O)N1CCN(c2nc(NC(C)(C)Cc3ccc(Cl)cc3)c3c(n2)C(=O)N(C(C)C)C3)CC1,[-0.31746385  1.         -0.9945417  -1.         -1.        ]
NS(=O)(=O)c1cc2c(cc1Cl)NCNS2(=O)=O,[0.9683357  1.         0.48311642 1.         0.85999936]
O=S(=O)(O)c1ccccc1,[-1.          1.          0.519228    0.99820524  0.44335392]
CC(C)CNC(=O)OCC(O)C1COc2ccccc2O1,[ 1.         -0.43040866  1.          1.         -0.85452676]
CCC#N,[ 1.          0.36277953  1.          1.         -1.        ]
C=CCOC(=O)c1ccc(C(=O)OCC=C)c(C(=O)OCC=C)c1,[-1.  1.  1. -1. -1.]
c1ccc2[nH]c(-c3cscn3)nc2c1,[-1.  1. -1. -1.  1.]
CCC(CC)C(=O)OCC(Br)(Br)Br,[ 0.9966604  -0.51043063 -1.         -1.         -1.        ]
CC12CCC3c4ccc(O)cc4CC(CCCCCCCCCS(=O)CCCC(F)(F)C(F)(F)F)C3C1CCC2O,[ 1.        -0.8790325 -1.        -1.        -1.       ]
N=C(N)c1ccc2[nH]c(-c3ccccn3)nc2c1,[-1.          1.          0.73633456 -1.          0.9668384 ]
CN1CC(=O)NC1=N,[-0.9982831  1.         1.        -1.         1.       ]
CC1CCCCC1NC(=O)Nc1ccccc1,[-0.10859689  1.         -0.8195331  -0.48104373  0.07012887]
CCN(CC)CCN1C(=O)[C@@](O)(c2ccccc2Cl)c2c1cc(C(N)=O)cc2C(F)(F)F,[-1.         1.        -1.         1.         0.9622516]
Cc1c(Cc2ccc3ccccc3n2)c2cc(F)ccc2n1CC(=O)O,[ 0.26189575 -1.          0.20274398  1.          0.8055665 ]
CCO[C@H](CCC(C)(C)O)[C@](C)(O)[C@H]1CC[C@@]2(O)C3=CC(=O)[C@@H]4C[C@@H](O)[C@@H](O)C[C@@]4(C)C3CC[C@]12C,[-1.         -1.          0.21501623 -1.         -0.5294169 ]
O=[N+]([O-])c1c(Cl)c(Cl)cc2[nH]c(C(F)(F)F)nc12,[ 1.         -1.         -1.          1.         -0.73177594]
CC(=O)Nc1ccc2c(c1)c(-c1cc(NC3CC3)n3ncc(C#N)c3n1)cn2CCO,[ 0.7488048  1.         0.3303283 -1.        -1.       ]
CCOCC(Cl)C(OCC)OCC,[ 1.          0.63486516 -1.         -1.          0.24901405]
C[NH+](C)CCc1c[nH]c2ccc(CC3COC(=O)N3)cc12,[-0.2849007   1.         -0.93645465 -0.7268789   0.27379408]
N#CCCCCCN,[ 0.78200924  1.          1.         -1.          0.5246471 ]
CCC1(C)NC(=O)C(Cc2cccs2)NC(=O)C(Cc2ccccc2)NC(=O)CCCSCC(C(=O)N2CC(O)CC2C(=O)NC(CCCNC(N)=[NH2+])C(=O)NCC(N)=O)NC(=O)C(CC(N)=O)NC1=O,[ 0.99987334 -0.36978605 -1.         -0.9470382  -0.85484374]
OC(CCCN1CCCCC1)(c1ccccc1)c1ccccc1,[ 1.  1. -1. -1.  1.]
COc1cc(OC)c(C(=O)CCC[NH+]2CCCC2)c(OC)c1,[ 1.  1. -1. -1. -1.]
NNC(N)=S,[-0.99998  1.      -1.      -1.       1.     ]
CN[C@@H](C)C(=O)N[C@H](C(=O)N[C@H]1CCCN(CCc2ccc([N+](=O)[O-])cc2)C1)C(C)(C)C,[ 1.         -1.          1.         -0.46971104 -1.        ]
NC1CC([NH3+])C(OC2OC(C[NH3+])C(O)C(O)C2O)C(O)C1OC1OC(CO)C(O)C(N)C1O,[ 1.          0.99616134 -1.         -1.          1.        ]
O=[N+]([O-])OCC(CO)O[N+](=O)[O-],[-1.          0.95911205 -1.          1.          1.        ]
CC=CC=CCO,[-1.        -0.7824706  1.         1.        -1.       ]
CCOc1ccccc1OCCN[C@H](C)Cc1ccc(OC)c(S(N)(=O)=O)c1,[-1.          1.          0.93926686 -1.         -0.44638118]
CCN(CCNCCc1ccc(O)c2[nH]c(=O)sc12)C(=O)CCOCCc1ccccc1,[ 0.91059345  1.         -1.         -1.          0.59392035]
Cc1cc(C(C#N)c2ccc(Cl)cc2)c(Cl)cc1NC(=O)c1cc(I)cc(I)c1O,[-0.9556892  1.        -1.        -1.        -1.       ]
CC(C)(C)OC(=O)NC[C@H]1CC[C@H](CNC(=O)c2cc(-c3cccc(CN)c3)nc3ccccc23)CC1,[-1.          0.99986315 -1.          1.         -1.        ]
CC(N)(Cc1ccc(O)c(O)c1)C(=O)O,[-0.9722399   1.         -1.         -0.98585826  0.04592402]
CN(C)Cc1ccccc1,[ 0.99718183 -1.          1.         -1.          1.        ]
CC(O)C1C(=O)N2C(C(=O)[O-])=C(C3CCCO3)SC12,[-1.          1.         -1.         -1.          0.75755197]
CCSP(SCC)SCC,[ 1.          0.99244475 -1.         -1.         -0.19773866]
COc1ccc(NC(=O)CCc2c(C)nc3nc(C)nn3c2C)cc1,[ 0.9999627 -1.        -1.        -0.9917041 -1.       ]
CN(C)C(=O)C(CC[N+]1([O-])CCC(O)(c2ccc(Cl)cc2)CC1)(c1ccccc1)c1ccccc1,[-1.  1. -1. -1.  1.]
CC(C)CC(NC(=O)C(CCc1ccccc1)NC(=O)CN1CCOCC1)C(=O)NC(Cc1ccccc1)C(=O)NC(CC(C)C)C(=O)C1(C)CO1,[-0.5108512  -0.7505556  -1.         -1.         -0.28732017]
CC(=O)OCC=C(C)C,[ 0.8652063  0.5061111 -1.        -1.        -1.       ]
CC12CCC(CC1=O)C2(C)C=O,[-0.31592125  0.85852575 -0.25126785 -0.26523057  0.3319492 ]
CCCCN1C(=O)N(Cc2ccc3[nH]nc(N)c3c2)[C@H](Cc2ccccc2)[C@H](O)[C@@H](O)[C@H]1Cc1ccccc1,[-0.42571583  1.          1.         -1.         -0.5115451 ]
CN(C)C(=O)NC1CCCCCCC1,[ 1.  1.  1.  1. -1.]
Cc1ncc([N+](=O)[O-])n1CCO,[ 1.          1.          0.6592678  -1.          0.91457546]
CN[C@@H](C)Cc1ccccc1,[-1.        -1.        -1.        -1.         0.9699411]
COc1ccc2ncc(=O)n(CCN3CC[C@@H](NCc4cc5c(cn4)OCCO5)[C@@H](O)C3)c2c1,[ 1.  1.  1. -1.  1.]
C[C@H](Nc1ccc2ncn(-c3cc(C4CC4)[nH]n3)c2n1)c1ncc(F)cn1,[-1.  1. -1. -1. -1.]
O=[N+]([O-])c1ccc(O)c(CNCCCl)c1,[ 1.         0.9777003 -1.        -1.         1.       ]
CO/N=C(\C(=O)N[C@@H]1C(=O)N2C(C(=O)O)=C(C)CS[C@H]12)c1csc(N)n1,[-1.          1.          0.06374476 -0.9835156  -0.02056131]
C=Cc1ccccc1,[-1.  1. -1. -1. -1.]
CC(C)(C)[NH2+]CC(O)COc1ccc(NC(=O)NC2CCCCC2)cc1,[-0.7480816  -1.         -1.          1.          0.99826145]
O=C(N[C@H](Cc1ccc(Cl)cc1)C(=O)N1CCC(Cn2cncn2)(C2CCCCC2)CC1)[C@H]1Cc2ccccc2CN1,[-1.          1.          1.         -1.         -0.88203794]
CC(C)CCP(CCC(C)C)CCC(C)C,[-1.          1.         -1.          0.90860426  1.        ]
CCCCN1CCOCC1,[ 1.        -1.        -1.        -1.         0.9996235]
CSC(C)=NOC(=O)N(C)SSN(C)C(=O)ON=C(C)SC,[-1.          0.98123026 -1.         -1.         -0.93601394]
CCCCCCCCS(=O)CCCCl,[-1.          0.21895401 -1.          1.         -1.        ]
O=C=Nc1cccc(C(F)(F)F)c1,[-1.         -0.73979795 -1.         -1.          1.        ]
C=C(C)C(=O)O,[ 1. -1. -1. -1. -1.]
Cc1ccc(S(=O)(=O)Nc2c(C(=O)NC3CCCCC3)c(C)nn2-c2ccccc2)cc1,[ 1.  1. -1.  1. -1.]
NCC(=O)O,[-1.          0.94147384 -1.         -1.         -1.        ]
CCCC(CCC)C(N)=O,[ 1.         -0.6281491   0.48871788  0.67372555 -1.        ]
CCCN(CCC)c1c([N+](=O)[O-])cc(S(=O)(=O)N=S(C)C)cc1[N+](=O)[O-],[-1. -1.  1. -1.  1.]
ClCC1OC1CCl,[ 1.          1.         -1.          1.         -0.07081462]
Cc1ccc(O)cc1,[-0.8295326  1.         1.        -0.8882644  1.       ]
C=C(C)C1CCC(C)(OP(=S)(OC)OC)CC1,[-1.  1. -1.  1. -1.]
O=C(O)c1cc(O)c(O)c(OC(=O)c2cc(O)c(O)c(O)c2)c1,[-1.          0.11675406  1.          1.         -1.        ]
Cc1cccc(NC(=S)N(C)C)c1,[-1.         1.        -0.9444747 -1.         1.       ]
Nc1ccc(S(=O)(=O)O)c2cccc(S(=O)(=O)O)c12,[-1.          0.99723697  1.         -1.         -1.        ]
CC(C(N)=O)(c1ccccc1)c1ccc(N)cc1,[ 1.         -1.          0.760231    1.          0.15036769]
CO/N=C(\C(=O)NC1C(=O)N2C(C(=O)[O-])=C(COC(N)=O)CSC12)c1ccco1,[ 1.          1.         -0.99877644 -0.9881275  -1.        ]
c1ccc(C2CO2)cc1,[-0.9946472  1.         1.        -1.         1.       ]
CCCC(=O)C1c2cccc(O)c2C(=O)c2c(O)cccc21,[ 1.          0.72736776 -1.          0.5797618   1.        ]
C=CCSC(=S)SC(Cl)(Cl)Cl,[ 1.         1.        -1.        -1.        -0.8211826]
CC(C)(C)C(=O)C(Oc1ccc(Cl)cc1)n1cncn1,[ 1.         1.         1.        -1.        -0.8700522]
CN1CCN(CCC(=O)NN=Cc2ccc([N+](=O)[O-])o2)CC1,[ 1.         -1.          0.97009206 -1.          1.        ]
CCCS(=O)CCC[NH+](CC)CC(O)COc1ccc(C#N)cc1,[ 0.5727757   1.         -1.         -1.         -0.98226243]
CC(C(=O)O)c1ccc(C(=O)c2cccs2)cc1,[-1.          1.          0.4192695   1.         -0.75387573]
CCCCCCCCBr,[ 1.        -1.         1.        -1.        -0.6577559]
CSC#N,[-0.244357  -1.        -1.        -1.         0.9988045]
Cc1ccc(C)c(C)c1C,[-1. -1. -1. -1. -1.]
CN(C)Cc1cc(CN(C)C)c(O)c(CN(C)C)c1,[ 1.         1.         0.9148367  1.        -1.       ]
COC(=O)Nc1nc2ccc(C(=O)c3ccccc3)cc2[nH]1,[ 0.7799469  1.        -1.        -1.         1.       ]
OCC#CCO,[-0.99632835  1.          1.         -0.9903995   1.        ]
CC(Oc1ccccc1)C(=O)NC1C(=O)N2C1SC(C)(C)C2C(=O)[O-],[ 1.          1.         -1.         -1.         -0.07210436]
Cc1nc(C)c(C(=O)Nc2ccccc2)s1,[ 1.         -0.91159576  0.46749997  1.          0.11604675]
CCNC(=O)C[C@@H]1N=C(c2ccc(Cl)cc2)c2cc(OC)ccc2-n2c(C)nnc21,[ 0.9369278  1.        -1.        -1.        -1.       ]
COc1ccccc1Oc1c([N-]S(=O)(=O)c2ccc(C)cn2)nc(-c2ccnc(-c3nnn[n-]3)c2)nc1OCCO,[-0.9997806 -0.7265878 -1.        -1.        -1.       ]
C1CN2CCC1CC2,[ 1.         1.        -1.        -1.         0.5294575]
O=C(CF)NNc1ccccc1,[-1.  1. -1.  1. -1.]
O=[N+]([O-])c1c(Cl)c(Cl)c2nc(C(F)(F)F)[nH]c2c1Cl,[-1.          0.95277685 -1.         -1.          0.47595808]
[NH3+]C1CN(c2c(F)cc3c(=O)c(C(=O)[O-])cn(C4CC4F)c3c2Cl)CC12CC2,[-1.  1. -1.  1.  1.]
COC(=O)[C@@H]1[C@H](O)CC[C@@H]2CN3CCc4c([nH]c5ccccc45)[C@H]3C[C@H]21,[ 0.99824566  1.         -1.         -0.73463464 -0.14239629]
CC(C)=CC1C(C(=O)Cl)C1(C)C,[-0.9346006  1.        -1.        -1.         1.       ]
CCCCC(CC)(C(=O)OCC)C(=O)OCCN(CC)CC,[-1.  1. -1.  1. -1.]
O=C1COc2ccc(CNC3CCN(CCN4C(=O)COc5ccc(-c6ccco6)cc54)CC3)nc2N1,[ 0.21686119  1.         -1.          1.          1.        ]
CC1=CC2OC3C(O)C(O)C(C)(C34CO4)C2(CO)C(O)C1=O,[-1.  1.  1.  1. -1.]
C=CCCCCCCCCC(=O)O,[ 0.9985009 -1.        -1.        -1.         1.       ]
C=CC(C)(CCC=C(C)C)OC(=O)C=Cc1ccccc1,[ 1.  1. -1. -1. -1.]
CCC1OC(=O)C(C)C(OC2CC(C)(OC)C(O)C(C)O2)C(C)C(OC2OC(C)CC(N(C)C)C2O)C(C)(O)CC(C)C(=NOCOCCOC)C(C)C(O)C1(C)O,[ 0.28706208  1.         -1.          1.         -1.        ]
COC(=O)CCBr,[-1.          0.99351954  1.         -1.          1.        ]
CC(O)c1ccccc1,[-1.  1. -1. -1. -1.]
CCOc1ccccc1-c1ccc(-c2nc3ccncc3c(O)c2C#N)cc1,[-1.        -1.        -1.         0.5999246  1.       ]
CCCCC(CC)C(=O)OC1=C(c2c(C)cc(C)cc2C)C(=O)c2ccccc21,[ 1.          1.         -0.05012835 -1.          1.        ]
Nc1ccc(F)cc1F,[-1.          1.         -1.          0.67014015 -1.        ]
FC(F)(F)c1cccc(N=Cc2cccnc2)c1,[ 0.21230613  1.         -1.          1.         -0.9555371 ]
CC(C)(C)c1ccc(C(=O)O)cc1,[-0.69602793  1.          1.         -1.         -1.        ]
CCCCCCCCCCc1ccccc1S(=O)(=O)O,[ 0.16930173  1.         -1.         -1.         -0.839495  ]
NCCCCC(CN)CCCN,[ 1.          1.         -1.         -1.          0.69067335]
CN(C)C(=O)CCSC(SCCC(=O)[O-])c1cccc(/C=C/c2ccc3ccc(Cl)cc3n2)c1,[-0.42910698  1.         -1.          0.9991481   1.        ]
O=C(/C=C/c1ccc(C[NH+](CCO)CCc2c[nH]c3ccccc23)cc1)NO,[-0.36060387 -1.          1.          1.          1.        ]
CCOP(=S)(OCC)OC(C)CC,[ 1.  1. -1.  1. -1.]
CCCCOP(=O)(CC)SCCCC,[ 0.9827347   1.         -1.         -1.          0.69924873]
C[Si](Cl)(Cl)Cl,[-0.20622408  1.         -1.         -0.11640577 -0.61537933]
Nc1nc(NC2CC2)c2ncn([C@H]3C=C[C@@H](CO)C3)c2n1,[0.9862026 1.        0.9997097 0.6572017 1.       ]
CN(C)CC1CCCCC1(O)c1cccc(O)c1,[1. 1. 1. 1. 1.]
COc1ccc2c(c1)c(CC(=O)Oc1cccc(C(F)(F)F)c1)c(C)n2C(=O)c1ccc(Cl)cc1,[ 1.          1.          0.15210393 -1.         -1.        ]
CC(c1ccc(Cl)c(Cl)c1)N1N=C(N)CC1=O,[-1. -1. -1. -1. -1.]
C=CC=COC,[-1.         -0.62712747 -1.         -0.9577335   1.        ]
N#CC(N=Nc1ccc(C(F)(F)F)cc1)=NNc1ccc(C(F)(F)F)cc1,[ 1.  1.  1. -1. -1.]
CS(=O)(=O)c1ccccc1C(=O)NC[C@@H](O)CN1CCC(Oc2ccc(Cl)c(Cl)c2)CC1,[ 0.98397994  1.          1.         -1.         -1.        ]
COP(=S)(OC)SCSc1ccccc1Cl,[ 1.         1.        -1.         1.         0.9996135]
CCN(CC)N=Nc1cccnc1,[ 1.  1.  1. -1. -1.]
CCN(CC)C(=O)c1ccc(OC)cc1O,[ 1.  1. -1.  1. -1.]
C=CCc1cc(OC)c(OC(C)C(O)c2cc(OC)c(OC)c(OC)c2)c(OC)c1,[-0.5856127 -1.        -1.        -1.        -1.       ]
CC#Cc1cncc(-c2cccc(C3(c4cc(C)c(OC)c(C)c4)N=C(C)C(N)=N3)c2)c1,[1.         1.         1.         1.         0.79076207]
C=CCNC(N)=S,[ 1.         -1.          0.56180024 -1.         -0.65852535]
COc1ccc2ncc(=O)n(CCN3CC[C@H](NCc4cc5c(cn4)OCCO5)[C@@H](OC)C3)c2c1,[ 1.         1.        -1.         0.9680019 -1.       ]
O=C(CCC[NH+]1CCC(n2c(=O)[nH]c3ccccc32)CC1)c1ccc(F)cc1,[-0.5528736  1.         1.         1.         1.       ]
CCC(CC)COCCOC(=O)CCCCC(=O)OCCOCC(CC)CC,[-1.  1.  1. -1. -1.]
CCCCC(C=CC(C)=O)CC,[-1.          1.         -0.90392923 -0.9312219   1.        ]
Cc1cccc(O)c1,[ 0.91871315  1.         -1.         -1.         -0.22317415]
C[Si]1(C)O[Si](C)(C)O[Si](C)(C)O[Si](C)(C)O1,[ 1.          1.         -1.         -0.91462255 -0.93841887]
CC(=O)OC=CCOC(C)=O,[ 1.         1.        -1.        -0.9841694  1.       ]
O=C(c1cccc(Cc2n[nH]c(=O)c3ccccc23)c1)N1CCN(c2ncccn2)CC1,[-0.92733896 -0.32676235  1.         -1.          1.        ]
CCC(C)=O,[ 0.6663355  1.        -1.        -1.         0.9540327]
CC1(C)S[C@@H]2[C@H](NC(=O)COc3ccccc3)C(=O)N2[C@H]1C(=O)O,[ 1.        -0.6494869 -1.         0.7961574  0.9674069]
CC(C)N(C(=O)CCl)c1ccccc1,[ 1.         1.        -1.         1.         0.8131104]
COc1ccc(-c2cc(O)nc(N)n2)cc1C#N,[ 1.          1.          0.13234283 -1.         -1.        ]
CCN(Cc1c(F)cccc1Cl)c1c([N+](=O)[O-])cc(C(F)(F)F)cc1[N+](=O)[O-],[-0.38232896  1.         -1.         -1.         -1.        ]
CC(NC(C)c1ccccc1)c1ccccc1,[-0.544849  1.       -1.        1.       -1.      ]
COc1ccc2[nH]cc(CCNC(C)=O)c2c1,[-0.4766122   1.          0.72733104 -1.         -0.930171  ]
Cc1nc(C(C)C)c(-c2ccc([C@H]3CC[C@H](CC(=O)O)CC3)cc2)nc1C(N)=O,[ 1.         -0.96549296  1.         -0.91893226  0.4364392 ]
NS(=O)(=O)c1ccc(S(=O)(=O)Nc2cccc3c(Cl)c[nH]c23)cc1,[ 0.9992974  -1.         -0.99303067 -0.868708    0.6536821 ]
CCOC(=O)C(F)(F)C(F)(F)C(F)(F)C(=O)OCC,[-0.9906277  1.        -1.        -1.         0.4746201]
Clc1ccc(C(Cl)(Cl)c2ccc(Cl)cc2)cc1,[ 1.          1.          1.         -1.          0.43427747]
[NH3+]CC(=O)CCC(=O)[O-],[-0.41824427  1.          1.         -1.         -0.99998724]
COCCOCc1ccccc1,[-0.68531823  0.01970159 -0.43661162  0.46137455 -0.06150533]
Cc1ccc([N+](=O)[O-])cc1,[ 1.          1.         -1.          0.08934991 -1.        ]
COC(=O)c1ccccc1,[ 1.         1.        -0.8355995 -1.        -1.       ]
CCC(CC)NC(=O)c1cn(-c2ccccc2)nc1NS(=O)(=O)c1ccc(C)cc1,[-1.         -1.         -1.          1.         -0.62378997]
CC=CC(C)=O,[ 1.  1. -1.  1. -1.]
CC(C)C[C@H]1C(=O)N2CCC[C@H]2[C@]2(O)O[C@@](C)(NC(=O)[C@@H]3C[C@@H]4c5cccc6[nH]cc(c56)C[C@H]4N(C)C3)C(=O)N12,[-1.        -1.        -1.        -1.        -0.7058575]
CC(C)Cn1c(=O)n(C)c(=O)c2c(C(=O)N3CC[C@@H](O)C3)c(Cc3c[nH]c4ncccc34)sc21,[ 1.          1.         -1.          0.9388805   0.18803872]
COCCNCc1ccc(Nc2ncc3cc(-c4ccncc4)ccc3n2)cc1,[-0.99940145  1.         -1.         -0.9860245   0.7930316 ]
Cc1cc(-c2ccc(-c3nc4ccncc4c(O)c3C#N)cc2)ccn1,[ 1.         -1.         -0.7445192  -1.          0.34378597]
CCCCCCCCCC(=O)N[C@H]1[C@H](Oc2c3cc4cc2Oc2ccc(cc2Cl)[C@@H](O[C@@H]2O[C@H](CO)[C@@H](O)[C@H](O)[C@H]2NC(C)=O)[C@@H]2NC(=O)[C@H](NC(=O)[C@@H]4NC(=O)[C@H]4NC(=O)[C@@H](Cc5ccc(c(Cl)c5)O3)NC(=O)[C@H](N)c3ccc(O)c(c3)Oc3cc(O)cc4c3)c3ccc(O)c(c3)-c3c(O[C@H]4O[C@H](CO)[C@@H](O)[C@H](O)[C@@H]4O)cc(O)cc3[C@@H](C(=O)[O-])NC2=O)O[C@H](CO)[C@@H](O)[C@@H]1O,[ 1.         1.         1.        -1.         0.9713755]
COc1ccccc1Oc1c([N-]S(=O)(=O)c2ccc(C)cn2)nc(-c2ccncc2)nc1OC,[ 1.         1.        -1.        -1.        -0.1684596]
CCCOP(=O)(OCCC)Oc1ccc(SC)cc1,[-0.7549131   1.         -1.         -0.4616674   0.01633613]
O=C(O)CC(O)(CC(=O)O)C(=O)O,[ 1. -1. -1. -1. -1.]
CC(C)CC(NC(=O)C(NC(=O)c1cccc(-c2ccccc2)n1)C(C)O)B(O)O,[ 1.  1. -1.  1.  1.]
O=[N+]([O-])c1cc(Cl)c2nc(C(F)(F)F)[nH]c2c1,[1. 1. 1. 1. 1.]
CNC(=O)Oc1ccccc1C1OCCO1,[-1.  1. -1. -1. -1.]
C[C@@H](NC(=O)C1(NC(=O)C(F)(F)F)CC1)c1ccc(-c2cc(Cl)cc(F)c2-c2nnn(C)n2)cc1F,[ 1.         1.         1.         0.4730843 -1.       ]
CCCCC(CC)COC(CBr)c1ccc(C2CCCCC2)cc1,[ 1. -1.  1. -1.  1.]
CC(=O)N(C)c1ccc(Nc2ncc3cc(-c4ccncc4)ccc3n2)cc1,[ 1.        -1.        -0.9999225 -1.         0.9168855]
OCCNc1ccccc1,[-1.         -1.          0.02908351  1.          1.        ]
CCCc1nc(C)c2c(=O)[nH]c(-c3cc(S(=O)(=O)N4CC[NH+](CC)CC4)ccc3OCC)nn12,[ 1.         1.        -1.        -1.         0.7686731]
CC(C)(C)C(=O)COc1ccc(Cl)cc1,[ 1.         1.         1.        -1.        -0.4270753]
C=CCN(C)N=O,[ 0.16188718  1.         -1.          0.9997591   0.21769236]
CCC1(CC)C(=O)NCC(C)C1=O,[-1.         -1.          0.35135436 -1.          0.24404596]
CN1CC(C(=O)NC2(C)OC3(O)C4CCCN4C(=O)C(Cc4ccccc4)N3C2=O)C=C2c3cccc4[nH]cc(c34)CC21,[-1.  1. -1. -1.  1.]
O=C1CC(c2ccc(O)cc2)Oc2cc(O)ccc21,[ 1.          1.         -1.         -0.24373828 -0.46036932]
CCOC(C)COC(C)CO,[-1.          1.         -1.          1.         -0.76074636]
CCCCC(C)(C)C(O)C=CC1C(O)CC(=O)C1CCCCC=CC(=O)OC,[ 1.          1.          0.33404878 -1.          0.8376385 ]
CCOC(=O)CN(C(=O)CCl)c1c(CC)cccc1CC,[1. 1. 1. 1. 1.]
CCSP(=O)(CC)OC,[-1.         -1.          1.          0.8916779  -0.26009277]
CC(C)=CCN(CC=C(C)C)CCC(C(N)=O)c1cccc2ccccc12,[-0.9993836   0.13263172 -1.         -1.          0.03728966]
CCOP(=O)(OCC)SCc1nnc(OC)s1,[-1.          1.          0.32642385 -1.         -0.99993026]
COc1cc(C(=O)N2CC[C@](CCN3CCC(C(=O)N4CCOCC4)(c4ccccc4)CC3)(c3ccc(Cl)c(Cl)c3)C2)cc(OC)c1OC,[-1.         1.         0.5814874  1.        -1.       ]
O=c1cc(N2CCOCC2)nc2n(Cc3cccc(Cl)c3)ccn12,[-0.39611053  0.96395314 -1.         -1.         -0.8269497 ]
COc1cccc(OC)c1O,[-0.5887607   1.         -0.97224677 -1.          1.        ]
Clc1c(Cl)c(Cl)c(Cl)c(Cl)c1Cl,[1.         1.         1.         0.87437886 0.7645113 ]
CCOP(=S)(CC)SCN1C(=O)c2ccccc2C1=O,[ 1.          1.         -1.         -0.46107474  0.9721942 ]
C[C@@H]1NC(=O)[C@@H](C)N(C)C(=O)[C@H](C)NC(=O)[C@@H](C)NC(=O)[C@@H](C)N(C)C(=O)[C@H](C)NC1=O,[-1. -1. -1.  1.  1.]
CCN(CC)P1(=S)OCc2cc([N+](=O)[O-])ccc2O1,[ 0.4145118  1.        -0.147228  -1.        -1.       ]
NC1=NC(c2ccc(F)cc2)Cc2ccc(F)cc21,[ 1.        1.       -1.        1.       -0.788584]
CC1=NC(=O)C(CC[NH+](C(C)C)C(C)C)(c2ccccc2)C2CCCCN12,[-0.9753061  1.         1.        -1.        -1.       ]
CSCCC=O,[-1.  1.  1. -1. -1.]
CCCCC(=O)OCC(=O)C1(O)C(C)CC2C3CCC4=CC(=O)C=CC4(C)C3(F)C(O)CC21C,[ 1.  1. -1.  1. -1.]
C#CCOCC#C,[-0.53906983 -0.9217387   1.         -1.         -0.1760932 ]
CCC(C)C(CN(C)C)c1ccc(OC)c(Cl)c1,[ 0.5127696  1.        -1.        -1.        -1.       ]
CC(C)c1ccccc1,[-1.          1.          0.99899316 -0.42096066  1.        ]
NC(=O)Nc1cccc2c3c([nH]c12)CCCC3,[-1.          1.         -1.         -0.9477547  -0.72319233]
CCN1CC(CCN2CCOCC2)C(c2ccccc2)(c2ccccc2)C1=O,[-0.7452887  1.        -1.        -1.        -1.       ]
CNc1c(C(N)=O)cnc2[nH]c(-c3ccc(OCCN4CCOCC4)cc3)nc12,[-1.  1. -1. -1.  1.]
CCO[Si](CC)(OCC)OCC,[-1.  1. -1. -1. -1.]
FC(F)(F)c1nc2cc(Cl)ccc2[nH]1,[-0.9738158  1.        -1.         1.        -1.       ]
CC1=C(C(=O)[O-])N2C(=O)C(NC(=O)C([NH3+])c3ccccc3)C2SC1,[ 1.         -1.         -1.         -0.98182607  1.        ]
CCC(=O)OC(=O)CC,[ 0.9862567 -1.        -1.        -1.        -1.       ]
CCCCCCOCCCCCC,[ 1.         1.         1.        -1.        -0.3054942]
CSc1ccc(O)cc1C,[ 0.99921674  1.         -1.         -1.         -0.6947373 ]
CC(C)[NH+]1CCC(N(C(=O)Cc2ccccc2)c2ccc(Cl)cc2)CC1,[ 1.         -0.92488325 -1.         -1.         -1.        ]
O=C(O)c1ccc(Cl)c([N+](=O)[O-])c1,[ 1.  1. -1. -1.  1.]
CCOC(=O)Cc1ccccc1,[ 1. -1.  1.  1.  1.]
N#CSCC(Cl)SC#N,[-1.          1.          0.9942247   0.04508276 -0.9827434 ]
COP(=S)(OC)Oc1ccc(Cl)c([N+](=O)[O-])c1,[-0.48993573 -1.          1.         -1.          1.        ]
ClCc1c(Cl)cc(Cl)cc1Cl,[ 1.  1. -1. -1. -1.]
COc1ccc(C2(c3cccc(-c4cncnc4)c3)N=C(N)c3c(F)cccc32)cc1,[ 1.  1. -1. -1.  1.]
S=c1[nH]c(=S)[nH]c(=S)[nH]1,[ 1.  1.  1. -1. -1.]
Cc1cc(OCCO)cc(C)c1Cl,[-0.8811207  1.         0.4665679  1.         1.       ]
CC(C)Cn1c(=O)n(C)c(=O)c2c(SCCCO)c(Cc3cccc4ccccc34)sc21,[ 0.9943507   1.         -0.9809601  -1.          0.27516526]
CCOC(C1=NCC(CC)(CC)CN1)c1ccc(Cl)cc1,[-0.6598412   0.99935275 -1.          0.32671654 -0.9923221 ]
Nc1ncnc2[nH]cnc12,[ 0.71249235  1.         -0.4019158  -0.49725738  0.91794   ]
CCCn1c(=O)[n-]c(=O)c2nc[nH]c21,[ 0.2612616  1.         0.19606   -1.         0.8860096]
COC(=O)[C@@H]1C2CCC(C[C@@H]1c1ccc(I)cc1)N2CCCF,[-0.01255913  1.         -1.         -1.         -1.        ]
C=CN1CCCC1=O,[ 1.         -0.8302202   0.49119556 -1.          1.        ]
CN1C(=N)N[C@](C)(c2cc(-c3cccc(C#N)c3)cs2)CC1=O,[-0.18778403  1.         -0.19890913 -1.         -0.41673917]
ClC=CCl,[-1.          1.          0.25630316 -1.          0.20104873]
c1ccc2c3c([nH]c2c1)CCCC3,[-1.          1.         -1.         -0.38487998 -0.5926539 ]
O=C(NC(O)C(Cl)(Cl)Cl)NC(O)C(Cl)(Cl)Cl,[ 0.99593574  0.77321553 -0.91148037 -0.6866221  -0.04861504]
CCCSP(=O)(OC)SCCC,[-1.          1.         -0.98450476 -1.         -1.        ]
NC(=O)c1ccccc1Cl,[ 0.8508897  -0.40072495  0.24470668  1.          0.54850596]
Cc1cc(-n2c(C)nc3ccccc3c2=O)n(-c2ccccc2)n1,[-1.          1.         -0.8771678  -1.          0.47757486]
O=Cc1cccc(Br)c1,[ 1.          1.          0.15571631 -1.         -0.84780604]
CCOP(=O)(Oc1ccc([N+](=O)[O-])cc1)SCC,[ 1.         -0.24901825 -1.         -1.         -1.        ]
CN1CCN(C(=O)NN=Cc2ccc([N+](=O)[O-])o2)CC1,[ 1.        -1.        -1.         0.9957885  1.       ]
CCl,[-1.          1.          0.25777304 -0.42376244 -1.        ]
O=C(O)CF,[ 0.37827343  1.         -1.         -0.9998868   0.42381385]
CC(C)(C)c1cc(CCC(=O)OCCSCCOC(=O)CCc2cc(C(C)(C)C)c(O)c(C(C)(C)C)c2)cc(C(C)(C)C)c1O,[ 1.         -1.         -1.          0.4259932   0.26946318]
CNC(=O)Oc1ccccc1C1OCCCO1,[-0.46924666  1.         -1.         -1.         -0.6307549 ]
CON=C(C)C(=NOC(=O)N(C)SSC(C)(C)C)C(=O)N(C)C,[-1.         1.        -0.9959279  1.        -0.7204932]
COP(=O)(OC)SC(C)C,[ 0.8509363 -1.         1.        -1.        -1.       ]
CCCCN1CCCCC1C(=O)Nc1c(C)cccc1C,[ 1.  1. -1.  1. -1.]
Nc1ccn([C@@H]2O[C@H](CO)[C@@H](O)C2(F)F)c(=O)n1,[-1.        -1.        -1.        -1.        -0.9077302]
N#CC(C#N)=Cc1ccccc1Cl,[-0.9236333  1.        -1.        -1.        -1.       ]
CC(O)COCC(C)O,[-1.         1.        -0.9993743 -1.         0.9998074]
CCOP(=S)(Oc1cnn(C)c(=O)c1Cl)OC(C)C,[ 0.01520437  1.          0.43688244 -1.          1.        ]
COc1ccc(CC[NH+](C)CCCC(C#N)(c2cc(OC)c(OC)c(OC)c2)C(C)C)cc1OC,[-1.          1.         -1.         -1.          0.38579914]
COc1ccc(C(=C(C#N)CCC(=O)O)c2ccc(OC)cc2)cc1,[ 1. -1. -1. -1.  1.]
CO[C@H]1[C@@H](O)[C@H](N)[C@@H](O[C@H]2O[C@H]([C@H](C)N)CC[C@H]2N)[C@H](O)[C@H]1N(C)C(=O)CN,[ 1.  1. -1. -1. -1.]
CCC(=O)N(c1ccccc1)C1(COC)CCN(CCn2nnn(CC)c2=O)CC1,[ 1. -1. -1.  1. -1.]
C[NH+]1CCN2c3ncccc3Cc3ccccc3C2C1,[ 1.  1. -1.  1. -1.]
CCOC(=O)CCC(=O)CC1(O)C2(Cl)C3(Cl)C4(Cl)C(Cl)(Cl)C5(Cl)C3(Cl)C1(Cl)C5(Cl)C42Cl,[ 1.         -0.77568704 -0.7887148   1.         -1.        ]
[NH3+]CCCCC(NC(=O)C(Cc1cc(Br)c([O-])c(Br)c1)NC(=O)N1CCC(N2Cc3ccccc3NC2=O)CC1)C(=O)N1CCN(c2cc[nH+]cc2)CC1,[-1.          1.         -0.22069685  1.         -0.9094794 ]
Cc1ccc2sc(C)nc2c1,[ 1.          0.97265375 -1.         -1.          0.3252256 ]
CCc1ccc(CCO)nc1,[ 1.         -1.          1.          1.          0.54764575]
C#CC(C)(C)O,[ 1.        -1.         0.7033276 -1.         0.9484308]
O=C(Oc1ccccc1)c1ccccc1O,[ 1.         -0.39655071 -1.         -1.          0.97426337]
CCOCCC(=O)OCC,[-0.7551826   1.         -1.         -1.          0.19207776]
COC(=O)C[C@@H](C(=O)NN(Cc1ccc(Br)cc1)C[C@@](O)(Cc1ccccc1)C(=O)NC1CCOC1)C(C)(C)C,[-1.        1.       -1.       -1.        0.631224]
CCP(=S)(OC)Sc1ccc(C(C)(C)C)cc1,[ 1.  1. -1. -1. -1.]
CC(=O)Nc1ccc(N)cc1,[ 0.9910416  1.        -1.        -1.         1.       ]
C1NNCN2CNNCN12,[ 1. -1. -1. -1.  1.]
COc1cccc(S(=O)(=O)c2c(C)n(CC(=O)O)c3ccc(C)cc23)c1,[-0.7808319  1.        -1.         1.         0.9811364]
CC(C)(C)c1ccc(C(O)CCCN2CCC(C(O)(c3ccccc3)c3ccccc3)CC2)cc1,[-1.         1.        -0.4208256 -1.        -1.       ]
O=P(Oc1ccccc1)(Oc1ccccc1)OC1CCCCC1,[-0.76561517  1.         -1.          0.65923506  0.24995717]
C=CCSC1=NCCS1,[-0.19378446  1.         -1.          1.         -1.        ]
CCCOC(=O)C1=C(C)NC(C)=C(C(=O)OCCC)C1C1=COCCO1,[-1.          1.         -0.19555403 -1.          0.4862954 ]
Nc1nc2[nH]cnc2c(=S)[nH]1,[ 0.94534296  0.6926859  -0.2696107  -1.          1.        ]
CC(=O)OCC(C(OC(C)=O)c1ccccc1)[N+](=O)[O-],[-0.38154724  1.          0.1812526  -0.9031392  -1.        ]
N#CCCCCC#N,[-0.89329654  0.9993356  -1.          0.7231982  -0.9977554 ]
CCCC(O)C(CC)CO,[ 1.          0.99990255  1.         -1.         -1.        ]
Oc1ccc(Cl)cc1Cl,[-1.         1.        -1.        -1.        -0.8474731]
CNC(=O)/C=C(/c1ccc2nc(N)n(C3CCCC3)c2c1)c1ccccc1F,[-1. -1. -1. -1. -1.]
Nc1ncn([C@H]2C[C@H](O)[C@@H](CO)O2)c(=O)n1,[-1.         0.9416067 -1.        -1.         0.8038323]
CNC(=O)C(C)SCCSP(=O)(OC)OC,[-1.  1. -1.  1.  1.]
CCOP(=O)(OCC)Sc1c(Cl)c(Cl)c(Cl)c(Cl)c1Cl,[ 1.          1.         -1.         -1.          0.00141288]
CCCCCCOC(=O)c1ccccc1C(=O)OCCCCCC,[ 0.99248624  1.          1.         -1.          0.9152139 ]
Nc1ncn(C2CC(O)C(CO)O2)c(=O)n1,[-1.         1.         0.4588398 -1.         1.       ]
O=S(=O)(Nc1ccc2sc(CO)nc2c1)c1ccc(Br)cc1,[ 0.98443115  1.         -1.         -0.96440446  0.74180984]
O=C(OC1(O)CCCC1)C1CCCCC1,[-1.         -0.69118667 -1.         -1.          0.05988566]
CNC(=O)c1cc(-c2ccccc2)ccc1OCCO,[-1.  1. -1. -1.  1.]
Cc1oc(=O)oc1COC(=O)N1CCC(N2CCN(CC(=O)c3ccc(OCC(=O)OC4CCCCC4)cc3)C(=O)C2)CC1,[-1.  1.  1.  1.  1.]
N#CCCNc1ccccc1,[ 1.          1.         -0.9857211  -1.         -0.27267873]
Nc1nc(F)nc2c1ncn2C1OC(CO)C(O)C1O,[ 0.9958393  1.        -0.7760558 -1.        -1.       ]
Cn1c(N2CCCN(CCCN3c4ccccc4Sc4ccc(/C=C/C(=O)O)cc43)CC2)cc(=O)n(C)c1=O,[ 0.98447907  1.         -1.         -1.          1.        ]
CCCCCCCCCC(=O)NP(=O)(OC)SC,[ 1.          1.         -0.30173528 -1.          0.53196216]
CCC1Cc2cc(CC(=O)O)ccc2O1,[-0.99926704 -1.         -1.         -1.         -0.9299349 ]
FC(F)(C(Cl)(Cl)Cl)C(Cl)(Cl)Cl,[-1.         -1.          0.61641777 -1.         -1.        ]
CN1C(=O)CC(N2CCCN(CC/C=C3/c4ccccc4CCc4ccc(C(=O)O)cc43)CC2)N(C)C1=O,[ 1.  1. -1. -1. -1.]
CCO[Si](CCCC#N)(OCC)OCC,[ 1.  1. -1. -1. -1.]
C=COC(=O)CCCCC(=O)OC,[-1.          1.          0.64418817 -1.         -1.        ]
NCCNCCNCCN,[ 1.  1. -1. -1. -1.]
Cc1ccc(C(=O)N2CC3CNCC(C2)O3)cc1NC(=O)CC12CC3CC(CC(C3)C1)C2,[-0.92195195  1.         -0.35600424  1.          0.5977493 ]
COc1ncc(-c2c(C)ccc(F)c2CCNC(=O)c2ccc(OCC(F)(F)F)nc2)cn1,[ 1.  1. -1. -1.  1.]
CCCCC(CC)COC(CBr)c1ccccc1,[ 0.95764565  1.         -1.         -1.          1.        ]
N#CCC(=O)O,[-0.9303682 -1.        -0.6188599 -1.        -1.       ]
CC(O)CC=O,[-0.33464527  1.         -0.10855479 -0.582755    0.52594566]
CC(=O)CC(=O)Nc1ccccc1C,[1. 1. 1. 1. 1.]
O=C(/C=C/c1cccc(S(=O)(=O)Nc2ccccc2)c1)NO,[-1.         -1.         -1.         -0.16113411  1.        ]
CCCP(=O)(CCC)CCC,[-1.          1.         -1.          0.28246513 -1.        ]
CNC(=O)ON=C1SCOC1C,[ 0.01121691  1.          1.         -1.         -0.39226282]
C=Cc1ccc(OC(C)=O)cc1,[-1.         1.        -1.        -1.        -0.7000685]
CO[Si](CCS)(OC)OC,[-0.68630266 -1.         -1.         -1.         -1.        ]
C=CCOC(=O)C=CC(=O)OCC=C,[-0.06104044  1.         -1.         -0.8801391   0.71203166]
CCN(CC)c1ccc2cc(C(=O)NC3(C(=O)N[C@H](Cc4ccccc4)C(=O)NCC4CCN(CC5CCOCC5)CC4)CCCC3)sc2c1,[ 1.        -1.        -1.         1.         0.8622532]
CCOC(=O)COc1ccc2c(C)c(CCN(CC)CC)c(=O)oc2c1Cl,[-1.          0.99072605 -1.          1.          1.        ]
CSC(C)=NOC(=O)N(C)SN(C)C(=O)ON=C(C)SC,[-1.       1.      -1.      -0.52503 -1.     ]
CNC(=O)c1c(I)c(C(=O)NCC(=O)Nc2c(I)c(C(=O)O)c(I)c(C(=O)NCCO)c2I)c(I)c(N(C)C(C)=O)c1I,[ 0.992801   1.        -0.6708439 -1.         1.       ]
C=CCOC(=O)CCCCCCCC1OC1CCCCCCCC,[-1. -1.  1. -1.  1.]
O=C(NCc1ccc(OC(F)(F)F)cc1)C1c2ccccc2C(=O)N1CCc1ncc(F)cn1,[ 1.  1.  1.  1. -1.]
CCCSP(=O)(OCC)Oc1ccc(Br)cc1Cl,[-1.        -1.        -1.        -0.3998821 -0.9998076]
C/C=C(\C)C(=O)O[C@H]1[C@@H](OC(C)=O)c2c(ccc3ccc(=O)oc23)OC1(C)C,[ 1.          1.         -1.          0.17368609  0.56031907]
C1COC(OCC2CO2)C(OCC2CO2)O1,[ 1.  1. -1. -1.  1.]
Cc1cccc2ccccc12,[ 0.9851475   1.         -1.         -0.90389204  0.9930268 ]
NC(CCC(=O)O)C(=O)O,[ 0.05973252  1.         -1.         -1.         -1.        ]
CN(C)CC(=O)NN=Cc1c(Cl)nc2sccn12,[-1.  1. -1. -1. -1.]
COc1ccc(-c2oc3c(CC=C(C)C)c(O)cc(O)c3c(=O)c2O[C@H]2O[C@H](C)[C@@H](O)[C@H](O)[C@@H]2O)cc1,[-0.88859576  1.          0.1626266  -1.          1.        ]
N=C(N)NCC1CCC(C(=O)Oc2ccccc2C(=O)OCc2ccccc2)CC1,[ 0.16355345  1.         -1.         -1.         -1.        ]
Cc1cc(S(=O)(=O)O)cc(C)c1O,[0.6831551 1.        1.        1.        1.       ]
CCCN=C(NCCC)C(OCC)c1ccccc1,[ 1.         -1.          0.78877246 -1.          0.40630007]
CCCC=C(CC)C(=O)O,[ 1.  1.  1. -1. -1.]
CCOP(=S)(OCC)Oc1cccc(F)n1,[ 1.          1.         -0.10912564 -1.         -1.        ]
Cc1ccc(C(=O)c2ccccc2)c(C(=O)O)c1,[-0.8193606  0.9996127 -1.         1.        -1.       ]
O=C(C1CCCCC1)N1CC(=O)N2CCc3ccccc3C2C1,[-1.  1. -1. -1.  1.]
Cc1nnc2n1-c1sc(Br)cc1C(c1ccccc1Cl)=NC2,[-1.  1. -1. -1.  1.]
Cc1nccn1-c1ccc(COc2cc(F)cc(C3(C(N)=O)CCOCC3)c2)cc1,[-0.70814866  1.          1.          1.          0.9994144 ]
COCC(C)=O,[-0.4122202  1.         1.         1.         1.       ]
C=C[Si](Cl)(Cl)CC,[-1.          1.         -1.          0.94276226 -1.        ]
CS(=O)C(C)(C)C(N)=O,[ 1.         1.        -1.        -1.         0.5315522]
CC1=NC(c2ccc(F)cc2)(c2cccc(-c3cccnc3)c2)N=C1N,[ 1.          0.08279291  0.4330517  -1.          0.74576664]
CCCCOc1ccc(C(CN(C)C)C(C)CC)cc1Cl,[-1.          1.          0.09172927 -1.         -0.99981093]
ClC=C(Cl)CCl,[-1.         -1.         -0.23797289  1.          1.        ]
COP(=S)(OC)SCc1nnc(C(C)C)o1,[-0.35261348 -0.20211208 -1.         -1.         -0.9877789 ]
CON(C)C(=O)Nc1ccc(Cl)cc1,[ 1.         1.         1.         1.        -0.8295309]
C=Cc1ccccc1Cl,[ 1.          1.         -1.         -1.          0.37758306]
O=C1NC(=O)C(c2ccccc2)(c2ccccc2)N1,[ 0.32988846  0.99858445  1.         -1.          0.9244613 ]
CC(C)N1CCC(N(C(=O)Cc2ccccc2)c2ccc(Cl)cc2)CC1,[-0.65338135  1.          0.53526384 -1.          0.39761928]
NC1CCS(=O)(=O)C1,[ 0.3265328  -0.6663841  -1.         -1.         -0.99999744]
CC(C)COP(C)(=S)SCN1C(=O)c2ccccc2C1=O,[-1.         -1.         -1.         -1.          0.92227316]
CC12CCCC(C)(OC1)O2,[ 0.9870342  1.         1.        -1.         0.6339737]
CC1=CCC(O)(C(C)C)CC1,[-1.  1. -1.  1. -1.]
CC(C)CC(CCN(C(C)C)C(C)C)(C(N)=O)c1ccccn1,[-1.  1.  1.  1.  1.]
Cc1c(OC2CCN(CC3CCN([C@@](C)(Cc4ccc(F)cc4)C(=O)O)CC3)CC2)ccc(Cl)c1Cl,[ 1.         1.        -0.1006981 -1.         1.       ]
C[NH2+]CCC(Oc1ccccc1C)c1ccccc1,[ 0.51936656  1.         -1.          0.9998312   1.        ]
Cc1ccc(S(=O)(=O)N(C)N=O)cc1,[ 0.40381515  1.         -1.         -1.          0.4851644 ]
O=C(Nc1cccc(C(F)(F)F)c1)c1nscc1NCc1ccncc1,[-0.9998306  1.        -1.        -1.        -1.       ]
CCC1CC2C3CCC4=CC(=O)CCC4C3CCC2(C)C1O,[-0.4620387   1.          0.51856285 -1.          1.        ]
CC#Cc1ccnc(-c2cc(C3(C4CC4)N=C(C)C(N)=N3)ccc2O)c1,[-0.12612407  1.         -1.         -1.         -1.        ]
CCCCCCS,[1. 1. 1. 1. 1.]
CCOC(=O)C1=C(C)NC(C)=C(C(=O)OCC)C1c1ccccc1C=CC(=O)OC(C)(C)C,[ 1.  1.  1. -1.  1.]
CCN(Cc1cc(C(F)(F)F)ccc1-c1cc(CC(=O)O)ccc1OC)C(=O)NCc1ccccc1,[-1.  1.  1. -1. -1.]
COC1(C)CC(c2ccccc2)c2c(c3ccccc3oc2=O)O1,[-1.          1.          0.99957085 -1.         -0.39504367]
N#CC(=C1SCC(c2ccccc2Cl)S1)n1ccnc1,[-0.43521369  1.          1.         -1.          1.        ]
C=CC=CCC1=C(C)C(OC(=O)C2C(C=C(C)C)C2(C)C)CC1=O,[ 1.  1. -1. -1.  1.]
C=C(C)CNCC,[-1.          1.          0.81869364 -1.         -1.        ]
CC(=O)OC1CCCCC1C(C)(C)C,[ 1.          1.         -0.9202786  -1.          0.76094264]
COc1cc2c(cc1OC)-c1c(OC)c(OC)cc3c1C(C2)N(C)CC3,[ 0.9388573  1.         1.         1.        -1.       ]
CCCC(Nc1nc(-c2ccc(NC(=O)NCC)c(OC)c2)ncc1C)c1cccnc1,[-1.         1.        -1.        -1.        -0.8939937]
CN/C(=C\[N+](=O)[O-])NCCSCc1ccc(C[NH+](C)C)o1,[-1.         -0.16117972 -1.         -0.43229085  1.        ]
Cn1c(C#N)ccc1-c1ccc2c(c1)C(C)(C)OC(=S)N2,[-1.  1. -1. -1. -1.]
CCOC(=O)C1CC(=O)C(=C(O)C2CC2)C(=O)C1,[ 1.  1. -1. -1. -1.]
CC(C)Cn1c(=O)n(C)c(=O)c2c(C(=O)N3C[C@H](O)CO3)c(Cc3ccnc4ccccc34)sc21,[ 1.  1.  1. -1. -1.]
CC(C)c1c(C(=O)c2cccnc2)c2ccccc2n1C,[ 1.         1.        -1.        -0.9663156 -1.       ]
COc1cc2ncc(C(N)=O)c(Nc3cccc(Cl)c3Cl)c2cc1N1CCN(C)CC1,[ 0.24151371  1.         -1.         -1.          0.39024135]
N#CSc1ccc(N)cc1,[ 1.  1. -1.  1.  1.]
O=C(c1ccccc1)c1cccc2c1CCC2C(=O)O,[ 1.          1.         -1.          1.         -0.62373143]
CC1(O)CCC2CC1C2(C)C,[-1.         0.9999514 -1.        -1.        -1.       ]
N#Cc1ccc(NCC(F)(F)c2ccccc2)c(F)c1CC(=O)NCCONC(=N)N,[ 0.91508234 -1.         -1.         -1.          1.        ]
CC(=O)N[C@@H]1[C@@H](NC(=N)N)C=C(C(=O)O)O[C@H]1[C@H](O)[C@H](O)CO,[ 1.  1.  1. -1. -1.]
CCOP(=S)(OCC)Oc1cc2ccccc2oc1=O,[-1.  1. -1.  1. -1.]
C=CC(=O)OCC(CC)CC,[ 1.  1.  1. -1. -1.]
COc1cc2nc(C(F)(F)F)[nH]c2cc1OC,[ 1.        -1.         0.9999617 -1.         1.       ]
CC(C)c1ccc(NC(=O)N(C)C)cc1,[ 1.  1.  1.  1. -1.]
CC(C)Cn1c(=O)n(C)c(=O)c2c(-c3ccncc3)n(Cc3cccc4ccccc34)nc21,[-1.          1.         -1.         -1.         -0.71786493]
COP(C)(=O)SC,[-1.          1.         -1.          1.         -0.94723296]
CC1CCCC(C)N1CCCNc1n[nH]c2ccccc12,[-0.99998623  0.80564064 -1.         -1.         -1.        ]
CC(C)NC(=N)NC(C)C,[-1.          1.          1.         -1.         -0.66996336]
CCOC(=O)C1=C(C)NC(C)=C(C(=O)OCC)C1c1ccccc1C(F)(F)F,[-1. -1.  1. -1. -1.]
CCN(CC)c1ccc2cc(C(=O)Nc3ccc4[nH]c(C(=O)N5CC(CCl)c6c5cc(OC(=O)Nc5ccccc5)c5[nH]cc(C)c65)cc4c3)oc2c1,[ 1.  1.  1. -1. -1.]
C1CC2CC1CC2CNCC1CC2CCC1C2,[ 1.         1.         0.5277053  1.        -1.       ]
O=NN(C1CCCCC1)C1CCCCC1,[-1.         1.        -1.        -1.        -0.9589576]
CO[C@H]1/C=C/O[C@@]2(C)Oc3c(C)c(O)c4c(O)c(c(/C=N/N5CCN(C)CC5)c(O)c4c3C2=O)NC(=O)/C(C)=C\C=C\[C@H](C)[C@H](O)[C@@H](C)[C@@H](O)[C@@H](C)[C@H](OC(C)=O)[C@@H]1C,[-0.03235412  0.8745913  -1.         -1.          1.        ]
CC[N+](=O)[O-],[-1.  1. -1. -1.  1.]
CC(Cl)(Cl)CCl,[-0.07045768  1.         -1.         -0.9790365  -1.        ]
CCOC(=O)CCCCCCl,[-1.  1. -1. -1. -1.]
CN(C)Cc1cc(-c2ccccc2)ccc1O,[-0.32542196  1.          1.         -0.99989074  0.95700276]
CCOc1ncc(C)c2c1[C@H](c1ccc(C#N)cc1OC)C(C(N)=O)=C(C)N2,[ 0.9826852  0.9634901 -1.        -1.        -1.       ]
COc1ccc(N)c(S(=O)(=O)O)c1,[ 1.          1.         -1.         -0.9266102   0.50805527]
Cc1cccc(C)c1N(C(=O)CCl)C1CCOC1=O,[-1.          0.55299616 -1.         -1.         -0.9997638 ]
C[Si](C)(C)CCCC(=O)O,[ 1.         -0.11415465 -1.         -1.          1.        ]
COC(=O)C1=C(C(=O)OC)CCCC1,[ 0.4596096   1.          1.         -1.          0.91161966]
NC[C@H]1O[C@H](O[C@@H]2[C@@H](N)C[C@@H](N)[C@H](O[C@H]3O[C@H](CO)[C@@H](O)[C@H](N)[C@H]3O)[C@H]2O)[C@H](O)[C@@H](O)[C@@H]1O,[ 1.          1.          0.75350183 -1.          1.        ]
O=C(O)c1cn(Cc2ccccc2)c2cc(N3CCNCC3)c(F)cc2c1=O,[ 0.96647924 -1.         -1.         -1.          1.        ]
CC(C)[C@H](C(=O)Nc1nccs1)c1ccc(Cl)cc1,[ 1.  1.  1. -1. -1.]
COP(=S)(OC)SCC(=O)N1CCOCC1,[-0.93304753 -1.         -1.          0.76634336  0.89899457]
CCOC(=O)C(C)C[Si](C)(OCC)OCC,[ 1.  1.  1.  1. -1.]
CN(C)CCN(C)C,[-0.98730636  1.         -0.14813945 -1.         -1.        ]
CC(O)CNC(C)(C)Cc1ccc(Cl)cc1,[ 1.  1. -1. -1. -1.]
C1CCSC1,[-1.  1.  1.  1.  1.]
CCC(CO)CC(C)C,[ 0.9256105  1.         1.        -1.         0.9263818]
O=S(=O)(O)c1cccc2c(S(=O)(=O)O)cccc12,[ 1.          1.         -1.         -1.         -0.32399443]
CCCC1C(=O)N(c2ccccc2)N(c2ccccc2)C1=O,[ 1.         0.9912663 -1.        -1.         0.9972333]
CCOP(=S)(Oc1cnn(C)c(=O)c1SC)OC(C)C,[ 0.53719443  1.         -1.         -1.         -1.        ]
C(Oc1nc(OCC2CO2)nc(OCC2CO2)n1)C1CO1,[ 1.  1. -1. -1.  1.]
O=C(O)C1C(=CCO)OC2CC(=O)N21,[-0.7751824  -0.87921315 -1.          0.99289346  0.36839983]
CCOc1ccc(-n2c(C)nc3ccccc3c2=O)cc1,[ 0.97657436 -1.         -1.         -1.         -0.94848096]
CN(C)Cc1ccc(CSCCNC(=C[N+](=O)[O-])N2CCN(C)CC2)o1,[ 0.32448152  1.         -1.         -1.         -0.9989181 ]
CC[C@H](CO)Nc1nc(SCc2ccccc2)nc2[nH]c(=O)sc12,[-0.98583835  1.          0.24465203 -1.          1.        ]
O=C1CN=C(c2ccccc2Cl)c2cc(Br)ccc2N1,[-1.          1.         -1.         -1.          0.83543104]
CS(=O)(=O)c1ccc(-c2cc(C(F)(F)F)ccc2OCC(=O)O)c(Cl)c1,[-1.          1.         -1.         -1.          0.75929236]
COP(=S)(OC)SCC(=O)N(C)C=O,[ 1.          1.          0.9992041  -1.          0.36858678]
N[C@@H](Cc1ccc(N(CCCl)CCCl)cc1)C(=O)O,[ 1.         -0.7030704  -1.         -0.27261806 -0.66187245]
C[C@@H]1O[C@@H](c2ccc(N(O)O)cc2)OC[C@H]1N,[-1.  1. -1.  1. -1.]
CCC(CC)CO[Si](OCC(CC)CC)(OCC(CC)CC)OCC(CC)CC,[ 1. -1. -1.  1. -1.]
COC(=O)c1c(Cl)cc(Cl)cc1-c1ccc([C@@H](C)NC(=O)C2(NC(=O)C(F)(F)F)CC2)c(F)c1,[-1.  1. -1. -1. -1.]
CC(C)Oc1cc2ncc(C(N)=O)c(Nc3cccc(Cl)c3F)c2cc1N1CCN(C)CC1,[ 0.9994608   1.         -0.6407674  -1.          0.00977846]
CS(=O)(=O)Nc1ccc2[nH]c(Cc3ccc(Oc4ccccc4)cc3)nc2c1,[1.         1.         0.76967067 1.         1.        ]
CC[Si](Cl)(Cl)Cl,[ 1.          1.         -1.          1.          0.35911974]
CC(O)CF,[-1.          1.         -1.         -1.         -0.05348069]
C=C(CC(NC(=O)c1ccc(CCc2cnc3nc(N)nc(N)c3n2)cc1)C(=O)[O-])C(=O)[O-],[-1.  1.  1.  1. -1.]
NC(=O)[C@H]1CCCN1C(=O)[C@@H](Cc1c[nH]cn1)NC(=O)[C@H]1CCC(=O)N1,[-0.99978983  0.3401358  -1.         -1.          0.9675762 ]
Nc1ccc(O)c([N+](=O)[O-])c1,[-0.4726538   1.         -1.         -1.          0.74900293]
O=C(O)c1c(Cl)ccc(Cl)c1O,[ 1.          1.         -1.         -0.01470381 -0.16366716]
CCc1ccc(OCC(=O)O)c(-c2ccc(S(C)(=O)=O)cc2)c1,[ 0.95828354  1.         -1.         -1.         -0.34248418]
COCC(=O)N(C)C(=O)Oc1ccccc1OC(C)C,[ 1.          1.         -0.79032886  1.          1.        ]
N=C1C=C(Br)C(=O)c2c(N)cc(Br)c(O)c21,[ 1.          0.3836057  -1.         -1.          0.99349123]
CCN1CCNCC1,[-1.  1. -1. -1. -1.]
ClC(Cl)Cl,[ 1.         0.9159808 -1.        -1.         1.       ]
Cc1onc(-c2ccccc2)c1C(=O)NC1C(=O)N2C1SC(C)(C)C2C(=O)[O-],[-1.         -1.         -1.          0.97899055  1.        ]
O=c1[nH]c(=O)n(C2CC(O)C(CO)O2)cc1Br,[-0.93785244  1.          0.9236952   1.         -1.        ]
CNC(=O)C[C@@H](N)C(=O)N[C@@H](C(=O)N[C@H]1C(=O)N2[C@@H](C(=O)O)C(C)(C)S[C@H]12)c1ccc(O)cc1,[ 1.          1.         -1.          1.         -0.96080494]
CCCOC(=O)c1cc(O)c(O)c(O)c1,[ 1.          1.         -1.         -1.          0.24327648]
C=CCc1ccc2c(c1)OCO2,[-0.91244537  1.         -1.         -1.          0.87076324]
Cc1cccc(C#N)c1C,[ 1.         1.        -1.        -1.         0.6930375]
Cc1cnc(N/C(O)=C2/C(=O)c3ccccc3S(=O)(=O)N2C)s1,[ 1.          1.          1.          0.98940074 -1.        ]
CN(C)C(=O)Nc1ccc(SC(F)(F)Cl)c(Cl)c1,[ 0.9438729  1.        -1.        -1.        -1.       ]
C[Si](Cn1cncn1)(c1ccc(F)cc1)c1ccc(F)cc1,[-0.9757811  0.9982353 -1.        -1.         1.       ]
C[NH2+]C(C)Cc1ccccc1,[ 1.  1. -1. -1. -1.]
CN1CCN(Cc2ccc(C(c3nnnn3Cc3ccccc3)N3CCCN(C4CCC4)CC3)cc2)CC1,[ 1.          1.         -1.         -0.47605643  1.        ]
CC1NCCOC1c1ccccc1,[ 0.9515643   1.         -0.9050028  -1.          0.04654431]
CC1(CCl)COC1,[-0.99395466 -0.8365384  -1.         -1.          1.        ]
COc1ccc2c(O[C@@H]3C[C@H]4C(=O)N[C@]5(C(=O)NS(=O)(=O)C6CC6)C[C@H]5/C=C\CCCCN(C)C(=O)[C@@H]4C3)cc(-n3ccc(C(C)C)n3)nc2c1C,[ 1.        -1.        -1.        -1.        -0.9999973]
CCN(CC)CCNc1ncnc2c1sc1nc(N3CCOCC3)c3c(c12)CCCC3,[ 1.  1. -1. -1. -1.]
O=C(O)C[C@H](NC(=O)[C@@H]1CCCN(C(=O)CCC2CCNCC2)C1)c1cccnc1,[-1.         1.        -0.9959972 -1.        -1.       ]
Cc1cc(C)cc(N)c1,[-1.         1.        -0.9961371  1.        -1.       ]
CC(=O)OC(c1ccc(Cl)c(Cl)c1)C(Cl)(Cl)Cl,[ 1.  1.  1. -1.  1.]
Cc1ccc(-c2ncc(C)n2C)cc1NC(=O)c1ccc(OCc2ccccn2)cc1,[ 1.       -0.446161 -1.       -1.       -1.      ]
COc1ccc2cc(C(C)C(=O)OCCOCCO)ccc2c1,[-1.  1. -1. -1. -1.]
Cc1nn(C)c(Oc2ccccc2)c1C=NOCc1ccc(C(=O)OC(C)(C)C)cc1,[ 1.        -1.        -1.        -1.         0.9944676]
COc1cc2c(Nc3cccc(Cl)c3Cl)c(C(N)=O)cnc2cc1NCCN1CCCCC1,[ 1.          1.         -1.         -0.48716602  0.98685515]
Cc1ccc(-c2ncc(C(F)(F)F)[nH]2)cc1NC(=O)c1ccc(OCc2ccccn2)cc1,[-1.          1.         -1.          1.          0.60770726]
Cc1c(CC(=O)O)c2ccccc2n1C(=O)c1ccccc1,[-1.  1. -1. -1.  1.]
C=CSC=C,[ 1.  1. -1. -1.  1.]
C[C@H]1CN(Cc2cc(Cl)ccc2OCC(=O)O)CCN1C(=O)Cc1ccc(Cl)cc1,[ 1.          1.         -1.         -1.          0.97553486]
CN(C)C(=O)NS(=O)(=O)n1c(N)nc2ccc(C(C(N)=O)c3cccc(F)c3)cc21,[-1.  1. -1. -1.  1.]
Cc1cc(N2CCC[C@@H]2C(=O)NCCc2ccc3c(c2)OCO3)nc(-n2ccnc2)n1,[ 1.          1.         -1.         -0.93169296  1.        ]
Cc1cnc(NCCCN(C)C)c2c1[nH]c1ccc3cc(O)ccc3c12,[-1.          1.         -1.          1.          0.68292475]
c1ccc(-c2cccnc2)cc1,[-1.         1.        -0.2524883 -1.         0.1864878]
O=C(C=CC(=O)OCCCl)OCCCl,[-0.41865048  1.         -1.          1.         -0.590404  ]
O=C(O)COc1ccc(Cl)cc1CN1CCN(S(=O)(=O)Cc2ccccc2)CC1,[ 0.95832014  1.         -1.         -1.         -0.7182049 ]
CC(C)CC(=O)OCCc1ccccc1,[ 1.         0.9283159 -1.        -1.        -1.       ]
CC1(C)Oc2ccc(S(=O)(=O)c3ccccc3)cc2C(N2CCCC2=O)C1O,[ 1.         1.        -1.        -0.9904158  1.       ]
CCOC(=N)c1sc2ccccc2c1O,[-1. -1. -1. -1. -1.]
CC#Cc1cncc(-c2csc([C@]3(C)CC(=O)N(C)C(=N)N3)c2)c1,[-0.6317844  1.         1.        -1.        -1.       ]
CCCCCOc1c(Br)cc(Br)cc1COCCN(CC)CC,[-1.          1.         -1.         -0.98602223 -0.79646504]
CCOC(=O)Cl,[-1. -1. -1.  1.  1.]
CN1C(=O)CC(N2CCCN(CCCN3c4ccccc4COc4ccc(CC(=O)O)cc43)CC2)N(C)C1=O,[-0.30668852  1.         -0.8908343  -1.         -0.15393026]
Cc1ncc(NC(=O)c2cc(NC(=O)c3cccc(C(F)(F)F)c3)ccc2C)s1,[-1.  1. -1. -1. -1.]
c1ccc(-c2ccc(C(c3ccccc3)n3ccnc3)cc2)cc1,[ 1.  1. -1. -1. -1.]
O=C1CCc2cc(C(=O)CCCN3CC=C(c4ccc(Cl)cc4)CC3)ccc2N1,[ 0.5766931   1.         -0.04296716 -0.9224885   1.        ]
CCOC1CC(C)C=CO1,[ 1.         1.        -0.7822544  1.         0.5136765]
O=[N+]([O-])c1cc2nc(C(F)(F)F)[nH]c2cc1[N+](=O)[O-],[-0.6961951  1.        -1.        -1.         0.6279339]
C=CCCCC=CCOC(C)=O,[-1. -1. -1.  1. -1.]
N#Cc1ccc(C(=O)Nc2ccc(-n3ccnc3)nc2)cc1,[-0.5825483 -0.8061007  0.3329877 -1.         0.9515341]
O=C(NCC12CC3CC(CC(C3)C1)C2)c1cc(-n2ncc(=O)[nH]c2=O)ccc1Cl,[ 1. -1. -1.  1. -1.]
CCSC(SCC)=C(C#N)C#N,[ 0.59719837  1.         -1.         -1.          0.70345354]
CC(=O)NC(=O)C(Cl)(Cl)Cl,[ 0.94534165  1.         -1.         -1.          1.        ]
CCOP(=S)(OC(C)C)ON1C(=O)c2ccccc2C1=O,[ 1.       -1.        1.        0.723473  1.      ]
NNC(=S)NN,[-1.         1.        -0.8920831 -1.        -0.7842392]
Cc1ccc(S(=O)(=O)Nc2c(C(=O)N[C@@H](C)C(C)(C)C)c(C)nn2C2CCOC2)cc1,[ 1.          1.         -0.97818357  0.02381621  1.        ]
CON=C(Cc1cccnc1)c1ccc(Cl)cc1Cl,[ 1.  1. -1.  1. -1.]
CCCCC(CC)COCCO,[-0.00830041 -0.53800887 -1.          1.         -0.34373137]
CCOP(=O)(OCC)SCc1nnc(OCCOC)s1,[ 1.        -0.9191244 -1.        -1.         1.       ]
CC(=O)Nc1ccncc1,[ 1.          1.         -1.         -1.         -0.24415685]
C[NH+]1C2CC(OC(=O)C(CO)c3ccccc3)CC1C1OC12,[-0.22554846  0.915219   -0.9149725  -1.          0.2108957 ]
O=C(Nc1ccc(F)cc1F)c1cccnc1Oc1cccc(C(F)(F)F)c1,[ 0.9708513 -0.5823912 -1.         1.         1.       ]
Cc1ncc(NC(=O)c2cc(NC(=O)c3cc(F)cc(Cl)c3)ccc2Cl)s1,[ 1.         1.        -1.        -1.        -0.8291261]
CCSC(=O)N(CC(C)C)CC(C)C,[ 1.          1.         -1.         -0.9622259   0.71106064]
CN(C)C(=S)SC(=S)N(C)C,[1.        1.        1.        0.5341247 1.       ]
CC(C)(C)OCC1CO1,[ 1.        -0.9999648 -1.        -1.         0.3365021]
COc1cc(OC)c(S(=O)(=O)N2c3ccccc3CCC2C)cc1NC(=O)CCC(=O)O,[-1.        -1.        -1.        -1.        -0.8041084]
CC(C)=CCC1C(=O)N(c2ccccc2)N(c2ccccc2)C1=O,[ 1.  1.  1.  1. -1.]
CCC(C)(O)Cc1ccccc1,[ 0.8745099   0.74777645 -1.         -1.          1.        ]
CN(CC=CC#CC(C)(C)C)Cc1cccc2ccccc12,[ 1.          1.         -1.          1.          0.98791623]
C=C(C)C(=O)OC,[ 1.         1.         0.4053906 -1.         1.       ]
CC(NNC(=O)c1ccccc1)c1ccccc1,[ 1.  1.  1. -1. -1.]
Nc1cccc(C(F)(F)F)c1,[-1.         -1.         -1.         -0.24597804  1.        ]
CN[C@@H]1CCc2[nH]c3ccc(C(N)=O)cc3c2C1,[ 0.95885885  1.         -0.07829142 -1.          0.41986948]
Cc1cccc(C)c1NC(=O)C(C)N,[ 0.99157315  1.         -1.         -1.         -1.        ]
CCC(C)(C)c1ccc(OCCCCN)c(C(C)(C)CC)c1,[-0.34953284 -1.         -1.         -1.         -1.        ]
C[N+](C)(C)[NH2+]CCC(=O)[O-],[-0.09434809  1.         -1.          1.         -0.525952  ]
CCCCOc1cccc(NC(=O)OCCN2CCCC2)c1,[ 0.8414659  0.9093933 -1.        -1.         1.       ]
CCOP(=S)(OCC)SCSP(=S)(OCC)OCC,[1. 1. 1. 1. 1.]
Cc1[nH]c(C(=O)NC2CCN(c3ncc(C(=O)O)s3)CC2)c(Cl)c1Cl,[ 1.          1.         -1.         -0.9504272   0.12701243]
CN(C)NC(=O)CCC(=O)O,[ 1. -1. -1.  1. -1.]
CCCCNC(=O)n1c(NC(=O)OC)nc2ccccc21,[ 0.9233658   1.          1.         -1.          0.02867467]
CC[C@H](CO)Nc1nc(SCc2ccccc2)nc2nc(N)sc12,[-0.401033  1.       -1.       -1.       -1.      ]
O=C(O)CO,[-1.          1.          0.42681295 -1.         -0.7329223 ]
CC(=O)O[C@H]1C[C@@H]2CC[C@@H]3[C@H](CC[C@@]4(C)[C@H]3C[C@H]([N+]3(C)CCCCC3)[C@@H]4OC(C)=O)[C@@]2(C)C[C@@H]1N1CCCCC1.[Br-],[ 1.  1.  1. -1.  1.]
CC(C)(C)NC(=O)NCCN1CCOC(CNC(=O)c2cc(Cl)cc(Cl)c2)C1,[-0.99333405  1.         -0.2246844  -1.          0.53388834]
NC1CCC2C3CCC(C3N)C12,[ 1.          1.         -0.85319555  1.          1.        ]
CN,[ 1.          1.          1.         -0.36973357 -1.        ]
CN(C)N=Nc1cccnc1,[-0.441286  -1.         0.9320443  1.         1.       ]
COc1cc(CC2c3cc(OC)c(OC)cc3CCN2C)c(Oc2cc3c(cc2OC)-c2c(OC)c(OC)cc4c2C(C3)N(C)CC4)cc1OC,[-1.         -1.         -1.         -0.03131317 -0.93270355]
Clc1cccc(-c2cnc3ccc(NC4CCOCC4)nn23)c1,[-1.          1.         -0.91361463  1.         -1.        ]
Clc1ccc(C(Cl)(Cl)Cl)cc1,[-1.          1.          0.16966271  1.          0.65219694]
CC=CC=CCOC(C)=O,[-1.         -1.         -1.         -1.          0.79850274]
O=Cc1ccc2c(c1)OCO2,[-1.        -1.         0.7236342 -1.        -1.       ]
NC[C@@H]1CC[C@@H](N)[C@@H](O[C@@H]2[C@@H](N)C[C@@H](N)[C@H](O[C@H]3O[C@H](CO)[C@@H](O)[C@H](N)[C@H]3O)[C@H]2O)O1,[-1.          1.          0.20892164 -1.          0.972802  ]
O=[N+]([O-])c1ccc(-c2ccccc2)cc1,[ 0.9192743  0.9709499 -1.        -1.         1.       ]
CC(CCC(=O)O)C1CCC2C3CCC4CC(O)CCC4(C)C3CC(O)C12C,[ 0.41028172  1.         -1.         -0.7952584   1.        ]
CCCCCCCCCCOC(=O)Cc1ccc(N(CCCl)CCCl)cc1,[ 1.  1. -1. -1. -1.]
COc1ccc2[nH]c([S+]([O-])Cc3ncc(C)c(OC)c3C)nc2c1,[ 1.         -1.         -1.         -0.24604854  1.        ]
CC(C)(C)CC(C)(C)N,[ 1.  1. -1.  1.  1.]
CCC(CC)COCCC(=O)O,[ 0.91789657  1.         -1.         -1.         -1.        ]
COc1ccc(OC)c(C(O)C(C)NC(C)C)c1,[ 0.9991987 -1.        -1.        -1.        -0.9903909]
C=C[Si](Cl)(Cl)Cl,[ 1.          1.         -1.         -1.          0.00250304]
O=C1CN2CCOC2(c2ccccc2F)c2cc(Br)ccc2N1,[-1.  1.  1.  1.  1.]
CN1CCN2c3ncccc3Cc3ccccc3C2C1,[ 0.32437834  1.         -0.06739277 -1.          0.20967788]
CC(C(=O)OCCOCCO)c1ccc2c(c1)C(=O)Cc1ccccc1O2,[-0.37844867  1.          0.5981043   1.          0.99615836]
CC(C=O)Cc1ccc(C(C)C)cc1,[ 0.53898144  1.          1.         -0.8776429   0.31205317]
O=c1c2ccccc2n(-c2cccc(C(F)(F)F)c2)c(=O)n1CCO,[-0.99995124  1.         -1.         -1.          1.        ]
CC(C)NC(=O)c1nn(-c2ccc(Cl)cc2)c(=O)c2c(N)scc12,[-0.778313    1.         -1.          1.         -0.63991183]
Nc1ccc2ccccc2c1,[-0.5850044  1.        -1.        -1.        -1.       ]
CCc1nn(CCCN2CCN(c3cccc(Cl)c3)CC2)c(=O)n1CCOc1ccccc1,[ 1.        -0.7620857 -1.        -1.         0.990669 ]
O=C1CC[C@@]2(O)[C@H]3Cc4ccc(O)c5c4[C@@]2(CCN3CC2CC2)[C@H]1O5,[-0.63020283  1.         -1.         -1.         -0.7033373 ]
O=C1CCCN1,[-1.         1.        -1.        -0.9459516 -0.3146424]
CCCCc1nc(Cl)c(CO)n1Cc1ccc(-c2ccccc2-c2nnn[n-]2)cc1,[ 1.         1.        -1.         1.        -0.8948648]
O=C(O)C=Cc1ccccc1,[-0.9587561  1.        -1.        -0.7757454 -1.       ]
CCCCCn1ncc(OP(=S)(OCC)OC(C)C)c(OC)c1=O,[-1.  1.  1.  1. -1.]
ClCC(Cl)(Cl)CCl,[-1.  1. -1. -1.  1.]
CCOc1ccccc1OCC1C[NH2+]CCO1,[-1.         1.        -1.         1.        -0.4724454]
COc1ccc(CCN(C)CCC[C@](C#N)(c2ccc(OC)c(OC)c2)C(C)C)cc1OC,[-1.        -1.        -1.        -1.         0.9445989]
N#CC(CCN1CCC(C(=O)O)(c2ccccc2)CC1)(c1ccccc1)c1ccccc1,[ 1.          1.          0.32450697  1.         -1.        ]
CCOP(=O)(OC=C(SCC)SCC)OCC,[-0.9996023  -0.40963215 -1.         -1.          1.        ]
c1cncc(C2=NCCC2)c1,[ 0.9644687   1.         -1.         -1.         -0.05768796]
CC(O)C1CC=CCC1,[ 0.69992757  1.         -1.          0.7487486  -0.55856377]
COP(=S)(OC)SC1CCC2C=CCC1S2,[ 1.         1.        -1.        -1.         0.4214328]
Nc1ncnc2c1c(COc1cccc(Cl)c1)nn2C1CCOCC1,[ 0.01202909  1.          0.9978323  -1.          0.6788844 ]
CC(C)(C)C(=O)CCC1C(=O)N(c2ccccc2)N(c2ccccc2)C1=O,[-0.94667286  1.         -1.         -1.         -1.        ]
CCS(=O)Cc1ccccc1OC(=O)NC,[-1.  1. -1. -1. -1.]
CN(C)C(=O)[C@H](O)[C@H](Cc1ccccc1)NC(=O)c1cc2cc(Cl)ccc2[nH]1,[-0.04974182  1.         -1.          1.         -0.89824027]
COc1cc2ncc(C(N)=O)c(Nc3cc(F)ccc3F)c2cc1OC,[ 1.          1.          1.         -1.          0.76186997]
C=C(c1ccccc1)[C@H]1OC[C@@H](N)[C@H](C)O1,[ 1.          1.          0.83376634 -1.          1.        ]
C[C@H](Nc1ncc(Cl)c(Nc2cc(N(C)C)[nH]n2)n1)c1ncc(F)cn1,[ 1.        1.       -1.       -1.       -0.904451]
ClCc1cccc(Oc2ccccc2)c1,[-1.          1.          0.99992937 -1.          0.57715535]
CCOC(=O)COc1ccc(C(=O)CN2CCN(C3CCN(C(=O)OC(C)OC(C)=O)CC3)CC2=O)cc1,[ 0.98518074  1.         -0.7106068  -1.          0.3614163 ]
CCOP(=O)(Cl)Cl,[-1.  1.  1. -1.  1.]
N#Cc1ccc(F)cc1C#N,[-1.         1.        -1.         0.9202418 -1.       ]
C[NH+](C)CCN(Cc1cccs1)c1ccccn1,[ 1.         -1.         -0.14161703 -1.         -1.        ]
COc1ccc(O)c(C(C)(C)C)c1,[-0.99865335  1.         -1.         -1.         -1.        ]
C=C(Cl)C(Cl)=C(Cl)Cl,[ 1.         -1.          0.35525942 -1.         -1.        ]
CC(O)CN(CC(C)O)CC(C)O,[-0.24473858  1.         -1.         -1.          1.        ]
CCCCCCOC(=O)CCCCCCCC(=O)OCCCCCC,[ 1.  1. -1.  1.  1.]
CC(=O)NCC(=O)N[C@@H](CC(N)=O)C(=O)N[C@@H](C)C(N)=O,[1.         0.30835155 0.12725034 0.06038316 0.8541097 ]
CCCCN1C(=O)c2cccc([N+](=O)[O-])c2C1=O,[ 1.          1.         -1.          1.         -0.84555066]
O=C(Nc1cccc(Br)c1)c1nscc1NCc1ccncc1,[ 1.          0.944453   -0.2849879  -1.         -0.44279903]
CCOC(=O)CC[Si](OCC)(OCC)OCC,[ 1.  1. -1. -1. -1.]
O=c1[nH]c2c(O)ccc([C@@H](O)CN[C@H]3CCC[C@@H]3OCc3ccccc3)c2s1,[-1.         1.        -1.        -1.        -0.7531015]
O=C(Cl)c1ccc([N+](=O)[O-])cc1,[ 1.  1. -1. -1.  1.]
CC(C)c1cccc(C(C)(C)O)c1,[ 0.96298844  1.          1.         -1.         -1.        ]
CCCC(=O)OCN(C)N=O,[ 1.        -1.        -1.        -1.        -0.9319843]
CC(=O)C=Cc1ccc(-c2ccccc2)cc1,[ 0.5947957  1.        -0.855135  -0.4519943  0.8185207]
Cc1[n-]c(=O)c(C#N)cc1-c1ccncc1,[-1.          1.          0.17538017 -1.         -1.        ]
Cc1ncc(CO)c(C=NNC(=O)c2ccncc2)c1O,[-1.  1. -1. -1.  1.]
Nc1ccc(O)c(C(=O)O)c1,[-1.  1. -1. -1. -1.]
CCCCCCCCCOC(=O)C1=CNC=C(C(=O)NC2CCCC2)C1c1ccccc1[N+](=O)[O-],[ 1.          1.         -1.         -0.04737774  0.44964427]
Cc1ccc(S(=O)(=O)Nc2c(C(=O)N[C@@H](C)C(C)(C)C)c(C)nn2C2CCOCC2)cc1,[-0.32732847  1.         -1.          1.         -0.9439007 ]
CSc1ccc2c(c1)N(CCC1CCCCN1C)c1ccccc1S2,[ 1.         -0.39549172 -1.         -1.         -0.9571515 ]
Cc1nc(N)ccc1CNC(=O)Cc1c(C#N)ccc(NCC(F)(F)c2ccccn2)c1F,[-0.29833627  1.         -1.         -1.         -1.        ]
COc1ccc2c3c1OC1C(=O)CCC4(O)C(C2)[NH+](C)CCC314,[ 1.  1. -1.  1.  1.]
NC(N)=N/N=C/c1c(Cl)cccc1Cl,[1.         1.         0.43709055 0.9718805  0.5646868 ]
Fc1c(Br)c(F)c2nc(C(F)(F)F)[nH]c2c1Br,[ 1.         1.        -1.         1.        -0.9875682]
CCOC(C1=NCCCCN1)c1ccccc1,[-1.        1.       -1.       -1.       -0.976671]
COP(=S)(OC)Oc1ccc([N+](=O)[O-])c(C(F)(F)F)c1,[ 1.          1.         -0.99541456 -1.         -0.8087255 ]
CCOP(=O)(Cc1ccc(-c2nc3ccccc3s2)cc1)OCC,[-1.         -1.         -1.         -1.         -0.99994147]
CCOc1ccc2cc(S(=O)(=O)O)ccc2c1N,[ 1.         -1.         -1.         -1.         -0.94899434]
CCc1cccc(C)c1N(C(=O)CCl)C(C)COC,[-0.680281  -0.9827406  1.         1.         1.       ]
COP(=S)(OC)Oc1ccc(SC)cc1,[0.97979236 1.         0.41688004 0.4959486  0.88671535]
Nc1nccs1,[ 0.307566 -1.       -1.       -1.       -1.      ]
CCCC(=O)OCc1ccccc1,[-1.  1.  1. -1. -1.]
CC(=O)CCCCn1c(=O)c2c(ncn2C)n(C)c1=O,[-0.9614123   1.         -1.         -1.          0.56011766]
C[C@]12C[C@@H](O)[C@@H]3[C@@H](CCC4=CC(=O)CC[C@@]43C)[C@H]1CC[C@H]2C(=O)CO,[ 1.         1.         0.5357407 -1.         1.       ]
OCCOCCOCCO,[ 1.  1. -1.  1.  1.]
O=Cc1ccccc1Cl,[-0.59442747 -1.         -1.         -1.         -0.7314932 ]
ClCc1ccc(CCl)cc1,[-0.7770738 -1.        -1.        -0.9855175  1.       ]
C1CCOC1,[ 1.         1.        -1.        -1.        -0.8957249]
O=C(c1ccc(F)cc1)C1CC[NH+](CCn2c(=O)[nH]c3ccccc3c2=O)CC1,[-1.  1. -1.  1. -1.]
CCC(C)Cl,[-0.64092934  1.         -1.         -1.          0.29348785]
COc1cc2c(cc1OC)C(c1ccc(N)cc1)=NN=C(C)C2,[-0.8007041   0.05639634  0.6315445  -1.          0.37813273]
Cc1ccccc1C[C@@H](C(=O)O)N1CCC(CN2CCC(Oc3ccc(Cl)c(Cl)c3)CC2)CC1,[ 1.  1.  1.  1. -1.]
O=C(O)Cc1ccc(OCc2ccccc2)c(Cl)c1,[ 0.99413127  0.99986285  0.34222442 -1.         -0.12303564]
CC1C(=O)CC2(C(C)C)CC12,[ 1.          1.         -0.96932954 -1.          0.78295815]
COc1ccc(C2CNC(=O)C2)cc1OC1CCCC1,[ 1.        -1.        -1.        -1.         0.5781822]
COc1ccc2c3c1OC1C(O)C=CC4C(C2)[NH+](C)CCC341,[-1.          1.         -1.          0.04392394  1.        ]
CC1C(=O)OC2CC34C5CC(C(C)(C)C)C36C(OC(=O)C6O)OC4(C(=O)O5)C21O,[ 1.          1.         -1.          0.21044035 -1.        ]
CNC(=O)Oc1cc(C)c(S(C)=O)c(C)c1,[ 1.          1.         -0.99442947 -0.18382792 -1.        ]
CCNC(C)c1ccccc1,[ 1.         1.        -1.        -1.        -0.8855132]
CCOC(=O)Cc1n[nH]c2ccc(Cl)cc12,[-1.  1. -1. -1. -1.]
C/C=C/c1cc(OC)c(OC)cc1OC,[-1.         -1.         -1.         -1.          0.32921237]
CCC1CC2CC3c4[nH]c5ccc(OC)cc5c4CCN(C2)C13,[-1.         1.         0.7674133  1.         1.       ]
O=[N+]([O-])c1cncn1CCN1CCOCC1,[ 1.         1.        -0.9750967 -1.        -1.       ]
CC#Cc1cn([C@@H]2O[C@H](CO)[C@@H](O)[C@@H]2O)c(=O)[nH]c1=O,[ 1.         1.        -1.         0.7790662  0.7111677]
O=C(CC(c1ccccc1)c1ccccc1)N1CCN(C(c2ccccc2)c2ccccc2)CC1,[ 1.          1.         -1.         -0.83590597 -0.27227503]
CNC1=Nc2ccc(Cl)cc2C(c2ccccc2)=[N+]([O-])C1,[-1.  1.  1. -1. -1.]
O=C1CCCN1c1cccc2cccnc12,[ 1. -1.  1.  1. -1.]
O=c1[nH]ncc2ccccc12,[-1.  1. -1.  1.  1.]
CC(c1ccccc1)c1ccccc1CCl,[ 1.          1.          0.87865156  0.8988067  -1.        ]
Cn1c(=O)c2c(ncn2CC2OCCO2)n(C)c1=O,[ 0.6909528  1.         1.        -1.         1.       ]
CC(C)(F)C[C@H](N[C@@H](c1ccc(-c2ccc(S(C)(=O)=O)cc2)cc1)C(F)(F)F)C(=O)NC1(C#N)CC1,[-0.5178814   1.          0.15115689 -1.          0.59966564]
O=C(O)Cc1ccccc1Oc1ccc(Cl)cc1Cl,[-1.        0.999843  1.       -1.       -1.      ]
COc1ccccc1CCNCc1cccc(CCNC[C@H](O)c2ccc(O)c3[nH]c(=O)sc23)c1,[-0.9993433   1.          1.         -1.          0.38579202]
O=C([O-])CCCc1ccc(N(CCCl)CCCl)cc1,[-1.          1.         -1.         -0.91529393  0.04592619]
CNC(C)C#N,[-0.99991703  1.         -0.99992055 -1.         -1.        ]
C=C(C)CCl,[-1.          1.         -1.          1.         -0.79295915]
COC1C=COC2(C)Oc3c(C)c(O)c4c(O)c(c5nc6ccccc6nc5c4c3C2=O)NC(=O)C(C)=CC=CC(C)C(O)C(C)C(O)C(C)C(OC(C)=O)C1C,[ 1.         -0.7088642   0.63813186 -1.          1.        ]
COC(=O)C1=CO[C@@H](C)[C@H]2CN3CCc4c([nH]c5ccccc45)[C@@H]3C[C@@H]12,[ 1.          1.         -0.24348457  0.42144784  1.        ]
CCOC(=O)C1=C(C)NC(C)=C(C(=O)OCC)C1C1=COCCO1,[1.         1.         1.         1.         0.98054653]
COC(=O)C=C(Cl)C(=O)OC,[ 0.98338926  0.76659834 -1.         -1.          0.25078076]
Cc1ccnc2nc(Cc3nc4cc(C(=N)N)ccc4[nH]3)[nH]c12,[-0.62709045 -1.         -1.         -1.          0.44426608]
CC(=O)C=CC1=C(C)CCCC1(C)C,[-1.          0.28277054  0.9299934  -1.         -1.        ]
COc1c(OP(=S)(Oc2cnn(C)c(=O)c2OC)OC(C)C)cnn(C)c1=O,[ 1.         1.         0.5842164 -0.9242156  0.5210162]
Nc1nc(N[NH+]=CC2CCCCC2)nc2c1ncn2C1OC(CO)C(O)C1O,[ 1.         1.        -1.        -1.        -0.9107397]
O=NN(CC(F)(F)F)CC(F)(F)F,[ 1.          1.         -1.         -1.          0.80102277]
O=C(CN1CCCCCC1)N1c2ccccc2Sc2ccccc21,[ 1.          1.         -1.          0.22787873  0.527521  ]
CC[C@]1(O)C[C@H]2CN(CCc3c([nH]c4ccccc34)[C@@](C(=O)OC)(c3cc4c(cc3OC)N(C)[C@H]3[C@@]5(C[C@]6(CC)C=CCN7CC[C@]43[C@@H]76)OC(=O)N(CCCl)C5=O)C2)C1,[-0.32367647 -0.73994875 -1.         -1.         -0.63737845]
Cc1ccc(S(=O)(=O)Nc2c(C(=O)N(C)C3CCCCC3)cnn2-c2ccccc2)cc1,[-0.5005498   1.         -1.         -1.          0.50797325]
CC1(C)[C@@H]2CC[C@@]1(CS(=O)(=O)N1CCN(c3ccc(C(F)(F)F)cn3)CC1)C(=O)C2,[-1.          1.         -1.         -1.          0.41088733]
O=P(c1ccccc1)(c1ccccc1)N(Cc1ccccn1)Cc1ccccn1,[-0.9168621   1.         -1.         -1.         -0.33626887]
O=[N+]([O-])c1ccc(O)c(CNCCO)c1,[-1.  1. -1. -1. -1.]
Cc1nc(N)nc(N2N=CCC2C)n1,[-1.  1.  1. -1. -1.]
CN(C)C(=O)c1cccc(-c2ccccc2)c1O,[-0.97180325  0.93670356 -0.26435295 -1.         -0.4355548 ]
O=C1N=C(O)NC1(c1ccccc1)c1ccccc1,[ 1.  1. -1. -1. -1.]
COc1nc(C)nc(Cl)c1NC1=[NH+]CCN1,[ 1.       -1.       -1.       -1.       -0.778016]
N#Cc1cnn2c(N)cc(-c3ccccc3)nc12,[ 1.          1.         -1.         -1.         -0.38365912]
Cc1ccc(C(C)C)cc1O,[-1.        -0.7831508 -1.        -0.7306794  1.       ]
N[C@H](C(=O)O)[C@@H]1CC(Cl)=NO1,[-1.         1.        -1.        -1.        -0.6862549]
Cc1c(N)cccc1Cn1ccc(OCCc2cccs2)cc1=O,[ 1.  1. -1.  1. -1.]
C=C(Cl)C(=O)OC,[ 1.         0.9497721 -1.        -1.        -1.       ]
CC(=O)N(CC(O)CO)c1c(I)c(C(=O)NCC(O)CO)c(I)c(C(=O)NCC(O)CO)c1I,[ 1.  1. -1. -1.  1.]
CC(C)c1cccc(OC(=O)N(C)N=O)c1,[ 1.  1. -1.  1. -1.]
COc1cccc(-c2cc3c(N[C@H]4CCCNC4)ncc(C(N)=O)c3s2)c1,[ 0.03586104  1.         -1.         -1.          0.6022694 ]
OC(CN1CCCCC1)c1cc(-c2ccccc2)on1,[-1.         1.        -0.9821322 -1.        -0.2612001]
CCNCc1cc([N+](=O)[O-])ccc1O,[-0.39843443  1.         -1.         -1.          1.        ]
O=C(O)CNCP(=O)(O)O,[-1.          1.          1.         -1.          0.13918951]
CCC(C)OP(=S)(CC)OC,[-1.         -0.06770179 -1.          0.80541134 -1.        ]
Cc1cc(C)cc(O)c1,[-1.  1. -1. -1.  1.]
CCN(N=O)C(=O)NC(N)=O,[ 1.          1.         -1.         -0.45885134  0.35626245]
CCOP(=O)(OCC)ON1C(=O)c2cccc3cccc(c23)C1=O,[ 1.         -1.          1.         -1.         -0.10944711]
CCOC(=O)NNc1ccc(N(CC)CC(C)O)nn1,[-1.  1.  1. -1.  1.]
COC(F)(F)C(Cl)Cl,[0.0116405  1.         0.624269   1.         0.48104867]
COC(=O)c1ccccc1N,[-0.00205849  1.         -0.33567807 -1.         -1.        ]
C=CC(=O)OCCOC(=O)CC(C)=O,[ 0.96728325  0.99992144 -1.         -1.          1.        ]
N#Cc1cc(S(=O)(=O)Nc2ncns2)ccc1Oc1cc(Cl)c(F)cc1-c1ccnnc1,[ 1.         0.6924646 -1.         1.        -1.       ]
COc1ccc(CC(=O)NCc2ccccc2-c2ccccc2C(=O)NCCc2cccnc2)cc1,[-1.        -1.         1.         1.         0.8496565]
COC(=O)C1CCc2cc(C3CCCCC3)ccc21,[ 1.        -1.        -1.        -1.         0.9895044]
OC1CCCCC1c1ccccc1,[ 1.          1.          0.79154205 -1.         -0.85924435]
O=C(CCl)CC(=O)Nc1ccccc1,[ 1.         -1.         -1.          0.26184106 -0.8443136 ]
COP(=S)(OC)SCn1nnc2ccccc2c1=O,[-1.         1.        -1.         0.7015477 -0.9128178]
CC[N+](C)(C)c1cccc(O)c1.[Br-],[ 0.4763076  1.         1.        -1.        -1.       ]
Ic1ccccc1,[-1.  1. -1. -1. -1.]
CCCC[C@H](NC[C@@H]1Cc2cccc(c2)CCCCc2cc(cc(N(CCC)S(C)(=O)=O)c2)C(=O)N1)C(=O)NCC(C)C,[-1.  1. -1. -1.  1.]
COC(=O)C1C2CC3c4[nH]c5cc(OC)ccc5c4CCN3CC2CC(O)C1OC,[ 1.          1.          0.13081634 -1.          1.        ]
CC(C)(N)Cc1ccc(Cl)cc1,[ 1.          1.         -1.          1.         -0.02156548]
O=C1c2ccccc2C(=O)c2c(Nc3ccc(Oc4ccc(S(=O)(=O)O)cc4)cc3)ccc(Nc3ccc(Oc4ccc(S(=O)(=O)O)cc4)cc3)c21,[-1. -1. -1. -1. -1.]
COc1ccccc1S(=O)(=O)NC(=O)N1CCC(N2CCC(Oc3ccc(Cl)c(Cl)c3)CC2)CC1,[-1.         -0.22618386  1.         -1.          1.        ]
C=CCOC1CC2CC1CC2OCC=C,[-1.          1.         -1.         -1.         -0.11269996]
CC(C)(O)c1ccccc1,[ 1.          1.          0.47814053 -1.          0.4400488 ]
NC(=O)Cc1cccc2ccccc12,[-0.8888552  1.         0.6121723 -1.         1.       ]
CCCCc1c(C)[nH]c(N(C)C)nc1=O,[ 1.          1.          0.8322235  -0.83156145  1.        ]
Clc1cccc(SCc2nnn[nH]2)c1,[ 1.  1. -1.  1. -1.]
CN(C)CCCC1c2ccccc2Nc2ccc(Cl)cc21,[ 0.97367483  1.         -1.         -1.         -0.65418774]
COC(=O)C1=C(C)NC(C)=C(C(=O)OCC(C)C)C1c1ccccc1N(O)O,[-0.9753807  -0.70892125  0.51492524 -1.          1.        ]
CNC(=O)Oc1ccccc1C1OCC(C)(C)O1,[ 1.         0.5590925 -1.         0.7267744 -1.       ]
O=C=Nc1ccccc1C(F)(F)F,[-0.6465153   0.11799701 -0.07483488  0.96757823  0.9018701 ]
CC1CN(C2CCCCCCCCCCC2)CC(C)O1,[ 1.          1.         -1.         -1.          0.19149992]
COc1cc([C@@H]2c3cc4c(cc3[C@@H](O[C@@H]3O[C@@H]5CO[C@@H](C)O[C@H]5[C@H](O)[C@H]3O)[C@H]3COC(=O)[C@H]23)OCO4)cc(OC)c1O,[-0.86291456  1.         -1.          1.         -1.        ]
Cc1ncc(CO)c(CO)c1O,[-0.13386984  1.         -1.         -1.          1.        ]
CC(O)CCC(C)O,[ 1.         1.        -1.        -0.9569315 -1.       ]
COc1cc2ncnc(Nc3ccc(F)c(Cl)c3)c2cc1NC(=O)/C=C/CN1CCCCC1,[ 1.  1. -1. -1. -1.]
O=C1CN2CCOC2(c2ccccc2Cl)c2cc(Cl)ccc2N1,[1.         1.         0.75805146 0.9922392  0.49383605]
Cc1nc(N2CCN3CCOCC3C2)c(F)c(NNC(=O)C(CC2CCCC2)CN(O)C=O)[nH+]1,[ 1.  1.  1.  1. -1.]
CCCN(CCCl)c1c([N+](=O)[O-])cc(C(F)(F)F)cc1[N+](=O)[O-],[-0.2757888  1.         0.9991691 -1.         1.       ]
[NH3+]C12CC3CC(CC(C3)C1)C2,[ 1.         1.        -1.        -0.9493838  1.       ]
COP(=S)(OC)Oc1ccc(C#N)cc1Cl,[-0.7117905   1.          1.          0.77007985  1.        ]
CC(=O)C(C)(C)C,[ 1.         1.        -0.7698991 -1.         0.1816154]
Fc1ccc(-c2c3cccc(C(F)(F)F)c3nn2Cc2ccc(F)cc2Cl)cc1,[ 1.        -1.        -1.         0.9333571  1.       ]
C=C1CC2CCC34CC5OC6C(OC7CCC(CC(=O)CC8C(CC9OC(CCC1O2)CC(C)C9=C)OC(CC(O)C[NH3+])C8OC)OC7C6O3)C5O4,[ 1.         1.        -1.        -1.        -0.8344894]
O=CNC(N1CCN(C(NC=O)C(Cl)(Cl)Cl)CC1)C(Cl)(Cl)Cl,[ 1.  1. -1. -1.  1.]
COc1cc2ncc(C(N)=O)c(Nc3cc(C)ccc3F)c2cc1OC,[ 1.         -0.01905159  0.32412788 -1.          0.08037687]
Nc1cc(N)cc(C(F)(F)F)c1,[ 0.9988793  1.        -0.5765632 -1.         0.8694348]
Cc1c(Cl)c(Br)cc2[nH]c(C(F)(F)F)nc12,[ 0.15891136 -0.01247748  0.30726996  1.          0.5335431 ]
CCCCCCCCCCOc1c(OC)cc(C(N)=O)cc1OC,[ 0.37053022  1.         -1.         -1.          1.        ]
CCCCOCCCOC(=O)CCOc1cc(Cl)c(Cl)cc1Cl,[ 1.         1.        -1.        -0.9820043 -0.972899 ]
OC1COC2C(O)COC12,[ 1.          1.         -1.         -0.99641854  0.3717236 ]
N#Cc1cc(S(=O)(=O)Nc2ncns2)ccc1Oc1ccc(C(F)(F)F)cc1-c1ccnnc1,[-0.34146652  1.         -0.5490592   1.         -0.45670363]
COc1cc(C(=O)NC2CCCNC2)cc(OC)c1OC,[ 1.          1.         -0.9930386   0.5526234  -0.30813357]
CCSC(=O)NC1CCCCC1,[-0.13737778  1.         -1.          0.10541607 -0.66631067]
CCCC=C(CC)[N+](=O)[O-],[-1.        -0.5368424 -1.        -1.         1.       ]
Cc1nccc2c1[nH]c1cc(O)ccc12,[ 0.16405977 -0.62726676 -1.         -1.          0.29034448]
CCOc1ccc2ccccc2c1,[-1.         -1.         -1.          1.         -0.88392556]
C=CCOc1ccccc1OC[C@@H](CNC(C)C)OC(=O)C1CC1,[-1.         -0.9688303   0.10481483 -1.         -0.889728  ]
