Cc1c(C(C)C)c(=O)n(-c2ccccc2)n1C,[-1.         -1.         -0.94471365 -1.          1.        ]
C1CCC2CCCCC2C1,[ 1.  1. -1. -1.  1.]
CCCCC(CC)C(=O)OC1=C(c2c(C)cc(C)cc2C)C(=O)c2ccccc21,[ 1.          1.         -1.          1.         -0.74687016]
CC(C)(O)c1ccccc1,[ 1.  1. -1.  1. -1.]
COCCOCc1ccccc1,[ 1.  1.  1. -1.  1.]
COP(=S)(OC)SCc1nc(N)nc(N)n1,[-1.        1.       -1.        0.903506  1.      ]
Cc1ccc(C(=O)N(CCCN)[C@@H](c2nc3cc(Cl)ccc3c(=O)n2Cc2ccccc2)C(C)C)cc1,[ 1.         1.        -0.8823954 -1.        -1.       ]
COc1cc2ncc(C(N)=O)c(Nc3cccc(Cl)c3Cl)c2cc1N1CCN(C)CC1,[-0.8134653  1.        -1.        -1.         1.       ]
Nn1cnc2cc3ccccc3cc2c1=O,[ 1.          1.         -1.          0.73103774  1.        ]
CN1C(=O)CN=C(c2ccccc2F)c2cc(Cl)ccc21,[ 1. -1. -1. -1. -1.]
O=C(O)CCC(=O)O,[ 0.26073292 -0.26394448 -1.         -0.9429972   0.7399882 ]
CC(C)OP(=S)(OC(C)C)SCn1nc(Cl)ccc1=O,[ 0.5249948   1.         -1.         -1.          0.17329875]
O=C1c2cccc(S(=O)(=O)O)c2C(=O)c2c1cccc2S(=O)(=O)O,[-1. -1. -1. -1. -1.]
Cn1cncc1CN(CCN(Cc1ccccc1)S(=O)(=O)c1ccccn1)c1ccc(C#N)cc1,[0.68948895 1.         0.9498887  1.         1.        ]
COP(=S)(OC)Oc1ccc(C#N)cc1,[ 1.        -1.         1.        -1.         0.5769847]
CC(C)(C)c1cc(O)ccc1O,[-1.          1.         -1.         -1.         -0.34587577]
CCCCCCOC(=O)C(O)c1ccccc1,[ 1.        -1.        -1.        -1.        -0.8718181]
O=C1C2CC3C1C1(Cl)C(Cl)C4(Cl)C2C3C1(Cl)C4(Cl)Cl,[ 1.          0.99820495 -1.          1.         -1.        ]
COc1ccccc1Oc1c([N-]S(=O)(=O)c2ccc(C)cn2)nc(-c2ccncc2)nc1OC,[ 1.  1. -1. -1. -1.]
C1COCCOCCNCCOCCOCCN1,[ 1.  1. -1. -1. -1.]
CCCCCCCCCCOC(=O)Cc1ccc(N(CCCl)CCCl)cc1,[-1.         -0.51082414  1.         -1.         -1.        ]
NCCNCCNCc1ccccc1O,[-0.7447721  1.        -1.         1.        -0.9444649]
CC1CC(=O)NN=C1c1ccc([N-]N=C(C#N)C#N)cc1,[-0.95814747  1.         -1.         -1.         -0.8275628 ]
COc1cc(OC)c(S(=O)(=O)N(c2ccccc2)C(C)C)cc1NC(C)=O,[ 1.        -0.8101357 -1.        -1.        -1.       ]
COc1ccc(CC2NCC(O)C2OC(C)=O)cc1,[ 1.  1.  1. -1. -1.]
ClCC1CO1,[-0.9739266  1.         0.5679625 -1.        -1.       ]
O=C(NCCNCC(O)COc1ccc(O)cc1)N1CCOCC1,[ 1.  1. -1. -1. -1.]
NCCCCN,[-1.         -0.99767125 -1.         -1.         -0.8807589 ]
Cc1ccc(NC(=O)c2ccc(Cl)c(C(F)(F)F)c2)cc1C(=O)Nc1cccnc1,[-0.6704016   1.         -1.          0.56991386  0.02979589]
ClCc1ccccc1,[ 0.07532439 -0.31264094 -1.         -1.         -1.        ]
CCCCOCC1CO1,[-1.          1.         -1.          1.          0.57372665]
CCCC(=O)OC1(C(=O)COC(=O)CC)CCC2C3CCC4=CC(=O)CCC4(C)C3C(O)CC21C,[1.        1.        1.        0.9851009 1.       ]
CCCOC(=O)Cc1ccc(OCC(=O)N(CC)CC)c(OC)c1,[-1.  1. -1. -1. -1.]
O=C(Nc1cccc(Cl)c1)Nc1nnc(-c2ccncc2)s1,[-1.  1.  1. -1.  1.]
CCCCC(=O)N(Cc1ccc(-c2ccccc2-c2nnn[n-]2)cc1)C(C(=O)[O-])C(C)C,[-0.25652346  0.99970686 -1.         -1.         -0.5942898 ]
CC(C)(C)c1cc([N+](=O)[O-])cc([N+](=O)[O-])c1O,[-1.          1.          1.          0.72232634 -0.47356123]
O=C1CCc2cc(C=CCN3CCN(c4ccc(Cl)cc4)CC3)ccc2N1,[ 1.  1.  1. -1.  1.]
CCCCC(CC)(C(=O)OCC)C(=O)OCCN(CC)CC,[-1.          0.999082   -1.         -1.         -0.74003106]
CNC(=O)c1c(I)c(NC(C)=O)c(I)c(C(=O)[O-])c1I,[ 1. -1.  1. -1. -1.]
CCC(C)(C)c1ccc(Cl)c(OC(=O)NC)c1,[ 0.13908166  1.         -1.         -1.         -0.82306474]
C=CN(C)N=O,[-0.42783967  1.         -1.         -1.         -0.04332504]
Cc1ccc2c(c1)c(Sc1cccc(Cl)c1)c(C)n2CC(=O)O,[-1. -1. -1. -1.  1.]
CCOC(=O)Cl,[ 1. -1.  1. -1.  1.]
COc1cc(Nc2nc(N[C@@H](C)c3ncc(F)cn3)ncc2Br)n[nH]1,[ 1.         -0.30714646  0.04726821  1.         -0.2106269 ]
C=CC(=O)OCCCCCCOC(=O)C=C,[ 0.8079935  1.         0.610328  -0.4930783 -0.8887266]
CN(CCOc1ccc(CC2SC(=O)NC2=O)cc1)c1ccccn1,[ 1.          0.81113523 -1.          0.848376    1.        ]
CSCCC([NH3+])C(=O)NC1(C(=O)[O-])CS(=O)(=O)C2C(C(=O)[O-])C21,[ 1.  1.  1.  1. -1.]
CC(C)(C)NCCO,[-1.          0.04449812 -1.         -1.          1.        ]
COc1ccc(-c2cc(=O)c3ccc(OC)cc3o2)cc1,[ 1.         1.         1.         0.9995927 -1.       ]
O=[N+]([O-])OCC(O)CO,[ 1. -1. -1. -1.  1.]
COC(=O)c1ccccc1N=NN(C)C,[ 1.         1.        -0.9889558 -1.         1.       ]
Cn1c(COP(=O)(NCCBr)NCCBr)cnc1[N+](=O)[O-],[-0.83831465  1.         -1.          1.         -1.        ]
Cc1cc(=O)n(CSP(=S)(OC(C)C)OC(C)C)nc1Cl,[-1.          0.4047757  -1.          1.         -0.81427866]
OCCOCCN1CCN(C(c2ccccc2)c2ccc(Cl)cc2)CC1,[ 1.         -0.46150765  1.         -1.         -1.        ]
COc1ccc(CC2c3cc(OC)c(OC)cc3CCN2C)cc1OC,[ 0.9691275   0.896871   -1.          0.12012697 -0.8997172 ]
CCc1c2c(nc3ccc(O)cc13)-c1cc3c(c(=O)n1C2)COC(=O)[C@]3(O)CC,[ 1.         1.        -0.9629813 -1.        -1.       ]
CC1CCC(C(C)C)C(O)C1,[-1.          1.         -0.9856118   1.          0.54698145]
O=[N+]([O-])C(CO)(CO)CO,[-1.          1.         -1.          0.79955864 -0.4603974 ]
CCOC(=O)NCCOc1ccc(Oc2ccccc2)cc1,[-0.7199886  1.        -1.         0.9869697  1.       ]
CC(=O)c1c(C)c2cnc(Nc3ccc(N4CCNCC4)cn3)nc2n(C2CCCC2)c1=O,[-0.99998325  1.         -1.         -1.         -0.74057716]
Cc1c(CN2CCOC(c3ccccc3)C2C)c(=O)n(-c2ccccc2)n1C,[ 1.  1. -1.  1. -1.]
CCOc1cc2nnc(C(N)=O)c(Nc3ccc(F)cc3F)c2cc1N1CCN(C)CC1,[ 1. -1. -1. -1.  1.]
O=C(C(F)(F)Cl)C(F)(F)Cl,[ 1.         0.984622   0.6399369 -1.        -1.       ]
CN1CCCCC1CCN1c2ccccc2Sc2ccc(S(C)=O)cc21,[-0.58416843  1.          1.          0.9216735   1.        ]
C[NH2+]C(C)Cc1ccccc1,[-1.         -0.48095137 -1.          0.7153523  -1.        ]
CCOC(=O)CCN(Cc1ccccc1)SN(C)C(=O)ON=C(C)SC,[-0.84085757  1.         -0.95110345 -0.86100024  0.60461473]
CN(C)C(Cc1ccccc1)c1ccccc1,[-0.99907684  0.34198853  0.65451795 -1.          1.        ]
COP(=S)(OC)SC(CBr)N1C(=O)c2ccccc2C1=O,[-0.99215525  1.          1.          1.         -0.6415631 ]
Cc1ccc(CO)cc1N(C)c1ccnc(Nc2cc(N3CCCOCC3)cc(N3CCOCC3)c2)n1,[ 0.99943745  1.         -1.          1.         -0.6069498 ]
C=CCC1/C=C(\C)CC(C)CC(OC)C2OC(O)(C(=O)C(=O)N3CCCCC3C(=O)OC(/C(C)=C/C3CCC(O)C(OC)C3)C(C)C(O)CC1=O)C(C)CC2OC,[ 1.  1. -1. -1. -1.]
CC(=O)NC(CS)C(=O)[O-],[ 1.        -1.         1.         1.         0.8217799]
CCN(CC)CCOCCO,[ 1.         1.        -1.        -1.        -0.8823957]
NCCCC[C@H](N[C@@H](CCc1ccccc1)C(=O)O)C(=O)N1CCC[C@@H]1C(=O)O,[ 1.         -0.36797497 -1.         -1.         -1.        ]
CC(NC(C)c1ccccc1)c1ccccc1,[ 0.97720224  1.         -1.         -1.          0.7247675 ]
C#CCc1ccc(COC(=O)C2C(C=C(C)C)C2(C)C)o1,[ 1.         1.        -1.        -1.         0.9974951]
Cc1ccc(-c2ccccc2)cc1,[-1.          1.         -1.          1.         -0.99904245]
CCCCC(CC)CNC1CCCCC1,[ 1.          1.         -1.         -0.53384054 -1.        ]
Clc1nc(Cl)nc(Cl)n1,[ 0.27105084 -0.02631502  1.          1.          0.33036658]
CCN(CCO)c1cccc(C)c1,[ 0.7444266  1.        -1.         1.         1.       ]
CC(=O)O[C@H]1C[C@@H]2CC[C@@H]3[C@H](CC[C@@]4(C)[C@H]3C[C@H]([N+]3(C)CCCCC3)[C@@H]4OC(C)=O)[C@@]2(C)C[C@@H]1N1CCCCC1.[Br-],[ 1.  1. -1.  1. -1.]
COC(=O)/C=C/CNC(=O)CN1C(=O)[C@@H](COC(=O)Nc2ccc(Cl)cc2C(F)(F)F)N=C(c2ccccc2)c2ccccc21,[ 1.          1.          0.704638   -1.          0.84005713]
CCNC(=O)C(C)OC(=O)Nc1ccccc1,[ 1.          1.         -1.          0.99645627  1.        ]
Clc1ccc(C(OCCN2CCCCC2)c2ccccc2)cc1,[-1.         -0.7142942   0.54395616 -1.         -0.92191696]
O=[N+]([O-])c1ccc(O)c(CNCCO)c1,[1.         1.         1.         0.71740085 1.        ]
O=CC1=CCCCC1,[ 1.        -0.7403087 -1.        -1.        -1.       ]
Cc1c(OCC(F)(F)F)ccnc1CS(=O)c1nc2ccccc2[nH]1,[ 0.3471211 -1.        -1.        -1.        -1.       ]
c1ccc(C2CO2)cc1,[ 1. -1. -1. -1. -1.]
Oc1ccc(O)cc1,[ 1.  1. -1. -1. -1.]
COc1ccc(NC(=O)c2ccnc(N)n2)cc1,[ 1.         -0.7094403   0.33734825  0.6744357  -0.31981325]
C=COC(=O)C=CC,[-1.          1.          0.56387573  0.12226189 -0.50736296]
O=C(COc1ccc(Cc2ccc(Cl)cc2)cc1)OCc1cccnc1,[ 1.         -1.          0.77273935 -0.7607407   0.7924562 ]
CC1CCCCC1NC(=O)Nc1ccccc1,[ 1.          1.          0.98561096 -1.          1.        ]
COc1cc2c(cc1OC)C(CCc1ccc(Cl)cc1)N(C)CC2,[ 1.        1.       -1.       -1.        0.532313]
NC(=O)N1C(=O)C(C(=O)c2cccs2)c2cc(Cl)ccc21,[ 0.99578273  1.         -1.         -1.          0.44546703]
C[C@@H](NC(=O)C1CCCCN1C)c1ccc(Nc2ncc3cc(-c4ccncc4)ccc3n2)cc1,[-1.  1.  1. -1. -1.]
C=C(C)CN(CC)c1c([N+](=O)[O-])cc(C(F)(F)F)cc1[N+](=O)[O-],[ 1.         -1.         -0.13572074 -0.9992834  -1.        ]
Cn1c(C2=CCN(CCCN3c4ccccc4Sc4ccc(CC(=O)O)cc43)CC2)cc(=O)n(C)c1=O,[-1. -1.  1.  1. -1.]
CN,[-0.55775595  1.         -1.         -1.         -1.        ]
C=COCCOC,[-0.73499537  1.          0.99999875 -1.         -0.75620145]
Cc1ncc(C[n+]2csc(CCO)c2C)c(N)n1,[-1. -1.  1. -1. -1.]
CC(C)c1cccc(C(C)C)c1O,[ 1.  1. -1. -1. -1.]
O=C(O)c1cccc(Cl)n1,[ 1.         1.        -1.         1.        -0.7648044]
CC(C)=CCOC(=O)c1ccccc1,[ 0.1079838  -1.         -1.          1.         -0.67190677]
FC(F)(F)c1nc2c(Br)cc(Br)cc2[nH]1,[ 1.          1.         -0.9440081  -0.14375204 -0.95042354]
O=CNc1cc([C@@H](O)CNCCc2ccc(NC[C@H](O)c3ccccc3)cc2)ccc1O,[ 0.90588355 -0.68673456  1.         -1.          1.        ]
C=CCc1cc(OC)c2c(c1)OCO2,[ 1.          1.         -1.         -1.          0.45590508]
CC(C)NCC(O)c1ccc(O)c(O)c1,[ 1.         -0.47815117 -0.8450249  -1.         -1.        ]
NC(=O)[C@H](Cc1ccccc1)NC(=O)OCc1ccccc1,[ 1.          1.         -1.          0.68636626 -0.674238  ]
OC(CCN1CCCC1)(c1ccccc1)C1CCCCC1,[ 0.9332153 -1.        -1.        -0.3948759  1.       ]
Cc1cnc(Nc2cc(N3CCOCC3)nc(N[C@@H](C)c3ncc(F)cn3)n2)s1,[ 0.5825924   1.         -1.         -1.          0.78980076]
Nc1ccc(S(=O)(=O)O)c2cccc(O)c12,[ 1.  1.  1. -1. -1.]
CCC(CC)(C(=O)O)c1cccc2ccccc12,[-1.          1.         -1.          0.7995566  -0.89576405]
C#CC1(O)C=CC2C3CCC4=CC(=O)CCC4C3CCC21CC,[-0.8460479  -0.4426592  -1.          0.50680006  1.        ]
CN1CCN(CCC=C2c3ccccc3Sc3ccc(S(=O)(=O)N(C)C)cc32)CC1,[ 1.         -1.         -1.          0.2507002   0.07157553]
Cc1ccc(NC(=O)c2ccc(C#N)cc2)cc1-n1cnc2ccc(N3CCN(C)CC3)cc2c1=O,[ 1.         1.        -1.         0.9997873 -1.       ]
O=C(c1csc2c1CCCC2)N1CCCCC1,[-0.02450451  1.         -1.         -0.7727602  -1.        ]
Nc1ccc(N)cc1,[-0.8072612   0.3611619  -1.         -1.         -0.17254658]
CC(C)NCC(O)COc1cccc2ccccc12,[ 1.         1.        -1.         0.5562558 -1.       ]
Cc1cc(=O)cc(-c2ccccc2)o1,[ 1.         1.        -1.         1.        -0.4386901]
CN(C1CCCCC1)C1CCCCC1,[ 0.96175337 -1.         -1.          1.         -1.        ]
CCCCCCN,[ 1.        0.970317 -1.       -1.       -1.      ]
O=S(=O)(O)c1ccc2cc(Nc3cccc4c(O)c(S(=O)(=O)O)ccc34)ccc2c1O,[ 0.6659391  -1.         -1.          1.          0.76263124]
Oc1c(O)c(-c2c(Cl)c(Cl)c(Cl)c(Cl)c2Cl)c(Cl)c(Cl)c1Cl,[ 0.21028529  1.         -0.48817477  1.          1.        ]
Clc1cc(Cl)c2nsnc2c1Cl,[-0.0413294  1.        -1.        -1.        -0.8635114]
CC(C)Oc1ccc2c(=O)c(-c3ccccc3)coc2c1,[ 1.          1.         -1.          1.         -0.32307035]
Cc1ccc(C(=O)c2ccc(CC(=O)NCC(=O)Nc3cccc(C)c3C)n2C)cc1,[ 1. -1. -1. -1. -1.]
Nc1nc(O)c(Cl)c(-c2ccccc2)n1,[ 0.63345826  1.         -1.         -1.          0.31349766]
COP(=O)(SC(C)C)SC(C)C,[ 1.  1.  1. -1.  1.]
CCN(CC)c1ccc(-c2nc(=O)n(C)nc2-c2ccc(N(CC)CC)cc2)cc1,[ 1.         0.9154959 -1.        -1.         0.4718464]
CN(C)c1ccc(C(O)(c2ccc(N(C)C)cc2)c2ccc(N(C)C)cc2)cc1,[ 1.  1. -1. -1.  1.]
CCN1CN(CO)C(=O)N(CO)C1,[ 1.          0.88400126 -1.         -1.         -1.        ]
CCC(=O)OC1C(C)OC(OC2C(C)OC(OC3C(CC=O)CC(C)C(O)C=CC=CCC(C)OC(=O)CC(OC(C)=O)C3OC)C(O)C2N(C)C)CC1(C)O,[-1. -1. -1. -1. -1.]
Cc1cccc(C)c1CCNC(N)=O,[-1.         1.        -1.        -1.        -0.9659804]
Fc1cc(-c2cccc3ncc(-c4cnn(C5CCNCC5)c4)nc23)cc(F)c1CN1CCOCC1,[-0.9938108  1.         1.        -1.        -1.       ]
CCCCOC(=O)CC(SC(CC(=O)OCCCC)C(=O)OCCCC)C(=O)OCCCC,[ 1.          1.         -1.          0.95004624 -0.36724114]
CC(C)(C)NCCC(O)c1cc(C(F)(F)F)nc2c(C(F)(F)F)cccc12,[-0.956797    1.         -0.00736861  0.2739181  -0.92556036]
C=CC(=O)OCCOC(=O)c1ccc(C(=O)O)cc1C(=O)O,[ 1.         1.         1.         1.        -0.7928535]
CN(C)CCCNCCCN(C)C,[-1.          1.          0.8189346   0.01434406 -1.        ]
CN(C)c1ccc(O)c2c1CC1CC3C([NH+](C)C)C([O-])=C(C(N)=O)C(=O)C3(O)C(O)=C1C2=O,[-1.  1. -1. -1. -1.]
COc1cc(OC)c(S(=O)(=O)NCc2ccccc2N2CCCCC2)cc1NC(=O)CCC(=O)O,[-0.9252382  1.        -1.        -1.        -0.9974808]
COc1cc(C=CC(=S)N2CCOCC2)cc(OC)c1OC,[-1.          1.         -1.         -1.         -0.99325347]
COc1ccc(-c2nc3ccc(C4=NNC(=O)CC4C)cc3[nH]2)cc1,[ 1.  1. -1. -1.  1.]
CC(C)CN,[ 1.          1.          0.99053675  0.96065885 -0.5429183 ]
CC(C)c1cccc(OC(=O)N(C)C)c1,[-1.         -1.         -1.          0.42298666 -0.4586479 ]
COCCOCCOC(C)=O,[ 1.         -0.26476392  0.951815   -1.         -0.85857266]
COC(=O)c1ccccc1,[ 1.  1. -1. -1. -1.]
C1=CC2C=CC1C2,[-0.9850098  1.        -1.        -1.         1.       ]
CC(=O)[C@H]1CC[C@H]2[C@@H]3CC[C@@H]4C[C@H](O)CC[C@]4(C)[C@H]3CC[C@]12C,[-1.          0.98273206 -1.         -1.         -1.        ]
C[NH+](CCOc1ccc(NS(C)(=O)=O)cc1)CCc1ccc(NS(C)(=O)=O)cc1,[-0.07963833 -1.          1.         -1.          1.        ]
O=C1NC(c2ccc(Br)cc2)Nc2ccccc21,[-0.9927068 -0.0645443  1.        -1.        -0.8287773]
Cc1cnc(C(=O)c2ncnc3[nH]ccc23)c(NS(=O)(=O)c2ccc(Cl)c(C(F)(F)F)c2)c1,[-1.          1.         -1.          0.8307117  -0.93245494]
C1CN1P1(N2CC2)=NP(N2CC2)(N2CC2)=NP(N2CC2)(N2CC2)=N1,[-1.         -1.          0.11280053 -1.          1.        ]
CCN(CC)c1ccc2c(C)cc(=O)oc2c1,[ 0.95644325 -1.         -1.         -1.         -1.        ]
SCCc1cnccn1,[-1.  1.  1.  1. -1.]
NS(=O)(=O)c1cc2c(cc1Cl)NCNS2(=O)=O,[ 0.9900864   1.         -1.         -1.         -0.93483186]
C=CC1=C(C)/C(=C\c2[nH]c(Cc3[nH]c(/C=C4/NC(=O)C(C)=C4C=C)c(C)c3CCC(=O)O)c(CCC(=O)O)c2C)NC1=O,[ 1. -1.  1. -1. -1.]
CCC[C@@H](c1ccc(C(=O)O)c(Oc2cccc(Cl)c2)c1)N1CCC[C@H](n2cc(C)c(=O)[nH]c2=O)C1,[ 1. -1. -1. -1. -1.]
O=C(NCc1ccc(OC(F)(F)F)cc1)C1c2ccccc2C(=O)N1CCc1ncc(F)cn1,[ 1. -1. -1. -1. -1.]
CCC(C)(C)OC(=O)Nc1ccco1,[ 1.  1. -1. -1. -1.]
O=C(c1ccccc1)c1cccc2c1CCC2C(=O)O,[-1.  1.  1. -1. -1.]
CNC(=O)CSP(C)(=S)OC,[ 1.        -1.         1.        -1.        -0.9165801]
Cc1cc(=O)nc(SCc2ccccc2N(C)C)[nH]1,[-1.  1.  1. -1. -1.]
C=C(OP(=O)(OC)OC)P(=O)(OC)OC,[ 0.5094644  -1.         -0.4056617   1.         -0.78021723]
Cc1cnc(C)cn1,[ 1.         1.        -1.        -1.        -0.7207761]
CC1CS1,[ 0.7320205   0.23134841 -1.          1.         -0.838351  ]
CC1(C)C(C=C(Cl)Cl)C1C(=O)OCc1c(F)c(F)c(F)c(F)c1F,[ 1.          0.08003008 -0.61915016 -1.         -1.        ]
C=C(CC(=O)c1ccc(-c2ccccc2Cl)cc1)C(=O)O,[-0.9988042  -0.90363693 -1.         -1.          1.        ]
O=C(O)c1ccccc1-c1c2ccc(=O)cc-2oc2cc(O)ccc12,[-1.  1. -1. -1.  1.]
COP(=S)(OC)Oc1cnc2ccccc2n1,[-1.         -0.99385524 -1.          0.22806247 -0.85283214]
CCCCN(CCCC)CCCC,[ 1.         1.        -1.        -1.         0.9743847]
CN(C)C(=O)N(C)N=O,[-1.          0.99764    -0.22737773 -1.          1.        ]
O=C(CN1CCOCC1)NN=Cc1ccc([N+](=O)[O-])o1,[ 0.88077253 -0.552339   -1.         -1.         -1.        ]
Nc1c(Cl)c(Cl)c2[nH]c(C(F)(F)F)nc2c1Cl,[ 0.9616542  1.        -1.        -1.        -1.       ]
FC1(F)CC(C2CC3(Cl)C(Cl)=C(Cl)C2(Cl)C3(Cl)Cl)C1(F)F,[-1.          1.          1.          0.94766295 -0.8379054 ]
CCOC(=O)c1noc(C)c1C(C)=O,[ 1. -1. -1. -1. -1.]
CCC(=O)Nc1ccc2[nH]c(C(F)(F)F)nc2c1,[-1.         1.        -1.        -0.8232355  1.       ]
CCCCSCCCC,[ 1.         1.        -1.        -1.        -0.8368531]
N#CCCCCC#N,[ 1.        -1.        -1.         0.9909206 -1.       ]
CCOC(=O)CCN(SN(C)C(=O)Oc1cccc2c1OC(C)(C)C2)C(C)C,[-0.55463237  1.         -1.          1.          0.7515138 ]
Cc1ccc(N2CC(COc3ccc(-c4noc(C)n4)cc3)C2)nn1,[ 1.  1.  1. -1.  1.]
CCNc1nc(NCC)nc(OC)n1,[ 1.          1.         -1.          1.          0.55000496]
COC(=O)C1=C(C)NC(C)=C(C(=O)OCCN(C)Cc2ccccc2)C1c1cccc([N+](=O)[O-])c1,[-0.7930305  -0.57467306 -1.         -1.         -1.        ]
[NH3+]C(C(=O)NC1C(=O)N2C(C(=O)[O-])=C(CSc3c[n-]nn3)CSC12)c1ccc(O)cc1,[ 1.  1. -1. -1. -1.]
Cc1cn([C@H]2CCCN(S(=O)(=O)c3ccc(C(N)=O)c(Oc4cccc(Cl)c4)c3)C2)c(=O)[nH]c1=O,[-1.  1. -1. -1. -1.]
CCCCc1c(OC(=O)c2cc(OC)c(OC)c(OC)c2)n(-c2ccccc2)n(-c2ccccc2)c1=O,[-1.         -1.         -1.         -1.         -0.80649275]
CN(C)c1ccc(N=Nc2ccccc2)cc1,[ 1.          1.         -1.          0.46462893 -0.58914894]
COc1cc2c3cc1Oc1cc(ccc1O)CC1c4c(cc(OC)c(O)c4Oc4ccc(cc4)CC3[NH+](C)CC2)CC[N+]1(C)C,[-1.          1.         -1.          0.7194436  -0.83809197]
CCOC(=O)C1OC1c1ccccc1,[-1. -1. -1. -1.  1.]
CNC(=O)Oc1cc(C)c(N(C)C)cc1C(C)C,[-0.7943546  1.         1.        -1.        -1.       ]
O=[N+]([O-])c1ccccc1Cl,[-0.5480134  1.        -1.        -1.         1.       ]
C=CCc1cc(OC)c(OC(C)Cc2cc(OC)c(OC)c(OC)c2)c(OC)c1,[-1.         1.        -1.         0.7648464  1.       ]
Cc1ccc(N=CN(C)SN(C)C=Nc2ccc(C)cc2C)c(C)c1,[-0.10344191  1.         -1.         -1.          0.5475934 ]
CCc1cccc(CC)c1N,[ 1.        -1.        -1.        -1.        -0.6981388]
C=CCOc1ccccc1C(N)=O,[ 1.          1.         -1.         -1.         -0.98426855]
ClC(Cl)(Cl)c1cccc(C(Cl)(Cl)Cl)c1,[ 1.          1.          1.         -0.13951863 -1.        ]
CC1CCN(C(=O)CC(Cc2cccc(C(=N)N)c2)NS(=O)(=O)c2ccc3ccccc3c2)CC1,[ 1.          0.99889296 -1.         -0.9992076  -0.9899865 ]
C=CN(CC)C(C)=O,[ 1.  1. -1.  1. -1.]
COc1ccccc1Oc1c([N-]S(=O)(=O)c2ccc(C(C)C)cn2)nc(-c2ccnc(-c3nnn[n-]3)c2)nc1OCCO,[ 1.          1.         -1.          1.         -0.41933545]
C[N+](C)(C)[NH2+]CCC(=O)[O-],[ 1.         -0.23371561 -1.          1.         -1.        ]
COc1ccc(CC(C)=O)cc1,[-1. -1. -1. -1. -1.]
ClCc1cccc2ccccc12,[ 1.  1. -1. -1. -1.]
O=c1cc(-c2ccc(O)cc2)oc2cc(O)cc(O)c12,[ 1.          1.         -0.91269994 -1.         -1.        ]
CCSP(SCC)SCC,[ 0.98436046  1.         -1.          0.37487033 -1.        ]
CC([NH3+])Cc1ccccc1,[-1.  1.  1. -1.  1.]
C[N+](C)(Cc1ccc(NC(=O)c2ccc(Cl)c(Cl)c2)cc1)C1CCOCC1,[ 1. -1. -1. -1. -1.]
CC(=O)Oc1ccc2c3c1OC1C(OC(C)=O)C=CC4C(C2)[NH+](C)CCC341,[ 1.          1.         -1.         -0.99586946 -0.6728229 ]
CC1(C)C2CC=C(CCO)C1C2,[ 0.78251857 -0.67429525 -0.6032333   1.         -1.        ]
Nc1nc(Nc2ccc(S(N)(=O)=O)cc2)nn1C(=O)c1c(F)cccc1F,[-1.         1.        -1.        -1.         0.6738164]
Cn1c(=O)sc2cccc(Cl)c21,[-0.72444355 -1.         -1.         -1.         -1.        ]
Cc1cnc(NC(=O)C2=C(O)c3ccccc3S(=O)(=O)N2C)s1,[-1.          1.          1.          0.99963164 -1.        ]
CC(C(=O)O)c1ccc(C(=O)c2cccs2)cc1,[ 1.  1. -1. -1. -1.]
Cc1cc(C(=O)c2ccccc2)ccc1N,[ 1.  1. -1. -1. -1.]
COc1ccc2c(O[C@@H]3C[C@H]4C(=O)N[C@]5(C(=O)NS(=O)(=O)C6CC6)C[C@H]5/C=C\CCCCN(C)C(=O)[C@@H]4C3)nc(-c3ccc(F)cc3)nc2c1C,[ 1.  1. -1. -1.  1.]
OC[C@@H]1CC[C@H](n2cnc3c(O)ncnc32)O1,[ 1.         1.         0.6269729 -1.        -1.       ]
Nc1ccc(Cl)cc1Cl,[-0.7562851 -1.        -1.        -1.        -1.       ]
NS(=O)(=O)c1cc2c(cc1Cl)NC(C(Cl)Cl)NS2(=O)=O,[ 1.         -0.0784483   1.          1.         -0.30956498]
CCN(CC)c1c([N+](=O)[O-])cc(C(F)(F)F)c(N)c1[N+](=O)[O-],[-1.         -0.8568753   1.          0.42906275  1.        ]
CCCCCC(=O)O,[-1.          1.         -1.          0.91163707 -1.        ]
CCC(C)OC(CBr)c1ccc(Cl)cc1,[-1.         1.        -1.        -1.         0.7990529]
CCP(=O)(OC)SC,[ 1.          1.         -1.          0.59291846  1.        ]
c1cc2c(c(N3CC[NH2+]CC3)c1)OCCO2,[-1.         1.        -1.         1.        -0.9205043]
COc1cc(-c2cc(=O)c3c(O)cc(O)cc3o2)cc(O)c1OC,[1.        1.        1.        0.7201366 1.       ]
CCCCOC(=O)C1CC1OCCCC,[-1.  1. -1. -1. -1.]
CCOc1ccccc1OC(c1ccccc1)C1C[NH2+]CCO1,[ 0.9260704  -1.          1.          1.         -0.85418844]
CN1CCN2c3ncccc3Cc3ccccc3C2C1,[ 1.  1. -1.  1. -1.]
C#CC1(O)C(CO)OC(n2ccc(N)nc2=O)C1O,[-0.3556701 -0.5723212  1.        -1.        -1.       ]
O=C(/C=C/c1ccccc1)NCCO,[-1.  1. -1. -1. -1.]
NC(=S)NNCNNC(N)=S,[ 1.          1.         -1.          1.         -0.76284873]
CC=Cc1ccc(OCc2ccccc2)c(OC)c1,[ 0.79866564  1.         -1.         -1.         -1.        ]
CCCCN(N=O)C(N)=O,[ 1.  1. -1. -1. -1.]
CCOC(=O)C(CCc1ccccc1)NC1CCc2ccccc2N(CC(=O)O)C1=O,[ 1.         -0.00180895 -0.71795005  0.01692606 -0.91925937]
CCCCOC(C)OCCCC,[1.        1.        0.9367343 1.        1.       ]
CC(=O)OC(C)(C)C1CC=C(C)CC1,[ 0.96971345  1.         -1.         -1.         -1.        ]
FC(F)(F)c1nc2cc(Br)c(Cl)cc2[nH]1,[ 1.         -0.6972245  -1.         -1.         -0.73794955]
ClCC(Cl)Cl,[ 1. -1.  1. -1. -1.]
CC1[NH2+]Cc2cc(-c3ccc4c(=O)c(C(=O)[O-])cn(C5CC5)c4c3OC(F)F)ccc21,[ 1.  1. -1. -1. -1.]
CCOc1nc(C(Cl)(Cl)Cl)ns1,[-0.99995    1.         1.        -1.        -0.9858926]
O=C(CSc1nc2c(c(=O)n1-c1ccccc1)SCC2)Nc1ncc(-c2ccccc2)s1,[-1.         -1.          0.6731894  -1.          0.67765015]
CC(C(=O)O[C@@H]1CC[N+](C)(C)C1)(c1ccccc1)C1CCCC1,[-1. -1.  1. -1. -1.]
Cc1cc(Nc2nc(N[C@@H](C)c3ncc(F)cn3)nc(N3CCOCC3)c2F)n[nH]1,[ 1.          1.         -1.         -1.          0.41936454]
CCOc1ccccc1C(=O)NN=C(C)C(=O)O,[ 1.  1. -1.  1. -1.]
CC#CCC(C)C(O)C=CC1C(O)CC2Oc3c(CCCC(=O)O)cccc3C21,[1.        1.        1.        0.9021191 1.       ]
Cc1cn([C@H]2CCCN(S(=O)(=O)c3ccc(C#N)c(Oc4cccc(Cl)c4)c3)C2)c(=O)[nH]c1=O,[ 0.7470375  1.        -1.         0.6788437 -1.       ]
COC(C)CC(=O)O,[-1.  1. -1.  1. -1.]
CCCCOP(=O)(O)OCCCC,[ 1.         1.        -1.        -1.        -0.3822918]
Cc1c(F)cc(C(=O)NC2CC2)cc1-c1ccc(C(=O)NCC(C)(C)C)cn1,[-1.         1.         0.4272684  0.8046555 -1.       ]
CC(O)COC(C)CP(CC(C)OCC(C)O)CC(C)OCC(C)O,[-0.93006516 -1.         -1.         -1.          1.        ]
Cc1nc(C(F)(F)F)ccc1C(=O)Nc1ccc(Cl)c(-c2ccccn2)c1,[ 1.          1.         -1.         -1.         -0.57333755]
O=C(O)CCCOc1ccc(Cl)cc1Cl,[ 1.  1. -1.  1. -1.]
CCNC(=O)CSP(=S)(OC)OC,[ 1.  1. -1. -1. -1.]
O=[N+]([O-])c1ccc(Nc2ccccc2)c(S(=O)(=O)O)c1,[ 1. -1. -1.  1.  1.]
Cc1c(OC2CCN(CC3CCN([C@@](C)(Cc4ccc(F)cc4)C(=O)O)CC3)CC2)ccc(Cl)c1Cl,[ 1.         -1.         -0.20147975 -1.          0.8008248 ]
CCOc1cc2ncc(C(N)=O)c(Nc3ccc(F)cc3F)c2cc1N1CCN(C2CC2)CC1,[-1.          1.          1.          0.61355174 -0.8130637 ]
CN1CCN(CCCN2c3ccccc3Sc3ccc(Cl)cc32)CC1,[ 1. -1. -1. -1.  1.]
CSCC(NC(=O)COc1cccc2cnccc12)C(=O)NC(Cc1ccccc1)C(O)C(=O)N1CSCC1C(=O)NC(C)(C)C,[ 0.69864595  0.8018723  -1.         -1.          0.6741216 ]
O=C(CCCCCCC(=O)Nc1ccccc1)NO,[ 0.9687094  1.        -1.        -1.         0.9996964]
COc1ccc2ncc(=O)n(CCN3CC[C@@H](NCc4ccc5c(n4)NC(=O)CO5)[C@@H](F)C3)c2c1,[-1.  1. -1. -1.  1.]
COc1c(OCc2ccc(-c3ccccc3-c3nnn[nH]3)cc2)cc(C)nc1C,[-0.20208865 -0.73083967 -1.         -1.         -1.        ]
CCCCC(CC)CNCC(C)(N)CN(C)CC(CC)CCCC,[ 1.          0.45726976 -1.          1.         -1.        ]
COc1cc2c(cc1OC)C(Cc1cc(OC)c(OC)c(OC)c1)[N+](C)(CCCOC(=O)CC/C=C\CCC(=O)OCCC[N+]1(C)CCc3cc(OC)c(OC)cc3C1Cc1cc(OC)c(OC)c(OC)c1)CC2,[-0.99909395  1.         -1.          1.         -0.7173636 ]
Cc1cc(Nc2nc(N[C@@H](C)c3ccc(F)cn3)c(C#N)cc2Cl)n[nH]1,[ 1.          1.         -1.         -0.76389045 -1.        ]
COP(=S)(Cl)OC,[ 1.         -1.         -1.         -0.85322976  1.        ]
CC1CCCCOC1=O,[ 1.          1.         -1.          1.          0.98540854]
CCN1C(=O)C=CC1=O,[-1.         1.         0.5773759 -1.        -1.       ]
Cc1cc(Cl)ccc1OCC(=O)Nc1ccccc1,[ 1. -1. -1. -1. -1.]
CCNc1nc(NC(C)C(C)C)nc(SC)n1,[ 1.  1. -1.  1.  1.]
CCCCCCCCCCCC(=O)OCC(O)C1OCC(O)C1O,[ 1.          1.         -1.          1.         -0.74219173]
CCCN(CCC)c1c([N+](=O)[O-])cc(C)cc1[N+](=O)[O-],[ 0.78362167  1.         -1.          0.91019213  0.9517797 ]
CNC(=O)Oc1ccc(CCC#N)cc1,[ 1.         -1.         -1.         -1.          0.96614236]
c1ccc2sc(SNC3CCCCC3)nc2c1,[-0.9943517  1.        -1.        -1.        -1.       ]
COCC(=O)O[C@]1(CCN(C)CCCc2nc3ccccc3[nH]2)CCc2cc(F)ccc2[C@@H]1C(C)C,[ 1.          1.          0.8995221  -0.11121563 -1.        ]
COC(=O)c1cc([N+](=O)[O-])ccc1Cl,[ 1.         -1.         -1.         -0.98585707  1.        ]
CC(C)NC(=O)c1cnc(N2CCC(N3C(=O)OCc4ccccc43)CC2)c(Cl)c1,[-1.          1.         -1.         -1.         -0.91251963]
C=C(OP(=O)(OC)OC)c1ccc(Cl)cc1Cl,[-0.9665042  1.        -1.        -1.        -1.       ]
Nc1ncc2cc(-c3c(Br)cccc3Br)c(N)nc2n1,[-1.  1. -1. -1. -1.]
COc1cc2nc(N3CCN(C(=O)C4COc5ccccc5O4)CC3)nc(N)c2cc1OC,[ 1. -1.  1. -1. -1.]
O=c1cc(N2CCOCC2)nc2n(Cc3cccc(Cl)c3Cl)ccn12,[ 1.        1.        1.       -1.       -0.978944]
Brc1ccc2[nH]cc(CC3CCNCC3)c2c1,[-1.          1.         -0.72230524  0.94477654 -1.        ]
CC#CCC(C)C(O)/C=C/C1C(O)CC2C/C(=C/CCCC(=O)[O-])CC21,[-0.45183977 -0.57910484 -1.          0.2134777   0.987593  ]
CN(C)CCCC1c2ccccc2Nc2ccc(Cl)cc21,[-0.960903  1.       -1.       -1.       -1.      ]
CCC(c1ccccc1)c1c(O)c2ccccc2oc1=O,[-1.  1. -1. -1.  1.]
CCCCOc1ccccc1NC(C)=O,[ 1.  1.  1.  1. -1.]
CC(=O)CCc1ccc(O)cc1,[-1. -1. -1. -1. -1.]
CNC(=O)ON=C1CCCC1(C)C#N,[ 1.  1. -1. -1. -1.]
CCc1ccc2[nH]c(C(F)(F)F)nc2c1,[ 1.        -1.        -1.        -1.        -0.9595262]
Cc1nccc(-c2ccc(-c3nc4ccncc4c(O)c3C#N)cc2)c1Cl,[-1.         -0.75792396 -0.8391587  -1.          0.8709511 ]
O=C([O-])c1cc(N=Nc2ccc(S(=O)(=O)Nc3ccccn3)cc2)ccc1O,[ 0.99979854  0.49001062 -1.          1.         -1.        ]
COc1cc2ncc(C(N)=O)c(Nc3ccc(F)cc3F)c2cc1NCCN1CCCCC1,[-0.0114096 -1.         1.        -1.        -1.       ]
C[C@@H]1NC(=O)[C@@H](C)N(C)C(=O)[C@H](C)N(C)C(=O)[C@@H](C)N(C)C(=O)[C@@H](C)N(C)C(=O)[C@H](C)NC1=O,[ 0.99939483  1.         -0.4829341   0.97832626  1.        ]
O=[N+]([O-])c1cc(Cl)ccc1Cl,[-0.4305925   1.         -1.         -1.          0.31215483]
C=CC(=O)OCCOCCC#N,[-0.76904964 -1.         -1.          0.01390135 -0.49182883]
O=C(O)COc1ccccc1,[ 1.  1. -1. -1. -1.]
CCCOCCOC(=O)C1=C(C)NC(C)=C(C(=O)OCCOCCC)C1c1cccc([N+](=O)[O-])c1,[-0.9938194  1.        -1.        -1.        -1.       ]
CCS(=O)(=O)c1ccc(-c2cc(Cl)ccc2OCC(=O)O)cc1,[ 1.  1.  1.  1. -1.]
O=C(OCCc1ccccc1)c1ccccc1,[ 1. -1. -1. -1. -1.]
Nc1ccc(O)c([N+](=O)[O-])c1,[ 1.         1.         1.        -1.        -0.7566759]
CSCC(=O)N(C)C(=O)Oc1ccccc1OC(C)C,[ 1.          1.         -1.          0.9892283  -0.44236332]
C[C@]12C[C@H](O)[C@H]3[C@@H](CCC4=CC(=O)CC[C@@]43C)[C@@H]1CC[C@]2(O)C(=O)CO,[-1.         1.        -1.         1.        -0.2588193]
CC=CC=CC=O,[-1.         1.         1.        -1.        -0.7650099]
CC1=C2C[C@H]3[C@@H](CC=C4C[C@@H](O)CC[C@@]43C)[C@@H]2CC[C@]12O[C@@H]1C[C@H](C)CN[C@H]1[C@H]2C,[-0.55433714  1.          0.8932956  -1.          1.        ]
C[C@@](N)(Cc1ccc(O)c(O)c1)C(=O)O,[-1.        -0.9432851 -1.         1.         0.8838389]
CCCCCCCCc1ccccc1O,[-1.  1. -1. -1.  1.]
CSC(C)=NOC(=O)N(C)SN(C)C(=O)Oc1ccc(OC(=O)N(C)SN(C)C(=O)ON=C(C)SC)cc1,[ 1.         1.        -1.         1.        -0.8238244]
CC(=O)Nc1ccc(C)c(NS(=O)(=O)C(F)(F)F)c1,[ 1.         1.        -1.        -0.9901007 -1.       ]
O=Cc1cccc2ccccc12,[ 0.8869435   1.         -1.         -0.59297734 -1.        ]
c1cc(-c2ccc3nc(Nc4ccc(OCCN5CCCC5)cc4)ncc3c2)ccn1,[-1.        -1.        -1.         0.70403    0.5133164]
O=C(CO)N1CCC(c2[nH]nc(-c3ccc(Cl)cc3F)c2-c2ccncn2)CC1,[-1.         1.        -1.         0.9998113 -0.9567712]
CCCCCCCC[Si](OCC)(OCC)OCC,[-1.  1. -1. -1. -1.]
c1ccc2[nH]c(-c3cscn3)nc2c1,[-0.45177242  1.         -1.         -1.         -1.        ]
CCC(C)OC=O,[ 1.          0.15947051 -1.         -1.         -1.        ]
CC=C(C(=O)NC(N)=O)C(C)C,[-0.90696627  1.         -1.         -0.9981365  -0.897797  ]
C[N+](C)(C)CC(O)CC(=O)[O-],[-1.  1.  1. -1.  1.]
O=c1cc(Cn2c(C3CCC3)nc3nccnc32)c2ccc(F)c(F)c2[nH]1,[ 0.9784546 -1.        -1.         1.        -1.       ]
Cc1ccc(S(=O)(=O)N(C)C(=O)N2CCC(N3CCC(Oc4ccc(Cl)c(Cl)c4)CC3)CC2)cc1,[-0.6200061  1.         0.7991263 -1.        -1.       ]
CCCCSN(C)C(=O)Oc1cccc2c1OC(C)(C)C2,[-0.6445564  1.        -1.        -1.        -1.       ]
C/C=C(/C)C(=O)O[C@H](c1cc2ccc(=O)oc2cc1OC)[C@H](O)C(C)(C)O,[ 1.          1.         -1.          1.         -0.59531605]
CCOP(=S)(OCC)Oc1cc(C)n(CC)c(=O)c1,[ 1.         -0.10141718 -0.44333497 -1.          1.        ]
CS(=O)(=O)c1ccc(C(O)C(COC(=O)C[NH3+])NC(=O)C(Cl)Cl)cc1,[-1.  1. -1. -1. -1.]
Cc1ccc(N=C=O)cc1,[ 1. -1. -1. -1.  1.]
COP(=O)(OC)SC(CC(=O)OC(C)C)C(=O)OC(C)C,[-1.          1.          0.60016406  1.         -1.        ]
CC(O)C#N,[ 1. -1. -1. -1. -1.]
CCC1OC(C)SC1=NOC(=O)NC,[ 0.9754312  1.         1.        -1.        -1.       ]
NCCCNCCSP(=O)(O)O,[ 1.         -1.         -1.          0.9612367   0.28517807]
O=C(O)[C@@H](c1ccccc1)N1CCC(CN2CCC(Oc3ccc(Cl)c(Cl)c3)CC2)CC1,[ 1.          0.2700948  -1.          0.09687329 -1.        ]
Nc1nc(-c2ccccn2)nc(N)c1Cc1ccc(Cl)cc1Cl,[ 1.  1. -1. -1. -1.]
CN(C)C1C(O)=C(C(N)=O)C(=O)C2(O)C(O)=C3C(=O)c4c(O)cccc4C(C)(O)C3C(O)C12,[-1.          0.99607676 -1.          0.99501294  1.        ]
CN(C)C(=O)Oc1cccc2sccc12,[ 0.16447923  1.         -1.         -1.         -1.        ]
CN1CCN(C2=c3ccccc3=Nc3ccc(Cl)cc3N2)CC1,[ 1. -1. -1. -1.  1.]
O=[N+]([O-])c1cc(Cl)c(N=Nc2ccc(N3CCS(=O)(=O)CC3)cc2)c(Cl)c1,[ 1.          1.         -1.          0.68929714 -1.        ]
CCCCC(C)(C)CO,[ 1.        1.       -1.        0.854118 -1.      ]
CCCS,[-1.          1.         -1.          0.9397024   0.80836624]
CN(C)CCOCCOCCN(C)C,[-1.         0.9963308 -1.        -1.        -0.8305815]
Cc1cc(-c2ccc(Cl)c(C(=O)NCC3(O)CCCCCC3)c2)nn1C[C@H](O)CN,[1. 1. 1. 1. 1.]
COc1c2ccoc2c(OCC2OC2(C)C)c2oc(=O)ccc12,[ 0.92937076  1.         -1.         -1.          1.        ]
CN(CCO)Cc1cc(C(=O)c2cccs2)cc(C(C)(C)C)c1O,[-0.7915604  -1.         -1.          1.         -0.80108374]
C[C@@H]1NC(=O)[C@@H](C)NC(=O)[C@H](C)N(C)C(=O)[C@@H](C)N(C)C(=O)[C@@H](C)NC(=O)[C@H](C)N(C)C1=O,[ 0.9365795  1.        -1.        -1.        -1.       ]
CCCSP(=S)(OC)SCCC,[-0.10861021 -1.         -1.          1.          1.        ]
COCCN(c1cccnc1)P(=O)(c1ccccc1)c1ccccc1,[ 1.          1.         -1.         -1.         -0.92712665]
Oc1ccc2c(c1)CCC2,[-1. -1. -1.  1. -1.]
COc1cc2c(cc1OC)C1CC(=O)C(CCC#N)CN1CC2,[ 1.         1.        -1.        -1.        -0.6208577]
CCC(C)CCCCC(=O)NC(CCN)C(=O)NC(C(=O)NC(CCN)C(=O)NC1CCNC(=O)C(C(C)O)NC(=O)C(CCN)NC(=O)C(CCN)NC(=O)C(C(C)O)NC(=O)C(CC(C)C)NC(=O)C(CCN)NC1=O)C(C)O,[-1.         0.9945216 -1.        -1.        -1.       ]
CCOC(=O)CCC1(CCC(=O)OCC)c2ccccc2-c2ccccc21,[-1.  1. -1. -1. -1.]
CCS(=O)CCSP(=O)(OC)OC,[-1.  1. -1. -1. -1.]
CCC(C)C(=O)OC1CCC2(C)C3CC(O)C4C5(O)C(CC42OC13O)C1CN2CC(C)CCC2C(C)(O)C1C(O)C5OC(=O)C(C)(O)CC,[ 1.         1.        -1.        -1.        -0.8561107]
C=CC(=O)OC1CC2CCC1C2,[-1.         1.        -0.9731207 -1.         1.       ]
CC(C)(C)c1ccc(OP2OCC3(CO2)COP(Oc2ccc(C(C)(C)C)cc2C(C)(C)C)OC3)c(C(C)(C)C)c1,[-0.01552714  0.8152641  -1.          1.         -1.        ]
COc1cc2c3c(c1O)C1(C=CC(=O)C=C1)CC3N(C)CC2,[-1.         1.        -1.         0.9830296 -0.6546568]
CCOC(=O)COc1ccc(C(=O)CN2CCN(C3CCN(C(=O)OCOC(=O)C(C)(C)C)CC3)CC2=O)cc1,[-1.  1. -1.  1. -1.]
O=C(O)COc1ccc(C(=O)CN2CCN(C3CCNCC3)CC2=O)cc1,[ 1.  1. -1.  1. -1.]
Cc1cc(Cl)ccc1OCCCC(=O)O,[-1.         -1.          0.98967016 -1.          0.9985662 ]
CC(C)OCCCO,[ 0.97879875 -1.          0.6420297  -1.         -0.76910526]
CC(=O)CCCCCCCC(=O)O,[-0.91113424  1.         -1.          1.         -1.        ]
O=P([O-])([O-])C(Cl)(Cl)P(=O)([O-])O,[-1.  1.  1. -1.  1.]
CN(CCCl)CCCl,[ 0.29786143 -0.9936539  -1.          0.34927776 -1.        ]
COC1CCC=CO1,[-1.  1. -1. -1.  1.]
OCCOCCN1CCN(C(c2ccccc2)c2ccccc2)CC1,[ 1. -1. -1. -1. -1.]
Cn1cnc(S(=O)(=O)N(CCN(Cc2cncn2C)c2ccc(C#N)cc2)Cc2ccccc2)c1,[ 1.  1.  1.  1. -1.]
O=C(O)CCCCCC(=O)O,[-0.16758339  1.         -1.         -1.          1.        ]
CNC(=O)Nc1nnc(C(C)(C)C)s1,[ 0.9128357   1.         -0.85602254 -1.         -1.        ]
C/C=C/CC(C)C(O)C1C(=O)NC(CC)C(=O)N(C)CC(=O)N(C)C(CC(C)C)C(=O)NC(C(C)C)C(=O)N(C)C(CC(C)C)C(=O)NC(C)C(=O)NC(C)C(=O)N(C)C(CC(C)C)C(=O)N(C)C(CC(C)C)C(=O)N(C)C(C(C)C)C(=O)N1C,[ 1.         -0.71312195 -1.         -1.          1.        ]
O=C(Cl)c1cccc(C(=O)Cl)c1,[ 1.          1.         -1.         -1.          0.92867774]
O=C(CCl)CCl,[-0.66416776  1.         -1.          1.          0.49032804]
CSc1ccc(C(=O)c2[nH]c(=O)[nH]c2C)cc1,[ 1.        -1.        -1.         0.7101244 -0.8217919]
N=C(N)Nc1nc(CSCCC(=N)NS(N)(=O)=O)cs1,[ 1.          1.         -1.         -1.         -0.84346867]
O=C(Nc1cccc(Cl)c1)OCC#CCCl,[-1.         -0.66931295 -1.         -1.         -1.        ]
CO/N=C(\C(=O)N[C@@H]1C(=O)N2C(C(=O)O)=CCS[C@H]12)c1csc(N)n1,[-1.          0.25795314 -1.         -1.         -1.        ]
C=CC(=O)N1CN(C(=O)C=C)CN(C(=O)C=C)C1,[-0.6082427   0.0330591  -1.         -1.          0.91723925]
NC(=O)CF,[-1.          1.         -1.         -0.12382928  0.56836915]
CCOc1cc(OCC)c(C(=O)CCC(=O)O)cc1OCC,[ 1.          0.80313545  0.9998198  -0.9944059   1.        ]
CC[C@H](C)[C@H](NC(=O)[C@H](CCC(=O)[O-])NC(=O)[C@H](CCC(=O)[O-])NC(=O)[C@H](Cc1ccccc1)NC(=O)[C@H](CC(=O)[O-])NC(=O)CNC(=O)[C@H](CC(N)=O)NC(=O)CNC(=O)CNC(=O)CNC(=O)CNC(=O)[C@@H]1CCCN1C(=O)[C@H](CCCNC(N)=[NH2+])NC(=O)[C@@H]1CCCN1C(=O)[C@H]([NH3+])Cc1ccccc1)C(=O)N1CCC[C@H]1C(=O)N[C@@H](CCC(=O)[O-])C(=O)N[C@@H](CCC(=O)[O-])C(=O)N[C@@H](Cc1ccc(O)cc1)C(=O)N[C@@H](CC(C)C)C(=O)[O-],[-1.         1.         0.9541541 -1.        -1.       ]
CNc1c(Br)cnc2[nH]c(-c3ccc(S(C)(=O)=O)cc3)nc12,[ 1.          1.         -0.45803615 -1.         -0.9020213 ]
O=C1c2ccccc2N(C(=O)CN2CCOCC2)CN1c1ccccc1,[-0.8059688  1.        -1.        -1.        -1.       ]
C[C@H](Cc1cccc(CC(=O)NC23CC4CC(CC(C4)C2)C3)c1)NC[C@H](O)c1ccc(O)c(CO)c1,[ 1.        -0.9607862 -1.         1.         1.       ]
C=COC(=O)CCCCCCC,[ 1.         -0.76328194 -1.          0.9190228   0.642402  ]
CCNC(=O)c1cc2c(-n3ccc(C(F)(F)F)n3)c(-c3cncc(-c4n[nH]c(=O)o4)c3)cnc2[nH]1,[-1.        -1.        -1.         1.         0.9916789]
S=C=NCCN=C=S,[ 0.7121873   1.          1.         -1.         -0.86687934]
CN(C)N=Nc1nc[nH]c1C(N)=O,[ 1.         1.        -1.         0.2606036  1.       ]
CC1OC(n2ccc(NC(=O)c3ccc(NC(=O)C(C)(N)CO)cc3)nc2=O)CCC1OC1OC(C)C(N(C)C)C(O)C1O,[ 1.        -1.         1.        -1.        -0.7317581]
CN(CC=CC#CC(C)(C)C)Cc1cccc2ccccc12,[ 1.          1.         -1.         -0.92889917  0.97128934]
O=[N+]([O-])OC1COC2C(O)COC12,[-1.  1. -1. -1. -1.]
NC(=O)CCCCC1CCSS1,[-1.  1. -1. -1.  1.]
CCC1=C(C)CN(C(=O)NCCc2ccc(S(=O)(=O)[N-]C(=O)NC3CCC(C)CC3)cc2)C1=O,[ 0.02500769 -0.8015517  -1.         -1.         -0.9996501 ]
C=C1CC1CC(N)C(=O)O,[-1.          1.         -1.          0.05791352  1.        ]
CCOP(=O)(OCC)Oc1ccc(S(C)(=O)=O)c(C)c1,[ 0.9975082  1.        -1.        -1.        -0.5113066]
Cc1cnc(NCCCN(C)C)c2c1[nH]c1ccc3cc(O)ccc3c12,[ 1.         1.        -1.         0.9999698  0.637642 ]
N#Cc1ccc2[nH]c(C(F)(F)F)nc2c1,[-0.95828277  1.         -1.         -1.          1.        ]
CCCCCCCCOC(C)=O,[ 0.79569757 -0.5179301  -0.69419795  0.42500743 -1.        ]
O=[N+]([O-])c1cccc(O)c1,[-1. -1. -1.  1.  1.]
CC(C)(C)[NH2+]CC(O)c1cc(O)cc(O)c1,[ 1.          0.7770013  -1.         -0.98321754 -1.        ]
CC(C)=CCN1CCC2(C)c3cc(O)ccc3CC1C2C,[-0.9398182 -1.        -1.         0.8510281 -0.945743 ]
O=C(Cl)CCl,[ 1.  1. -1. -1. -1.]
Cc1ccc(OP(=O)(Oc2ccccc2)Oc2ccccc2)cc1,[-1.  1. -1.  1. -1.]
COc1cc(OC)c(S(=O)(=O)NCc2ccccc2N2CCC(COC(=O)CCC(=O)O)CC2)cc1NC(=O)CCC(=O)O,[ 1.         -1.         -1.          0.99534136 -1.        ]
C=CCNC(=S)Nc1ccccc1,[-1.  1. -1. -1.  1.]
CCCCCCCc1ccccc1O,[ 0.99305695 -1.         -1.         -1.          0.4170341 ]
CCCc1nnc(CSP(=S)(OCC)OCC)o1,[ 1.         1.         1.         0.8549702 -1.       ]
C=C(C)c1ccc(C(C)(C)N=C=O)cc1,[ 1.        -0.2982137 -1.        -1.        -0.3201778]
CC(C)Oc1cc(-n2cnc3ccc(N[C@@H](CO)c4ccc(F)cn4)nc32)n[nH]1,[-1.        -1.        -0.9977599 -1.         1.       ]
O=C(CF)Nc1ccccc1,[-0.8496264  1.        -1.        -1.        -1.       ]
CCOC(=O)CCC[Si](C)(OCC)OCC,[ 1.  1. -1. -1. -1.]
O=[N+]([O-])c1nccs1,[-1.          1.          1.         -1.         -0.94179535]
CC(=O)OCCOCCOCCOC(C)=O,[-0.77647257 -1.         -1.          0.8825971   0.83595616]
CC#CN(CC)CC,[-0.9811046   1.         -1.         -1.         -0.10213964]
CCC(=O)OCc1ccc(OC)cc1,[-1.         0.9926508 -1.        -1.        -1.       ]
Clc1ccc(Cl)c(Cl)c1,[ 1.          1.         -1.         -1.         -0.76922727]
O=C(Nc1ccccc1-c1ccccc1)OC1CCN(CCCCCCCCCNC[C@H](O)c2ccc(O)c3[nH]c(=O)ccc23)CC1,[ 1. -1. -1. -1.  1.]
CCCNC(=N)C(OCC)c1ccccc1,[-1.  1. -1.  1. -1.]
c1ccc(OP(Oc2ccccc2)Oc2ccccc2)cc1,[-1.          0.21077363 -1.         -1.          1.        ]
CCOP(=O)(OCC)N(C)c1ccccc1,[ 1.  1.  1. -1. -1.]
C[C@@H]1NC(=O)[C@@H](C)N(C)C(=O)[C@@H](C)N(C)C(=O)[C@H](C)NC(=O)[C@H](C)N(C)C(=O)[C@@H](C)N(C)C1=O,[ 1.         1.        -0.9085195  1.        -1.       ]
COc1ccc(C[C@@H]2c3cc(OC)c(OC)cc3CC[N@+]2(C)CCC(=O)OCCCCCOC(=O)CC[N@@+]2(C)CCc3cc(OC)c(OC)cc3[C@H]2Cc2ccc(OC)c(OC)c2)cc1OC,[ 0.97771144 -1.         -0.6026326   0.5404942   1.        ]
Cc1ccsc1C(=CCC[NH+]1CCCC(C(=O)[O-])C1)c1sccc1C,[ 1. -1. -1.  1.  1.]
CCOP(=S)(Oc1cccc2cccnc12)c1ccccc1,[-1.  1. -1. -1. -1.]
COc1cc2nc(N3CCN(C(=O)C(C)OC)CC3)nc(N)c2cc1OC,[ 1. -1. -1. -1.  1.]
O=c1c(Cl)c(Cl)cnn1-c1ccccc1,[ 0.9408177  -1.          1.         -1.         -0.75113225]
CC[C@H]1CN(Cc2cc(Cl)ccc2OCC(=O)O)CCN1S(=O)(=O)c1ccccc1,[ 1. -1. -1. -1. -1.]
CC(NNC(=O)c1ccccc1)c1ccccc1,[ 0.93062174  0.21186069 -1.          1.          1.        ]
CCC(CC)C(=O)OCCOCCOCCOC(=O)C(CC)CC,[-1.         -1.         -0.91705614 -1.         -1.        ]
Nc1ccc(F)c(F)c1F,[ 1.         -0.63017297  1.         -1.          0.9879401 ]
CC(=O)OC(C(Cl)(Cl)Cl)P(=O)(Oc1ccccc1)Oc1ccccc1,[ 1.         1.        -1.         0.8317935 -1.       ]
Cc1cccc2sc3nncn3c12,[ 1.          0.99563843 -0.9435725  -1.          1.        ]
O=C(Nc1ccc(Cl)c(C(=O)Nc2cccnc2)c1)c1cccc(C(F)(F)F)c1,[-1.         1.        -1.        -1.         0.5585396]
CN(C)Cc1cc(CN(C)C)c(O)c(CN(C)C)c1,[ 1.  1.  1. -1. -1.]
C=CC[NH+]1CCCC1CNC(=O)c1cc(S(=O)(=O)NC)c(N)cc1OC,[ 0.7289711  -1.         -1.          0.95693576  0.6835042 ]
CC1OC(OC2C(O)CC(OC3C(O)CC(OC4CCC5(C)C(CCC6C5CC(O)C5(C)C(C7=CC(=O)OC7)CCC65O)C4)OC3C)OC2C)CC(O)C1O,[ 1.          1.         -1.          0.82898283 -1.        ]
CCC(C)c1ccc(Oc2ccc(C)cc2CC(=O)O)c(Cl)c1,[ 0.32782152  0.43532473 -1.         -1.          0.95185053]
OCc1ccccc1,[ 1.          1.          1.         -0.93067384 -1.        ]
Nc1cc(Cl)ccc1O,[ 1.  1. -1. -1. -1.]
O=c1[nH]c(=O)c2ccccc2o1,[ 1.          1.         -1.          0.9174512   0.11793944]
O=[N+]([O-])c1c(Cl)c(Cl)c(Cl)c2nc(C(F)(F)F)[nH]c12,[ 1.         -0.920541    1.          0.33975932 -0.9012845 ]
CCC(C(=O)N1CCCCC1C(=O)OC(CCc1ccc(OC)c(OC)c1)c1cccc(OCC(=O)NCCNC(=O)COc2cccc(C(CCc3ccc(OC)c(OC)c3)OC(=O)C3CCCCN3C(=O)C(CC)c3cc(OC)c(OC)c(OC)c3)c2)c1)c1cc(OC)c(OC)c(OC)c1,[-0.28566188  1.         -0.9948829  -1.         -0.39991745]
CN(C)NC(=O)CCC(=O)O,[-0.9746662  1.        -1.        -1.        -1.       ]
CCC[C@H](NC(=O)[C@@H]1[C@H]2CCC[C@H]2CN1C(=O)[C@@H](NC(=O)[C@@H](NC(=O)c1cnccn1)C1CCCCC1)C(C)(C)C)C(=O)C(=O)NC1CC1,[ 1.        -1.        -1.        -1.        -0.8893709]
CC[C@H](C)C(=O)O[C@H]1C[C@H](O)C=C2C=C[C@H](C)[C@H](CC[C@@H](O)C[C@@H](O)CC(=O)O)[C@H]21,[-0.9264222  1.        -1.        -1.         1.       ]
CC(=O)CCC(C)=O,[ 1.  1. -1.  1. -1.]
Cc1c(C(=O)NCCO)[n+]([O-])c2ccccc2[n+]1[O-],[ 1.  1. -1. -1. -1.]
COP(=S)(OC)SCSCC=C(Cl)Cl,[ 1.          1.         -1.          1.         -0.81278545]
Nc1cccc(N)c1,[-1.         1.        -1.        -1.        -0.8694995]
Cc1cn([C@H]2CCCN([C@H](CC(C)C)c3ccc(C(=O)O)c(Oc4cccc(Cl)c4)c3)C2)c(=O)[nH]c1=O,[-1. -1. -1. -1. -1.]
CCC(C)(C)C1CCC(=O)CC1,[-0.83064324  1.         -1.         -0.556535   -0.8748979 ]
CN(C)N(C)N=O,[-1.  1. -1. -1. -1.]
CCOP(=O)(CC)SC,[ 1.         -1.         -1.         -0.44219306 -1.        ]
C=C1CC23CC1(O)CCC2C12C=CC(O)C(C)(C(=O)O1)C2C3C(=O)O,[-1.         -1.         -1.         -0.83647597 -1.        ]
CC(=O)c1ccc2c(c1)N1C(=O)OCC1CC2,[-0.30966985  1.         -1.         -0.98623246  0.4985518 ]
C[C@@H]1NC(=O)[C@H](C)N(C)C(=O)[C@@H](C)N(C)C(=O)[C@H](C)NC(=O)[C@@H](C)NC(=O)[C@@H](C)N(C)C1=O,[ 0.15451236  1.         -0.9893998  -0.32731953  0.33520055]
Cc1c(Sc2ccc(Cl)cc2)c2c(-c3cnccn3)cccc2n1CC(=O)O,[-1.         -0.77821344 -1.         -1.          0.7444828 ]
C=CC(=O)OCCOCC,[ 1.        -1.        -1.        -1.         0.9772009]
CC1CCCCN1N=O,[ 1.          0.9279925  -1.         -1.         -0.95240813]
COCCOC(=O)CC#N,[ 1.  1.  1. -1.  1.]
C=CCI,[-1. -1. -1.  1. -1.]
CNC(=O)c1[nH]cnc1C(=O)Nc1ccc(Cl)cc1,[ 0.99989283  1.         -1.         -0.03948473  0.19122864]
COc1c(OP(=S)(OCC(C)C)OCC(C)C)cnn(C)c1=O,[ 0.15412983  1.         -1.          1.         -1.        ]
COCCOP(=O)(OCCOC)OCCOC,[-0.71172965  1.         -1.         -1.         -1.        ]
COCc1ccc2c(C(C(=O)NS(=O)(=O)c3ccc(C)cc3OC)c3ccc4c(c3)OCO4)cn(C)c2c1,[ 1.  1. -1. -1. -1.]
CCCC(=O)c1ccc(N)cc1,[-1.         1.        -1.         1.        -0.8335871]
O=C(c1ccc(Cl)cc1)c1ccccc1-c1ncc[nH]1,[-1.         -1.         -1.         -0.93137884  0.84513277]
Cc1cc(-n2cccc2)c(S(C)(=O)=O)cc1C(=O)NC(=N)N,[-0.99583507  1.         -1.         -1.          1.        ]
O=C([O-])CCCc1ccc(N(CCCl)CCCl)cc1,[ 1.         1.        -1.         1.        -0.9349382]
CCCCCCOCCOCCO,[-0.9999909  -1.         -1.         -0.98869765 -1.        ]
CCOP(=O)(O)O,[-1.        -0.5725645 -1.        -1.         1.       ]
CCOP(=O)(Cl)Cl,[ 1.  1. -1. -1. -1.]
C=CC(=O)OCCOCCOC(=O)C=C,[1. 1. 1. 1. 1.]
COc1ccc2c3c1OC1CC(O)C=CC31CC[NH+](C)C2,[ 1.  1.  1. -1. -1.]
C=CS(=O)(=O)CCCCCC,[ 0.9353006   1.         -1.          0.99237734  1.        ]
CCCCCCCC=CC=O,[ 1.        -1.        -1.         1.        -0.9938628]
CCCCCCCC(=O)N[C@@H](CCN)C(=O)N[C@H](C(=O)N[C@@H](CCN)C(=O)N[C@H]1CCNC(=O)[C@H]([C@@H](C)O)NC(=O)[C@H](C)NC(=O)[C@H](CCN)NC(=O)[C@H](CC(C)C)NC(=O)[C@@H](Cc2ccccc2)NC(=O)[C@H](CCN)NC1=O)[C@@H](C)O,[ 0.39141136  1.          1.         -1.         -0.78656167]
[O-][n+]1onc2c1c1no[n+]([O-])c1c1no[n+]([O-])c21,[-0.70967597 -1.          1.          1.          1.        ]
O=P([O-])([O-])C(O)(Cn1ccnc1)P(=O)([O-])O,[-1. -1.  1. -1. -1.]
Clc1ccc(OCOc2ccc(Cl)cc2)cc1,[ 0.9407759   1.          1.         -1.         -0.71250886]
CCCOP(=O)(OC=C(Cl)Cl)OCCCl,[ 0.6188455  1.        -1.        -1.         0.836265 ]
Clc1ccc(C2(Cn3cncn3)OCCO2)c(Cl)c1,[ 0.9209063   1.          1.         -1.         -0.68764466]
FC(F)(F)c1nc2c(I)cc(I)cc2[nH]1,[ 1.         -0.74912745 -1.         -1.         -1.        ]
CN[C@H](CC(C)C)C(=O)N[C@H]1C(=O)N[C@@H](CC(N)=O)C(=O)N[C@H]2C(=O)N[C@H]3C(=O)N[C@H](C(=O)N[C@H](C(=O)O)c4cc(O)cc(O)c4-c4cc3ccc4O)[C@H](O)c3ccc(c(Cl)c3)Oc3cc2cc(c3O[C@@H]2O[C@H](CO)[C@@H](O)[C@H](O)[C@H]2O[C@H]2C[C@](C)(N)[C@H](O)[C@H](C)O2)Oc2ccc(cc2Cl)[C@H]1O,[ 1.  1.  1. -1. -1.]
O=C1CC(N2C(=O)c3ccccc3C2=O)C(=O)N1,[ 1.  1. -1. -1.  1.]
CCCP(=O)(CCC)CCC,[-0.12267541  1.         -1.          0.66622746 -0.01054282]
CC(O)CO,[ 0.89292175  1.         -1.          0.40483484  1.        ]
COP(=O)(OC)OC(=CCl)c1cc(Cl)ccc1Cl,[ 0.999065    1.         -1.          1.         -0.48532912]
CC(C)(C(=O)O)S(C)(=O)=O,[-1.         1.        -1.        -1.        -0.5485331]
CCCNC(=O)[N-]S(=O)(=O)c1ccc(Cl)cc1,[-1.  1. -1. -1. -1.]
CCC(=O)N(c1ccccc1)C1CC[NH+](CCc2ccccc2)CC1,[ 1.         -0.96249044 -1.          0.9403528   1.        ]
CCOc1ccccc1-c1ccc(-c2nc3ccncc3c(O)c2C#N)cc1,[-1.  1.  1. -1. -1.]
O=C(OCC(COC(=O)c1ccccc1)(COC(=O)c1ccccc1)COC(=O)c1ccccc1)c1ccccc1,[-1.  1. -1. -1. -1.]
O=C1CC2(CCCC2)CC(=O)N1CCCCN1CCN(c2ncccn2)CC1,[ 1. -1. -1.  1. -1.]
CCc1cc2c(s1)-n1c(C)nnc1CN=C2c1ccccc1Cl,[ 1.          1.         -1.          0.8674346  -0.63867354]
CC(=O)C1(O)Cc2c(O)c3c(c(O)c2C(OC2CC(N4CC4)C(OS(C)(=O)=O)C(C)O2)C1)C(=O)c1ccccc1C3=O,[ 1.         -1.         -1.          0.50045323  1.        ]
CC(=O)O[C@H]1C[C@]2(O)[C@H]3CC[C@H]4C[C@H](O[C@H]5C[C@@H](O)[C@@H](O[C@H]6C[C@@H](O)[C@@H](O[C@H]7C[C@@H](O)[C@@H](O)[C@H](C)O7)[C@H](C)O6)[C@H](C)O5)CC[C@@]4(C)[C@H]3CC[C@]2(C)[C@H]1C1=CC(=O)OC1,[-1.  1. -1.  1. -1.]
COP(=S)(OC)Oc1nc(Cl)c(Cl)cc1Cl,[-1.  1.  1. -1. -1.]
Cc1cncc(C)n1,[ 1.          1.          1.          0.7149757  -0.45532823]
O=C(NC(CCc1ccc2c(c1)OCO2)CCc1ccc2c(c1)OCO2)c1ccc(Cl)cc1,[ 1.  1. -1. -1.  1.]
O=C(O)c1nn(Cc2ccc(Cl)cc2Cl)c2ccccc12,[ 1. -1. -1. -1. -1.]
CC[C@@H]1OC(=O)[C@@H](C)[C@H](O[C@@H]2C[C@](C)(OC)[C@H](O)[C@@H](C)O2)[C@H](C)[C@H](O[C@@H]2O[C@H](C)C[C@H](N(C)C)[C@H]2O)[C@@](C)(O)C[C@@H](C)/C(=N\OCOCCOC)[C@H](C)[C@@H](O)[C@@]1(C)O,[ 0.9595441 -1.        -1.        -1.        -1.       ]
CCCCOC(=O)c1ccc(-n2nc(OCCN3CCCCC3)c3ccccc32)cc1,[-1.          1.         -1.         -1.          0.98827755]
CC=C(CC)C(=O)NC(N)=O,[ 0.9858115 -1.        -1.         1.         1.       ]
CC1CCC2(O)C3(C)CC4(O)OC2(C1O)C1(O)C3(O)C(OC(=O)c2ccc[nH]2)C(O)(C(C)C)C41C,[-1.  1. -1.  1.  1.]
CON(C)C(=O)Nc1ccc(Cl)cc1,[ 0.9994326  1.        -1.         1.        -1.       ]
CC1(C)C2CCC1(C)C(O)C2,[-1.          1.         -0.9449464   1.         -0.86226064]
Cc1cnc(C)c(C)n1,[ 0.8589143  1.        -1.        -1.        -1.       ]
N#CCc1ccccc1,[-1.         -0.45500296 -1.         -1.         -0.42493284]
COc1cnc(-c2ccccc2C(F)(F)CNC(=O)c2ccc(COCC(F)(F)F)nc2)cn1,[-0.0384014  1.        -1.        -1.        -1.       ]
C[Si](C)(Cl)Cl,[ 1.          0.99988884 -1.          1.          1.        ]
O=C(CN1CCNCC1)NN=Cc1ccc([N+](=O)[O-])o1,[ 1.         -1.          1.          1.          0.55058765]
CNC(=N)c1cccc(CC(CC(=O)N2CCC(C)CC2)NS(=O)(=O)c2ccc3ccccc3c2)c1,[ 1.        0.767559 -1.       -1.       -1.      ]
COP1(=S)OCc2ccccc2O1,[-1.  1. -1. -1. -1.]
O=C1CCc2ccccc2O1,[-1.         1.        -1.         1.        -0.7739629]
CCCCCNCCCCC,[ 0.9924266  1.        -1.         1.         1.       ]
CC1CC(=O)CC(C)O1,[ 1. -1. -1. -1.  1.]
CP(=S)(Oc1ccccc1)Oc1ccc(C#N)cc1,[ 1.          1.          0.4154976  -1.         -0.44797748]
CC(CC(=O)OC(C)(C)C)NC(=O)C1=NOC(C(O)(C(F)(F)F)C(F)(F)F)C1,[ 0.6061435  1.         1.        -1.        -1.       ]
CC(O)C(=O)Nc1c(I)c(C(=O)NC(CO)CO)c(I)c(C(=O)NC(CO)CO)c1I,[-0.33879352  0.55156815 -1.          0.19855237 -0.2802426 ]
CCCCC(CC)OCCOCCO,[-0.5202675  0.9847277 -1.        -1.         1.       ]
Clc1ccc(N2N=NC3C4CC(C5N=NC45)C32)cc1,[ 1.          1.         -1.         -1.         -0.39588198]
OCCOc1cc(Cl)c(Cl)cc1Cl,[-0.8967341   1.         -0.94992244 -1.          0.71255916]
COC(=O)c1cc(Oc2ccc(Cl)cc2Cl)ccc1[N+](=O)[O-],[ 1.        -1.         0.3609326 -0.6818273 -1.       ]
CCC(C)(CC)c1cc(N)on1,[ 1. -1. -1.  1. -1.]
CCC[NH+]1CCCCC1C(=O)Nc1c(C)cccc1C,[ 0.84867316  1.         -1.         -1.          1.        ]
Cc1ccc(S(=O)(=O)Nc2c(C(=O)NC3CCCCC3)c(C)nn2-c2ccccc2)cc1,[-0.99681896  1.         -1.         -1.         -0.3569205 ]
N=C(Nc1c([N+](=O)[O-])cnc2ccccc12)N1CCOCC1,[ 0.90190804  1.         -1.          1.         -0.90992016]
CCCSP(C)(=S)OP(C)(=S)SCCC,[-0.7520939  -0.89434636 -1.          1.         -1.        ]
CNC(=O)Oc1ccccc1C1OCCO1,[-0.4613623  1.         1.         1.         1.       ]
CCOP(=S)(OCC)OC(C)CC,[-1.  1. -1.  1.  1.]
CCC1(CC)C(=O)NCC(C)C1=O,[ 1.        -1.        -1.         1.        -0.9381277]
CC(=O)NCCCS(=O)(=O)[O-],[ 1.  1. -1. -1. -1.]
CC(=O)N(C)c1ccc(Nc2ncc3cc(-c4ccncc4)ccc3n2)cc1,[ 0.59517264  1.         -1.         -0.9953992  -1.        ]
Nc1cc[n+]([O-])cc1,[ 1.  1. -1. -1. -1.]
CN(C)C(=O)Cl,[-1.          1.         -1.         -0.46022618 -1.        ]
CC(C(O)c1ccc(O)cc1)[NH+]1CCC(O)(c2ccccc2)CC1,[-1.  1. -1. -1.  1.]
CC(C)C(O)(c1ccc(OC(F)(F)F)cc1)c1cncnc1,[-1.          1.         -1.         -1.         -0.77993304]
CC1CN(C2CCCCCCCCCCC2)CC(C)O1,[ 1.          1.         -1.          0.36976647  1.        ]
CCOCCCO,[ 0.8053456   1.          1.         -0.19878857 -0.8850502 ]
CCCc1nn(C)c2c(=O)[nH]c(-c3cc(S(=O)(=O)N4CCN(C)CC4)ccc3OCC)nc12,[ 1.  1. -1. -1.  1.]
C[C@@H](NC1=CC(=O)CNC1)c1ccc(Nc2ncc3cc(-c4ccncc4)ccc3n2)cc1,[ 0.32458755  0.99988514 -1.         -1.          0.99864286]
CN(C)C(=O)C(CCN1CCC(O)(c2ccc(Cl)cc2)CC1)(c1ccccc1)c1ccccc1,[-1.         1.         1.        -1.        -0.7100548]
CCNC(=O)ON=C1SCOC1C,[-1.  1.  1.  1. -1.]
COP(=O)(OC)Oc1ccc([N+](=O)[O-])c(Cl)c1,[-1.         0.9997551  1.         1.        -1.       ]
CC(=O)N1CCN(c2ccc(OC[C@H]3CO[C@](Cn4ccnc4)(c4ccc(Cl)cc4Cl)O3)cc2)CC1,[-0.9999277  1.        -1.         1.        -1.       ]
CNC(=O)Oc1cccc2c1OC(C)(C)O2,[-1. -1. -1. -1. -1.]
OCC(O)CO,[1.         1.         0.96267396 1.         1.        ]
N#CSCCSC#N,[-1.  1. -1. -1.  1.]
OCCCCC(O)CO,[-0.8630498  1.        -0.496871  -1.        -0.547638 ]
C[C@@H](N/C(=N\c1ccncc1)NC#N)C(C)(C)C,[ 0.8475358  1.         1.        -1.        -1.       ]
OCC(O)C(O)C(O)CO,[ 1.         1.        -1.         1.         0.9542552]
CCCCCCCCCCCCCCCCCCOP(=O)([O-])OCC[N+]1(C)CCCCC1,[-1.         1.         0.5504979 -1.        -0.8857061]
CCC(CCCCOC(=O)c1ccccc1)COC(=O)c1ccccc1,[ 1.          1.          0.94472563 -1.         -1.        ]
CCC1(CC)Oc2cccc(OC(=O)N(C)C(C)=O)c2O1,[ 1.         -0.67390496 -1.         -1.          0.91865784]
C[C@@H](O)[C@H]1C(=O)N2C(C(=O)O)=C(SCCNC=N)C[C@H]12,[ 0.9286045   1.         -1.         -0.82458884  0.20164974]
C=CC(=O)N(C)C,[ 0.7441931  1.        -1.        -1.        -0.839991 ]
COc1ccc(C(Oc2ccccc2)C2=NCCCN2)cc1,[ 0.03881082 -0.6694407  -1.         -0.4827286   1.        ]
CCN(CCO)C(=O)c1oc2cccnc2c1-c1cccc(C(F)(F)F)c1,[-0.28414434  0.08492759 -1.          1.          1.        ]
CCOC(=O)C=Cc1ccc2c(c1)OCO2,[ 1.  1.  1. -1. -1.]
Cc1ccc([N+](=O)[O-])cc1,[ 1.  1.  1.  1. -1.]
COc1ccc([N+](=O)[O-])cc1N,[-1.       1.      -1.      -1.      -0.95227]
S=c1[nH]c2cc(Cl)ccc2o1,[-1.  1. -1. -1. -1.]
CC(O)C(Cl)(Cl)Cl,[ 1.         1.        -1.        -1.        -0.9377721]
C=CCN1CCC23CCCCC2C1Cc1ccc(O)cc13,[ 1.          1.         -1.          1.         -0.22710665]
Nc1cc2c(cc1C1CCCCC1)CCC2C(=O)O,[ 0.98859453  1.         -1.         -1.         -0.29894215]
CNC(=O)OCc1cccc(COC(=O)NC)n1,[-1.         -0.51729107 -0.76096934 -1.         -1.        ]
CCC(C)N(C)C(=O)c1cc2ccccc2c(-c2ccccc2Cl)n1,[ 1.         -0.02682141 -1.         -1.          0.88274515]
BrC(Br)Br,[-1.         -1.         -0.82926816 -1.         -1.        ]
C=CCN1CCCC1CNC(=O)c1cc2nn[nH]c2cc1OC,[ 0.94226146  1.          1.         -1.         -0.95286953]
CCCSP(C)(=S)Oc1ccc(Cl)cc1Cl,[-1. -1. -1. -1. -1.]
C=CC(=O)OCC(=O)OCC,[-0.31612027 -0.81441176 -1.          0.7276062   1.        ]
CCCN(N=O)C(N)=O,[-0.78212684  1.         -1.          0.32348818 -0.9644128 ]
CCC(C(=O)O)c1ccc(CC(C)C)cc1,[ 0.77565897 -1.         -1.         -1.          1.        ]
C[Si](C)(C)CCCC(=O)O,[-0.79217744  1.         -1.          1.         -1.        ]
CNC(=O)ON=C(C)SCC(N)=O,[ 1.         -0.2970494  -1.          0.67248285  1.        ]
CSCCNc1nc(SCCC(F)(F)F)nc2c1ncn2C1OC(COP(=O)([O-])OP(=O)([O-])C(Cl)(Cl)P(=O)([O-])[O-])C(O)C1O,[-0.13823722  1.         -1.          0.78807867  0.5135569 ]
CC(C)=C1CCC(C)CC1=O,[-0.9469774  -1.         -1.         -1.          0.97519666]
C=CC(=O)Nc1ccc(O)cc1,[ 0.9953061 -1.         1.        -1.        -1.       ]
COc1cc(C=CC(N)=O)ccc1O,[ 1.         -1.         -1.         -1.         -0.90887344]
COP(N)(=O)SC,[-0.9995862   1.         -1.          0.47943047  1.        ]
CCN1C(=O)NC(c2ccccc2)C1=O,[-1.          0.16730022 -1.         -1.         -0.37236804]
Clc1cccc([Si]23OCCN(CCO2)CCO3)c1,[-0.81921715  1.          1.          1.         -1.        ]
O=C(Oc1ccccc1)n1c(C(F)(F)F)nc2cc(Cl)c(Cl)cc21,[-1.          1.          0.86827743  1.         -0.9375544 ]
CC(=O)OC(C(=O)NC(N)=O)c1ccccc1,[ 1. -1. -1. -1.  1.]
N#CC1CC2CC2N1C(=O)C(N)C12CC3CC(CC(O)(C3)C1)C2,[ 1.         1.         1.        -1.         0.9983952]
COP(=S)(OC)SCC(=O)N1CCOCC1,[ 0.7813229  -1.          0.78234786 -0.9205299   0.25200656]
CN(C)CC/C=C1/c2ccccc2COc2ccc(CC(=O)O)cc21,[-0.99987346  0.6442248  -1.          0.70780456 -0.8101339 ]
O=CCCCC=O,[-1.        -1.        -1.        -1.         0.5589579]
COC(=O)C1=C(C)NC(C)=C(C(=O)OCCN(C)Cc2ccccc2)C1c1cccc(N(O)O)c1,[-1.  1. -1.  1. -1.]
CC1CS(=O)(=O)CCN1N=Cc1ccc([N+](=O)[O-])o1,[-1.  1. -1.  1. -1.]
CCC(=O)N(c1ccccc1)C1CCN(CCc2ccccc2)CC1,[ 1.         -1.         -0.48678893  1.         -1.        ]
C=CCSP(=O)(NC(=O)CC)OC,[ 1.  1. -1. -1. -1.]
CCOP(=O)(OCC)Oc1nc(Cl)c(Cl)cc1Cl,[-1.  1. -1. -1. -1.]
C[C@@H]1CN(Cc2ccc(F)cc2)CCN1C(=O)COc1ccc(Cl)cc1NC(N)=O,[ 1.         -0.84633714 -1.         -1.         -1.        ]
CCCSP(C)(=S)Oc1ccccc1,[-0.91871995  1.         -1.          0.03984402 -0.746298  ]
COc1cc2ncc(C(N)=O)c(Nc3ccc(C)cc3F)c2cc1OC,[ 1.  1.  1. -1.  1.]
CC(C)CCCC1CCC(C)(C(=O)NCC(=O)O)CC1,[ 1.          1.          0.63167953 -1.         -1.        ]
CNC(=O)c1cccc2c(Nc3ccc(NS(C)(=O)=O)cc3OC)c3cccc(C)c3nc12,[ 1. -1. -1.  1. -1.]
Cc1c(OC2CCN(CC3CCN([C@@H](Cc4ccc(F)cc4)C(=O)O)CC3)CC2)ccc(C#N)c1Cl,[ 1.          1.         -1.         -1.         -0.94264716]
COc1cccc(OC)c1O,[-1. -1. -1.  1. -1.]
Cc1cc(Nc2nc(N[C@@H](C)c3ccc(F)cn3)c(C#N)nc2C)n[nH]1,[-0.9306606  0.9984115 -1.        -1.        -0.2026369]
COc1ccc(-c2nc3c(NCCCNC(C)=O)c(Br)cnc3[nH]2)cc1,[ 1.          0.18852977 -1.          0.9518272   0.91351336]
CCCCCC(O)C=CC1C(O)CC(O)C1CC=CCCCC(=O)O,[ 1.        -0.4538479 -1.         1.         1.       ]
Nc1ccc([N+](=O)[O-])cc1N,[-1.         -1.         -1.          1.         -0.19676873]
CO[C@@H]1C=CO[C@@]2(C)Oc3c(C)c(O)c4c(c3C2=O)C(=O)/C(=C\NN2CCN(C)CC2)C(=C4O)NC(=O)C(C)=CC=C[C@@H](C)[C@H](O)[C@H](C)[C@H](O)[C@@H](C)[C@@H](OC(C)=O)[C@@H]1C,[ 0.97945946 -1.         -1.         -1.         -1.        ]
CCN[C@@H]1C[C@H](N)[C@@H](O[C@H]2OC(CN)=CC[C@H]2N)[C@H](O)[C@H]1O[C@H]1OC[C@](C)(O)[C@H](NC)[C@H]1O,[ 1.  1. -1. -1.  1.]
CC(=CC(=O)O)C(=O)O,[ 1.          1.         -0.97056377 -1.         -1.        ]
CN(c1ccc(F)cc1F)c1c([N+](=O)[O-])cc([N+](=O)[O-])cc1C(F)(F)F,[-1.  1. -1. -1. -1.]
NC(=O)c1cnc(N[C@@H]2CCCC[C@@H]2N)nc1Nc1cccc(-n2nccn2)c1,[-1.          1.         -1.         -0.8236424   0.46839458]
CCOP(=S)(OCC)SCSCc1ccccc1,[ 0.91328895  1.         -1.          0.78759295  0.99998707]
COc1cc2c(c3oc(=O)c4c(c13)CCC4=O)C1C=COC1O2,[-1.        -1.        -1.        -0.9953382  1.       ]
CC(C)(c1ccc(Oc2ccc(N)cc2)cc1)c1ccc(Oc2ccc(N)cc2)cc1,[ 1.  1. -1.  1. -1.]
Cc1cc(OC(=O)N(C)C)n(-c2ccccc2)n1,[-1.         -1.          0.8927897  -1.          0.23605846]
Cc1ccc2c(c1)c(-c1ccnc3c(C)cccc13)c(C)n2CC(=O)O,[ 1.          0.98567265 -1.         -0.9874273  -0.9840097 ]
COc1cc(N)c2c(c1N)C(=O)c1ccccc1C2=O,[ 0.0664693   1.         -1.          0.329379   -0.19598775]
Oc1cc(Cl)c(Cl)c(Cl)c1Cl,[ 1.  1. -1. -1.  1.]
CCN(CC)CCO,[ 1.         -0.727379   -1.          0.5409222  -0.80771416]
CC(C)(C)c1ccc(C(=O)O)cc1,[ 1.         1.        -1.        -1.        -0.1980598]
CNC(=N)c1cccc(CC(CC(=O)N2CCC(C(=O)O)CC2)NS(=O)(=O)c2ccc3ccccc3c2)c1,[ 1.          1.         -0.9999866  -1.         -0.72433054]
COc1ccc2c3c1OC1C(O)C=CC4C(C2)[N+](C)([O-])CCC341,[ 1.          1.          0.99933964 -1.          0.5463091 ]
CO[Si](CCCOCC1CO1)(OC)OC,[ 1.          1.          1.         -1.          0.68564796]
O=C1COc2ccc(CNC3CCN(CCN4C(=O)COc5ccc(Cl)cc54)CC3)nc2N1,[ 1.         0.9455004  1.         1.        -1.       ]
CCCOCCN(C(=O)CCl)c1c(CC)cccc1CC,[ 0.75305617  1.         -0.9401341  -1.         -1.        ]
CCN(CC)c1ccc2cc(C(=O)NC3(C(=O)N[C@H](Cc4ccccc4)C(=O)NCC4CCN(CC5CCOCC5)CC4)CCCC3)sc2c1,[ 1.         1.        -1.         1.        -0.0994291]
COc1cccc2c1cc([N+](=O)[O-])c1c(C(=O)O)cc3c(c12)OCO3,[ 1.         1.        -1.         0.8324237 -1.       ]
CCCCCCCCCCCCNC(N)=S,[ 0.9949394   1.         -1.          0.11406556 -0.9753366 ]
CC1(C)CC(NC2CC(C)(C)NC(C)(C)C2)CC(C)(C)N1,[ 1.          1.          1.         -0.60452825  0.71862775]
CC(=O)OCc1ccc(C(C)C)cc1,[ 1. -1. -1. -1.  1.]
NCCNCc1ccccc1O,[-1.          1.          0.9121659   0.83096725 -1.        ]
COc1ccc(N)c([N+](=O)[O-])c1,[ 0.9599544  -0.8704478  -0.88168347 -1.         -1.        ]
C=CCOc1ccccc1OCC(CNC(C)C)OC(=O)C1CC1,[ 1.  1.  1. -1. -1.]
Cc1ccc2nc(C[N+]34CCC(CC3)[C@@H](OC(=O)[C@](C)(c3ccccc3)N3CCCCC3)C4)oc2c1,[-0.11348713  1.         -1.         -1.          0.54797137]
C=C(C)C(=O)OCCC[Si](OC)(OC)OC,[ 1.          1.         -1.          0.93155575 -1.        ]
Cc1onc2c(=O)n(C)nc(-c3ccccc3)c12,[ 1.        -1.         0.3019054  1.        -1.       ]
NC(=O)Nc1cccc2c3c([nH]c12)CCCC3,[ 1. -1.  1.  1.  1.]
O=C(Cc1ccc(Cl)c(C(F)(F)F)c1)Nc1cccc2c(=O)n(CCO)ccc12,[-1.          1.         -0.99440193 -0.82952726 -1.        ]
Oc1nc(-c2ccccc2)nc2ccccc12,[ 0.94639146 -0.62495106 -1.         -1.         -0.45875823]
CC(=O)N[C@H](C)C(=O)NCCc1ccccc1,[-0.92817926  0.43580806  0.8726352  -1.         -1.        ]
O=c1c2nocc2c(-c2ccccc2)nn1-c1ccccc1,[ 1.  1. -1. -1. -1.]
CN(C)N=Nc1ccc(I)cc1,[-1.          1.         -1.          0.6920368  -0.99998593]
Cc1ccn(C(=O)NCCCCCCCl)n1,[ 1.          1.         -1.          0.9961165  -0.98453295]
Cc1cccc(C)c1O,[ 0.78538746  0.89110416 -1.         -1.         -0.84020174]
CCOC(C)COC(C)CO,[-0.8186325  1.        -1.        -0.982906   1.       ]
CNc1c(C(N)=O)cnc2[nH]c(-c3ccc(OCCN4CCOCC4)cc3)nc12,[-1.          1.         -1.         -0.52631986 -1.        ]
COc1nccnc1NS(=O)(=O)c1ccc(N)cc1,[ 1.         -0.59124297 -1.         -1.         -1.        ]
Nc1nc2[nH]cnc2c(=S)[nH]1,[-1.         1.        -1.        -0.6772983 -1.       ]
FC(F)(F)c1nc2c(Br)c(Br)cc(Br)c2[nH]1,[ 0.79299974  1.          0.10582865  1.         -1.        ]
CC(=O)OO,[ 1.          0.7043657   1.         -1.         -0.97988534]
CCNC(=O)C=Cc1cccc(Br)c1,[ 1.         -1.          0.88672566 -0.89631116 -1.        ]
CC(C(N)=O)(c1ccccc1)c1ccc(N)cc1,[ 1.         1.        -1.         1.        -0.9329882]
CN[C@@H](C)[C@@H](O)c1ccccc1,[ 1.         -1.         -1.         -0.29440647 -1.        ]
Fc1ccc(Br)cc1,[-1.         0.8579752 -1.         1.        -0.8145269]
COc1cc2nc(N3CCN(C(=O)c4ccco4)CC3)nc(N)c2cc1OC,[-1.          1.          1.         -1.          0.82602483]
CCCN(CCC)c1c([N+](=O)[O-])cc(S(N)(=O)=O)cc1[N+](=O)[O-],[-0.99745125  1.         -1.         -1.         -0.98072183]
CCC(=O)NC[C@H]1CN(c2ccc(-c3nncs3)c(F)c2)C(=O)O1,[ 0.3657439 -1.        -1.        -1.        -1.       ]
C=C(C)C(=O)OCCCC,[-0.47515345  0.06575853 -1.         -1.         -1.        ]
CCN(CC)CCNC(=O)c1cc(Br)c(N)cc1OC,[ 1.  1. -1. -1.  1.]
O=C(CCl)OC1=C(OC(=O)CCl)C(=O)OC1=O,[-0.9529651  1.        -1.        -1.        -1.       ]
Cc1cc(C)c(N)c(C)c1,[ 1.        -1.        -0.6115304 -1.         1.       ]
CC(=O)Oc1cccc(Oc2ccc(C(F)(F)F)cc2Cl)c1,[-1.         1.        -1.        -1.        -0.9990119]
Cc1cccc([N+](=O)[O-])c1[N+](=O)[O-],[ 0.8016098   1.         -1.         -1.          0.25521854]
O=C(NC1CC1)c1cc(-c2cccs2)on1,[ 1.          1.         -0.38318422  1.         -1.        ]
C=CC(=O)OCC(CC)CCCC,[ 1.          0.9843528  -1.          0.56746274 -0.80590665]
CCCCCCCCCCCCCCCN,[ 1.  1.  1. -1. -1.]
COc1cc(C(=O)NC2CCCNC2)cc(OC)c1OC,[ 0.91573554  1.          0.08836299 -1.          1.        ]
C=CCNC(=O)C(=O)C(CCC)NC(=O)C1CC2CN1C(=O)C(C1CCCCC1)NC(=O)Cc1cccc(c1)OCCC(C)(C)O2,[-0.9974129  1.        -1.        -1.        -1.       ]
COC(C)C=O,[ 1.          1.         -1.         -1.         -0.98872447]
CCN(CC)N=Nc1ccccc1,[ 1.  1.  1. -1.  1.]
C1CSCCO1,[ 1.          1.         -1.         -1.          0.32674855]
C1=CCCC=CCCC=CCC1,[ 1. -1.  1.  1. -1.]
N#Cc1cccc(Cc2ncccn2)c1,[-1.  1.  1. -1. -1.]
Nc1nc2c(ncn2COCCO)c(=O)[nH]1,[ 1.         1.        -0.9332317 -1.         1.       ]
CCC(=O)OC1CCC2C3CCC4=CC(=O)CCC4(C)C3CCC12C,[ 1.          1.         -0.7663319   1.         -0.75004387]
COc1ccc2ccc(=O)n(CCN3CCC(NCc4cc5c(cn4)OCCO5)CC3)c2n1,[ 1.          1.         -1.         -1.         -0.21330173]
C/C([O-])=C(\C#N)C(=O)Nc1ccc(C(F)(F)F)cc1,[ 0.7831603  -0.18682708 -1.         -1.         -1.        ]
CCCN(CCC)c1c([N+](=O)[O-])cc(C(C)C)cc1[N+](=O)[O-],[ 1.         -0.93992925 -0.7981009  -1.         -0.81613666]
C[S+]([O-])Cc1ccc(C(=O)Nc2ccc(OCCOCCO)nc2C(=O)NCC2CCC2)c2ccccc12,[-0.5892503  1.        -0.9953822  0.8271037  1.       ]
CCCc1c(OCc2cccn3c(=O)c(CCC(=O)O)cnc23)ccc(C(C)=O)c1O,[-1.          1.          0.99543846 -1.         -1.        ]
O=P(O)(O)C(O)(Cn1ccnc1)P(=O)(O)O,[1. 1. 1. 1. 1.]
CC(C)CCI,[ 1.  1. -1. -1. -1.]
CC(C)(C)NC(=O)C1CC2CCCCC2CN1CC(O)C(Cc1ccccc1)NC(=O)C(CC(N)=O)NC(=O)c1ccc2ccccc2n1,[ 1.        1.       -1.       -1.        0.930102]
FC(F)=C(F)CCSc1ncccn1,[-0.29586706  1.         -1.          1.         -0.99993765]
CNC(=O)Oc1ccc(Cl)c2c1OC(C)(C)C2,[ 1.          1.         -1.          0.98005545 -0.76366764]
O=C(Nc1ccc(Br)cc1)c1cc(Br)cc(Br)c1O,[-0.8313267   1.          0.9996521   1.          0.86840516]
CC(C)(C#N)C(C)(C)C#N,[-1.  1. -1. -1. -1.]
CN(C)S(=O)(=O)N(SC(F)(Cl)Cl)c1ccccc1,[ 0.89456767 -0.5514808  -1.          1.         -1.        ]
CCOP(=S)(OCC)Oc1cc(-c2ccccc2)on1,[-1.  1.  1.  1.  1.]
C=C[Si](OC)(OC)OC,[ 1.         1.         1.        -1.        -0.9857425]
CN1CCN(c2ccc3ncc(C(N)=O)c(Nc4ccc(Cl)c(Cl)c4)c3c2)CC1,[-0.99380535  1.          1.          1.          1.        ]
O=C1NC(=O)C(c2ccccc2)(c2ccccc2)C(=O)N1,[ 0.01872615  1.          1.          1.         -1.        ]
COc1ccccc1NC(=O)CC(C)=O,[-0.90250325 -0.9913272   1.         -0.9119229  -0.00318764]
Cc1onc2c(=O)[nH]nc(-c3ccccc3)c12,[-1.          0.98814183 -1.         -1.          0.9588698 ]
C=CC(=O)OCCc1ccc(CC)cn1,[ 0.99750954  1.         -0.7505603   0.7830308   1.        ]
C=C(Cl)C#N,[ 0.5279115  1.        -1.         0.5746567 -0.9995867]
Nc1nc(O)c2ncn(COCCO)c2n1,[ 1.         1.        -1.        -1.        -0.9947672]
CCC(=O)O,[-1.        -1.        -1.        -1.        -0.3052458]
CC[C@H]1NC(=O)[C@@H](NC(=O)c2ncccc2O)[C@@H](C)OC(=O)[C@H](c2ccccc2)NC(=O)[C@@H]2CC(=O)[C@H](CS[C@@H]3CN4CCC3CC4)CN2C(=O)[C@H](Cc2ccc(N(C)C)cc2)N(C)C(=O)[C@@H]2CCCN2C1=O,[ 0.6372395   0.99268967 -1.          0.9994392  -1.        ]
CC1=C(CC(=O)O)c2cc(F)ccc2C1=Cc1ccc(S(C)=O)cc1,[-0.5362896  1.        -1.        -1.        -0.9999887]
CO/N=C(/C(=O)NC1C(=O)N2C(C(=O)[O-])=C(C[N+]34CCC(C(N)=O)(CC3)CC4)CSC12)c1nsc(N)n1,[-0.86285096  1.         -1.         -1.          1.        ]
CC(=O)SCC(=O)Nc1nc2ccccc2s1,[-1.        -1.        -1.         0.9572605 -1.       ]
O=S1(=O)CCN(c2ccccc2)CC1,[ 1.         1.         1.        -1.         0.9672775]
C#CC(C)(C)O,[-1.          1.         -1.          1.         -0.99993956]
O=C(CCc1ccccc1)OC1=C(OC(=O)CCc2ccccc2)C(=O)OC1=O,[ 1.  1.  1.  1. -1.]
C[NH+](C)CCC(c1ccc(Cl)cc1)c1ccccn1,[-0.22323817 -1.         -0.25693387 -1.          1.        ]
O=CNC(N1CCN(C(NC=O)C(Cl)(Cl)Cl)CC1)C(Cl)(Cl)Cl,[ 1.         1.        -1.        -0.9043525 -1.       ]
CC(C)Nc1nc(Cl)nc(NC(C)C)n1,[-0.9093091   0.99684155 -1.         -1.         -1.        ]
CC(C)=CCCC(C)=CCCC(=CCCC(C)=CCO)CO,[ 1.          0.45982438 -1.         -1.          1.        ]
CC(C)(C)c1ccc2c(c1)C(C)(C)CC2,[-0.9980765  0.9986222 -1.        -0.8751641 -0.9559111]
C=C(C)C(=O)OCCOC(=O)C(=C)C,[ 1.          1.         -1.         -0.38974628 -1.        ]
CC(=O)N(C)C,[ 1.  1. -1. -1. -1.]
CC(C)CNC(=O)NS(=O)(=O)c1ccc(Cl)cc1,[ 1. -1. -1.  1. -1.]
C=CC(=O)OCCOC(=O)CC(C)=O,[ 1.  1.  1. -1.  1.]
O=C(O)CCC(=O)OC1CCCCC1,[-1.          1.         -1.          0.86292946  0.7080821 ]
CCC(C)OP(=S)(OC)OC,[ 1.          0.89434326 -1.         -1.         -1.        ]
CCOc1ccccc1C(N)=O,[ 1.        -0.6889757 -1.         1.        -1.       ]
COc1cc(OC)c(S(=O)(=O)N2c3ccccc3CCC2C)cc1NC(=O)CSCC(=O)O,[ 1.  1. -1.  1. -1.]
FCOC(C(F)(F)F)C(F)(F)F,[ 1.         1.        -1.         1.         0.8483465]
CCCOP(=O)(SCCC)SCCC,[-1.         0.9898056  1.        -1.         1.       ]
CCC(O)CO,[ 1.         0.4929996  1.        -1.         1.       ]
CC(CN1CC(=O)NC(=O)C1)N1CC(=O)NC(=O)C1,[-0.9999886  1.        -1.        -1.        -1.       ]
COCCNC(=O)c1ccc(Nc2ncc3cc(-c4ccncc4)ccc3n2)cc1C,[ 1.         1.        -1.         0.4581157 -1.       ]
Oc1ccc2[nH]c(C(F)(F)F)nc2c1,[ 1.        -1.         1.         0.8201955  1.       ]
COc1c(Cl)ccc(Cl)c1C(=O)OCCN(CCOC(=O)c1c(Cl)ccc(Cl)c1OC)c1ccccc1,[ 1.         1.        -1.        -1.        -0.9664434]
N#CCCOCCC#N,[-0.9363819   1.         -0.88493234 -0.63235223  0.91617876]
CO/N=C(\C(=O)N[C@@H]1C(=O)N2C(C(=O)O)=C(COC(C)=O)CS[C@H]12)c1csc(N)n1,[ 1.        1.       -1.       -1.       -0.825717]
Cc1nn(C2CCCCC2)c(N)c1-c1ccccc1,[ 1.         1.        -1.         0.7245118  1.       ]
CCOC(=O)Nc1ccc(NCc2ccc(F)cc2)cc1N,[ 1.         -0.77905744 -1.          1.         -1.        ]
O=CCc1ccccc1,[ 1.  1. -1. -1.  1.]
ClC(=NNc1c(Cl)cc(Cl)cc1Cl)c1ccccc1,[-1.  1. -1. -1. -1.]
CNC(=O)[C@@H]1Cc2cn(cn2)CC(=O)N2CCC[C@H]2C(=O)N[C@@H](C)C(=O)N1C,[ 0.5811158  1.        -1.        -1.        -1.       ]
COP(=S)(OC)SCc1nnc(C(C)C)o1,[-0.765883  1.        1.       -1.        1.      ]
C=CCn1c(N)cc(=O)n(CC)c1=O,[ 1.  1. -1. -1.  1.]
BrC12CC3CC(CC(C3)C1)C2,[-1.          1.         -1.          0.58377194 -0.972506  ]
CN(CCCOCCOCCc1ccccc1)CCc1ccc(O)c2nc(O)sc12,[ 1.  1. -1.  1. -1.]
CCCCCc1ccccc1O,[-0.8827575  1.        -1.         1.         0.665038 ]
CCCOC(=O)c1ccc(C(=O)OCCC)nc1,[-1.  1. -1.  1. -1.]
Cc1cc(C)c(C)cc1C,[ 1. -1. -1. -1. -1.]
CC(Cl)(Cl)[N+](=O)[O-],[ 1.         -1.         -1.          1.          0.23254983]
N#Cc1cc(Br)c(O)c(Br)c1,[ 1.  1. -1.  1. -1.]
Cc1ccc2c(c1)c(S(=O)(=O)c1ccc(Cl)cc1)c(C)n2CC(=O)O,[ 1.         1.        -1.         0.7787161 -1.       ]
ClC1=C(Cl)C(Cl)(C2(Cl)C(Cl)=C(Cl)C(Cl)=C2Cl)C(Cl)=C1Cl,[ 0.83021635  1.         -1.         -1.         -1.        ]
CCOC(=O)COC(=O)c1cc(Oc2ccc(C(F)(F)F)cc2Cl)ccc1[N+](=O)[O-],[ 1.         1.        -1.        -1.        -0.9989303]
Fc1cc2nc(C(F)(F)F)[nH]c2cc1Cl,[ 0.92938393  1.         -1.          0.23452605 -1.        ]
C1=CC2C3C=CC(C3)C2C1,[ 1.         1.        -1.        -1.         0.7212403]
C=CCc1ccc(OC(C)=O)c(OC)c1,[0.90845716 1.         1.         1.         1.        ]
CN(C)CC=C(c1ccc(Br)cc1)c1cccnc1,[ 0.5232948   0.24652384 -1.          1.         -0.81802   ]
CC(O)c1cccc(N)c1,[1.         1.         1.         1.         0.99868095]
Cc1ccc2c(c1)c(-c1ccnc3cc(Cl)ccc13)c(C)n2CC(=O)O,[-1.          1.         -1.          0.9404784  -0.74933213]
C#CC1(O)CCC2C3CCC4=CC(=O)CCC4C3C(=C)CC21CC,[ 1.        -1.         1.        -1.         0.6196091]
O=C(Cl)C=CC(=O)Cl,[ 0.4063895  1.        -1.        -1.        -1.       ]
CN(CC#N)N=O,[ 1.          1.         -1.          0.99971604 -1.        ]
Cc1nc(N)nc(N)c1-c1ccc(Br)cc1,[-1.  1. -1. -1.  1.]
C#CCN(C)c1ccccc1OC(=O)NC,[ 1.          1.         -0.99175143  0.9999751  -1.        ]
COCCN(C(=O)CCl)c1c(C)cccc1C,[ 1.          0.97905314 -1.         -1.         -1.        ]
CCc1nc(N)nc(N)c1-c1ccccc1,[-0.39381838  1.         -1.          1.          0.9943041 ]
c1ccc([C@H]([C@@H](c2ccccc2)N2CCCCC2)N2CCCCC2)cc1,[ 1.          1.         -1.          0.53870076 -0.97225815]
O=c1[nH]c2ccccc2n1CCCN1CCN(C(c2ccccc2)c2ccccc2)CC1,[ 1.  1. -1. -1. -1.]
CCC(C)c1ccccc1,[ 1.          0.9935529  -1.         -1.          0.65106934]
CBr,[ 1.          1.         -0.92214036  0.52413285 -0.66545194]
CC1(C)SC2C(NC(=O)C(C(=O)[O-])c3ccsc3)C(=O)N2C1C(=O)[O-],[ 1.        -1.        -1.        -1.        -0.6129347]
COP(=S)(OC)Oc1ccc(C#N)cc1C,[-1. -1.  1.  1.  1.]
CC(C)C1NC(=O)c2ccccc2O1,[ 1.        -0.6002649 -1.        -1.        -0.9167851]
CCC(CC)n1nc(C)c(C(=O)N[C@@H](C)C(C)(C)C)c1NS(=O)(=O)c1ccc(C)cc1,[ 1.          1.         -1.         -1.          0.55063176]
C=C(C)C(=O)OC=C(C)C,[ 1. -1. -1. -1. -1.]
CCN1CCCC1CNC(=O)c1cc(S(N)(=O)=O)ccc1OC,[-1.        -1.        -1.        -1.         0.8198248]
O=C1OCC2C1C1(Cl)C(Cl)=C(Cl)C2(Cl)C1(Cl)Cl,[ 1.  1.  1. -1. -1.]
NCC1CCC=CO1,[-1. -1. -1.  1. -1.]
CCn1cc(C(=O)O)c(=O)c2cc(F)c(N3CCN(C)CC3)cc21,[ 1. -1. -1.  1. -1.]
CCOP(=S)(OCC)SCC(=O)N(CCC#N)c1ccccc1,[ 1.        -1.         1.         0.9295426  1.       ]
CC[C@H](CO)NC(=O)[C@H]1C=C2c3cccc4[nH]cc(c34)C[C@@H]2N(C)C1,[-1.  1.  1. -1. -1.]
CC(=O)OC12COC1CC(O)C1(C)C(=O)C(O)C3=C(C)C(OC(=O)C(O)C(NC(=O)OC(C)(C)C)c4ccccc4)CC(O)(C(OC(=O)c4ccccc4)C21)C3(C)C,[ 1.        1.       -1.       -1.       -0.973098]
COc1ccc(NC(=O)CF)cc1,[-1.         -0.2168861   0.99251556 -1.         -1.        ]
C=CCOC(=O)CCCCC,[ 1.  1. -1. -1. -1.]
CN1c2ccccc2C(NCCCCCCC(=O)[O-])c2ccc(Cl)cc2S1(=O)=O,[ 1.          1.         -1.          1.          0.93269765]
COc1ccc2ncc(=O)n(CCN3CC[C@@H](NCc4cc5c(cn4)OCCO5)[C@H](O)C3)c2c1,[ 0.13079001  1.          1.         -1.          1.        ]
O=C(O)COc1ccc(Cl)cc1CN1CCN(S(=O)(=O)Cc2ccccc2)CC1,[ 1.         -0.89789313 -1.          0.7093425  -1.        ]
COc1ccc(Oc2ccc(NC(=O)N(C)C)cc2)cc1,[-0.31663144  1.         -1.         -1.          0.9381993 ]
S=c1[nH]cnc2nc[nH]c12,[-1.          0.98264015 -1.         -1.         -0.82976323]
COCc1c(C(C)C)nc(C(C)C)c(/C=C/[C@@H](O)C[C@@H](O)CC(=O)O)c1-c1ccc(F)cc1,[-1.          1.         -1.         -0.99741215  1.        ]
Cc1ncsc1C(=O)N(Cc1cc(=O)[nH]c2c(F)cccc12)c1cccc(Cl)c1,[ 1.  1. -1. -1. -1.]
CC1CCC(N)CC1N,[ 1.         -0.23843828 -1.         -1.         -1.        ]
CC[C@@]1(O)C(=O)OCc2c1cc1n(c2=O)Cc2cc3c(CN(C)C)c(O)ccc3nc2-1,[-0.82360643  1.         -1.          1.          1.        ]
CCOC(=O)c1c(C)cc2c(CO)n[nH]c(=O)c2c1C,[-1.  1.  1. -1. -1.]
Nc1nc2c(Cc3cccnc3)c[nH]c2c(=O)[nH]1,[ 1.  1. -1.  1. -1.]
CN(C)C(=O)Nc1cc(C(C)(C)C)on1,[ 1.  1.  1. -1. -1.]
COCOCCO,[-1. -1.  1. -1.  1.]
C[C@H](CO)Nc1nc(SCc2cccc(F)c2F)nc2[nH]c(=O)cnc12,[ 1.  1.  1. -1.  1.]
COc1cc(OC)c(S(=O)(=O)N2c3ccccc3CCC2C)cc1NC(=O)COCC(=O)O,[ 1.         -0.7381733  -1.         -1.         -0.97105515]
CCOP(=O)(OCC)OC(=C(Cl)Br)c1ccc(Cl)cc1Cl,[ 1.         1.        -1.        -0.9075039  1.       ]
O=[N+]([O-])c1cc2[nH]c(C(F)(F)F)nc2cc1Cl,[ 1. -1. -1.  1. -1.]
CCCCCCCCC1OC1CCCCCCCC(=O)OCC1(CC)OC1CCC,[ 1.         -0.01668767 -1.          0.657758    1.        ]
COc1nc(C)nc(Cl)c1NC1=NCCN1,[ 1.         -1.         -1.          0.81428134 -1.        ]
C=CC[NH+]1CCCC1CNC(=O)c1cc2n[nH]nc2cc1OC,[-1.  1. -1. -1. -1.]
CCOP(=S)(OCC)Oc1ccc([N+](=O)[O-])c(C)c1,[ 1.         1.        -0.8618717 -1.         1.       ]
Cc1c(-c2c(C)c(N)c3c(C(C)C)c(O)c(O)c(C=O)c3c2O)c(O)c2c(C=O)c(O)c(O)c(C(C)C)c2c1N,[ 1.          0.45410776 -1.         -0.99751574 -1.        ]
C1=CCC(C2OCC3(CC=CCC3)CO2)CC1,[ 1.          1.         -0.93340456  1.          0.6452742 ]
CC(COc1ccc(Cl)cc1Cl)C(=O)O,[ 0.9916643   0.24193679 -1.         -1.         -0.8830803 ]
CN1C(=O)CC(N2CCN(CCCN3c4ccccc4COc4ccc(CC(=O)O)cc43)CC2)N(C)C1=O,[-1.  1.  1.  1.  1.]
O=C(Cc1cccs1)N[C@@H]1C(=O)N2C(C(=O)[O-])=C(C[n+]3ccccc3)CS[C@H]12,[ 1.        -0.8274903  0.5041104  1.        -1.       ]
Cc1c(Sc2ccc(Cl)cc2)c2c(S(C)(=O)=O)cccc2n1CC(=O)O,[ 1.          1.         -0.35215247  1.         -1.        ]
Cc1cccc(C)c1NC(=O)C1CCCC[NH+]1C,[-0.55392814 -1.         -1.          1.         -0.99996316]
O=C(O)CCC(=O)c1ccc(-c2ccccc2)cc1,[-1.          0.23446523 -0.71752894  0.77899426  0.51737595]
CC(C)[N+](=O)[O-],[ 1.          1.         -1.          1.         -0.97401977]
COC(CN1CCN(CCC(O)c2ccccc2)CC1)c1ccccc1,[ 1. -1. -1.  1.  1.]
CC1(C)CC2(NC(=O)N(CCCN3CCC(O)CC3)C2=O)c2cc(F)ccc2O1,[-0.63418895  1.         -1.          1.          1.        ]
CN(SSC(C)(C)C)C(=O)ON=C1SCCS1,[-0.68823147  1.         -0.99775046 -1.          0.3101835 ]
O=CC=CC1CO1,[-0.99995404  1.         -1.          0.96875346 -1.        ]
CC(C=O)=Cc1ccco1,[ 0.5566417  1.         0.7076385 -1.        -1.       ]
CN1CCC(=C2c3ccccc3Sc3ccccc32)CC1,[ 1.          1.         -1.         -1.          0.08015674]
CCN(CC)CCCCCCCCCCNC(=O)Oc1ccc2c(c1)C1(C)CCN(C)C1N2C,[-1.          0.16647176  1.          1.         -1.        ]
NC(=S)Cc1cccc2ccccc12,[ 1.         0.6493431 -1.        -1.        -1.       ]
O=Cc1ccc(O)cc1,[ 0.7104151  1.         1.        -1.        -1.       ]
SCc1ccccc1,[ 0.8607085 -0.4512971  1.        -1.        -1.       ]
CON=C(C(=O)NC1C(=O)N2C(C(=O)O)=C(COC(N)=O)CSC12)c1ccco1,[ 1.         1.         0.8458332 -1.         1.       ]
CC(C(=O)O)c1ccc(CC2CCCC2=O)cc1,[ 1. -1.  1.  1. -1.]
COP(=O)(OC)ON1C(=O)c2cccc3cccc(c23)C1=O,[ 1.  1. -1. -1. -1.]
Nc1nc2ccc(OC(F)(F)F)cc2s1,[-1.  1. -1.  1.  1.]
CCOC(=O)C=Cc1ccc(Cl)cc1,[ 1.          0.88438636 -1.          0.88149315  1.        ]
CN1[C@@H]2CC[C@@H]1CC(OC(=O)C(CO)c1ccccc1)C2,[ 1.        -0.8038968 -1.        -1.        -1.       ]
OCCNCCOc1ccc(C(=C(c2ccccc2)C(F)(F)F)c2ccccc2)cc1,[-1.          0.99019635 -1.          1.         -1.        ]
O=[N+]([O-])c1cc(C2CCCCC2)c(O)c([N+](=O)[O-])c1,[-0.4191442  1.        -1.         0.9166999 -1.       ]
C[C@@H]1CC[C@H]2[C@@H](C)[C@@H](OC(=O)CCC(=O)O)O[C@@H]3OC4(C)CC[C@@H]1[C@@]23OO4,[ 1.          1.         -1.         -1.          0.64750427]
CCCCOP(=O)(OCCCC)Oc1ccccc1,[ 1.        -1.        -1.         0.9944246 -1.       ]
CCC(=O)NCCC1CCc2ccc3c(c21)CCO3,[ 1.          0.18333349 -0.8153891   1.          1.        ]
CCCCN1C(=O)c2cccc([N+](=O)[O-])c2C1=O,[1.        1.        0.7488093 1.        1.       ]
FC(F)(F)c1nc2c(Cl)c(Cl)cc(Cl)c2[nH]1,[1.        0.1266599 1.        1.        1.       ]
C=CC[N+]1([C@H]2C[C@H]3[C@@H]4CC[C@H]5C[C@H](O)[C@@H](N6CCOCC6)C[C@]5(C)[C@H]4CC[C@]3(C)[C@H]2OC(C)=O)CCCC1,[ 1.         1.         0.3131605 -1.        -1.       ]
OCCOCCCl,[ 1.  1. -1.  1.  1.]
CCOC(C1=NCCCN1)c1c(Cl)cccc1Cl,[ 1.  1. -1.  1.  1.]
S=C1NCCNC(=S)S1,[-0.96462256  1.         -1.          0.71223956 -0.68781346]
CC(C)=CC1C(C(=O)OC(C#N)c2cccc(Oc3ccccc3)c2)C1(C)C,[ 1.          1.         -0.87976444 -1.          0.23571022]
Cc1cn([C@H]2CCCN(S(=O)(=O)c3ccc(CO)c(Oc4cccc(Cl)c4)c3)C2)c(=O)[nH]c1=O,[-1.         1.         0.9382385 -1.         0.5964432]
O=c1[nH]c2ccccc2n1CCC[NH+]1CCC(n2c(=O)[nH]c3cc(Cl)ccc32)CC1,[ 1.         -0.43215767  1.          0.15824962 -1.        ]
NNC(=O)c1ccncc1,[-1.         1.        -1.         1.        -0.9939155]
Cc1cccc(Nc2ccncc2S(=O)(=O)[N-]C(=O)NC(C)C)c1,[-1.         1.        -1.        -0.9737483  1.       ]
CC(=O)Oc1cc(C(F)(F)F)ccc1C(=O)O,[ 1.        -1.        -1.         0.5202413  0.7646098]
CC(C)(C)NC[C@H](O)COc1nsnc1N1CCOCC1,[-1. -1. -1. -1. -1.]
CC(C)CON=O,[ 1.         -0.26325586 -1.         -0.4393624  -1.        ]
O=C(/C=C/c1ccc(O)c2c1C(C(=O)O)C(c1ccc(O)c(O)c1)O2)OC(Cc1ccc(O)c(O)c1)C(=O)O,[ 0.8263709  -0.34151056  0.642096   -1.         -1.        ]
OCCOCCOCCOCCO,[ 1.          1.         -1.         -0.55778277 -1.        ]
C(=NC1CCCCC1)=NC1CCCCC1,[-0.9870553   0.15946151 -1.         -1.          1.        ]
COP(=S)(OC)SC1CSC=CO1,[ 1.        -0.7508962 -1.         1.        -0.7693524]
COc1cc([C@@H]2c3cc4c(cc3[C@@H](O[C@@H]3O[C@@H]5CO[C@@H](C)O[C@H]5[C@H](O)[C@H]3O)[C@H]3COC(=O)[C@H]23)OCO4)cc(OC)c1O,[ 1.       -1.        0.987899 -1.        1.      ]
O=[N+]([O-])c1ccc(C=NNC(=S)N2CCCC2)o1,[ 1.         1.        -1.        -0.8302844 -0.9313382]
C=CC(C)CCCC(C)(C)O,[ 1. -1. -1. -1. -1.]
Cc1cc(OC(=O)N(C)C)n(C(C)C)n1,[-1.         1.        -0.9189093 -1.        -1.       ]
CCOC(=O)C(C)Oc1ccc(Oc2nc3ccc(Cl)cc3s2)cc1,[ 0.6053094 -1.        -1.         1.        -1.       ]
CN(C)S(=O)(=O)CCCCCNC(=O)N(CCCl)N=O,[ 0.9826537   1.         -1.          0.18471202 -0.9852119 ]
N#Cc1ccc(F)c(-c2cc(C(F)(F)F)ccc2OCC(=O)O)c1,[-0.85200137  1.         -1.         -1.         -1.        ]
COc1cc2ncnc(Nc3ccc(F)c(Cl)c3)c2cc1NC(=O)/C=C/CN1CCCCC1,[-1.         1.        -1.         1.        -0.9788673]
COCCNCc1ccc(Nc2ncc3cc(-c4ccncc4)ccc3n2)cc1,[-0.71099705  1.         -1.         -1.          1.        ]
O=c1cc(-c2ccc(O)cc2)oc2cc([O-])c(C3OC(CO)C(O)C(O)C3O)c(O)c12,[ 1. -1. -1.  1. -1.]
Cc1cc(Nc2nc(N[C@@H](C)c3ccc(F)cc3)ncc2Cl)n[nH]1,[1.         1.         1.         0.93063504 0.9915646 ]
OCCN(CCO)CCO,[ 0.9108504  1.         1.         1.        -1.       ]
CCOP(=S)(OCC)OC(=CCl)c1ccc(Cl)cc1Cl,[ 1.         -1.          0.99351335  1.          1.        ]
c1c[nH]cn1,[-0.99283576  1.         -1.         -1.          1.        ]
NCC(O)CO,[-1. -1. -1.  1. -1.]
CC(C)c1cc(Oc2ccccc2)cc(C(C)C)c1NC(=S)NC(C)(C)C,[ 1.          1.          0.44187668 -1.         -1.        ]
CC(CN1CCOCC1)C(C(=O)N1CCCC1)(c1ccccc1)c1ccccc1,[ 1.         -1.          0.9231973   0.9872151  -0.38204262]
COC(C)COC(C)COC(C)CO,[-0.9986185  1.        -1.         1.         0.3076295]
C=CCN(C(=O)Cn1nc(C)ccc1=O)C(C)Cc1ccccc1,[ 1.         1.        -1.        -1.        -0.9746632]
N=C(N)N[N+](=O)[O-],[ 1.        -1.        -0.9999912 -1.        -1.       ]
CCCCN(CCCC)SN(C)C(=O)ON=CC(C)(C)SC,[ 1.         -1.         -1.         -0.50445396 -1.        ]
Cc1cc(Sc2cc(C)c(O)c(C(C)(C)C)c2)cc(C(C)(C)C)c1O,[ 1.  1.  1. -1. -1.]
C=C(C)c1cccc(C(C)(C)N=C=O)c1,[ 0.7561787  1.        -1.        -0.9220127 -1.       ]
CCN(Cc1cc(C(F)(F)F)ccc1-c1cc(CC(=O)O)ccc1OC)C(=O)NCc1ccccc1,[ 1.  1. -1. -1.  1.]
CCCCOCCOCCCC,[ 1.  1. -1.  1. -1.]
C#CC(C)(O)C(O)c1ccccc1,[-1.  1.  1. -1.  1.]
NC(=[NH2+])NCCCCC1NC(=O)CCSSCC(C(N)=O)NC(=O)C2CCCN2C(=O)C(Cc2c[nH]c3ccccc23)NC(=O)C(CC(=O)[O-])NC(=O)CNC1=O,[ 0.8914961   1.          1.         -1.          0.86376697]
CC(C)C(CCC(C)C1CCC2C3C(O)CC4CC(NCCC[NH2+]CCCC[NH3+])CCC4(C)C3CCC12C)OS(=O)(=O)[O-],[ 1.  1.  1. -1.  1.]
CCOc1ccc([C@@H](C)Nc2nc(N3CCN(C(C)=O)CC3)nc3c2CN(C(C)C)C3=O)cc1,[ 0.9021496   1.          1.          0.9949438  -0.81498706]
CCOP(=O)(NC(C)C)SCC(=O)NCOC,[ 1.         1.        -1.        -1.        -0.9265081]
CO[Si](CCCn1c(=O)n(CCC[Si](OC)(OC)OC)c(=O)n(CCC[Si](OC)(OC)OC)c1=O)(OC)OC,[ 1.          0.97530174 -0.66605675 -1.          1.        ]
O=[N+]([O-])c1cc(Cl)c2nc(C(F)(F)F)[nH]c2c1,[ 1.        -0.8710664  1.         1.         1.       ]
C[NH2+]C(C)C1CCC(N)C(OC2C(N)CC(N)C(OC3OCC(C)(O)C([NH2+]C)C3O)C2O)O1,[-1. -1. -1. -1. -1.]
C=CC(=O)NCNC(=O)C=C,[ 1. -1.  1.  1. -1.]
CCOP(=S)(OCC)Oc1cccc(F)n1,[ 0.9685509  1.         1.         1.        -0.9423743]
CCOC(C)=Cc1oc2ccccc2[n+]1CCCS(=O)(=O)[O-],[ 1.        -0.9612526 -1.        -1.         1.       ]
CC12CCC3c4ccc(O)cc4CC(CCCCCCCCCS(=O)CCCC(F)(F)C(F)(F)F)C3C1CCC2O,[ 1.        -1.        -1.        -1.         0.5641797]
N#Cc1c(-c2ccc(-c3ccncc3Cl)cc2)nc2ccncc2c1O,[ 1.         -0.37669066 -1.         -1.         -0.14963673]
CC(C)(C)c1nnc(NS(=O)(=O)c2ccccc2)s1,[-1.          1.         -0.32959533 -1.         -1.        ]
COc1cc(OC)c(C(=O)CCCN2CCCC2)c(OC)c1,[ 1.         -0.45501503 -1.         -1.         -1.        ]
C=COC(=O)CCCCC(=O)OC,[-0.99770933  1.          0.6462078  -1.         -0.11139908]
ClCC(Cl)=C(Cl)Cl,[ 1.  1. -1. -1. -1.]
CC(=O)OC(C)OC(=O)C(C)c1ccc(-c2ccccc2)c(F)c1,[-0.9997429   1.         -1.          0.00834945 -1.        ]
CN=C=S,[ 1. -1.  1. -1. -1.]
CCC1OC(=O)C(C)C(=O)C(C)C(OC2OC(C)CC([NH+](C)C)C2O)C(C)(OC)CC(C)C(=O)C(C)C2N(CCCCn3cnc(-c4cccnc4)c3)C(=O)OC12C,[-0.98277736  1.         -1.          0.7155607  -0.8014354 ]
C[C@H](CO)Nc1nc(SCc2ccccc2F)nc2[nH]c(=O)sc12,[ 1.          1.         -1.          1.         -0.79150647]
CC(C)NCC(O)COc1ccc(COCCOC(C)C)cc1,[ 1.          1.          0.26856086 -1.          0.07489734]
CCNC(=S)NCC,[-1. -1. -1. -1. -1.]
Cc1ncsc1C,[ 1.          1.         -1.          0.38401225 -0.12643787]
COc1cc(C2c3cc4c(cc3C(OC3OC5COC(C)OC5C(O)C3O)C3COC(=O)C23)OCO4)cc(OC)c1O,[-0.21713592  1.         -1.         -0.40794006  0.9697372 ]
Cc1cc(-n2c(C)nc3ccccc3c2=O)n(-c2ccccc2)n1,[ 1.          1.         -1.          0.77061015 -0.8347922 ]
OCc1cc(C(O)C[NH2+]CCCCCCOCCOCc2c(Cl)cccc2Cl)ccc1O,[-1.         -1.         -1.         -1.          0.95431995]
Cn1c(C(=O)NC2(C(=O)N[C@H](Cc3ccccc3)C(=O)NCCCN3CCOCC3)CCCC2)cc2ccccc21,[-1. -1. -1. -1.  1.]
CCCN(CCC)CCCCCCCCNC(=O)Oc1ccc2c(c1)C1(C)CCN(C)C1N2C,[ 0.84616584  1.         -1.         -1.         -0.99947244]
Cc1cccc(N)c1C,[ 1.  1. -1. -1. -1.]
N#Cc1cccc(C#N)c1,[ 1.  1. -1.  1. -1.]
CCOP(=S)(NC(C)C)Oc1ccccc1C(=O)OC(C)C,[ 0.39459082 -1.          1.         -1.         -1.        ]
C[C@@H](NC1=CC(=O)CC1)c1ccc(Nc2ncc3cc(-c4ccncc4)ccc3n2)cc1,[-1.  1. -1. -1.  1.]
CSCCC(OC(C)=O)C(=O)O,[ 1.  1. -1. -1. -1.]
[NH3+]CC1CCC(C(=O)[O-])CC1,[-1.          0.82337385 -1.         -1.         -1.        ]
CCC(=O)CC,[ 1.         -1.          1.         -1.          0.99440974]
C[C@@H]1O[C@@H](O[C@H]2[C@@H](O)C[C@H](O[C@H]3C[C@](O)(C(=O)CO)Cc4c(O)c5c(c(O)c43)C(=O)c3ccccc3C5=O)O[C@H]2C)C[C@H](N)[C@@H]1O,[ 1.        -0.6947256 -1.        -1.        -1.       ]
C[C@H](CO)Nc1nc(SCc2cccc(F)c2F)nc2nc(N)cnc12,[ 1.          1.          1.         -0.9477432   0.57534635]
Cc1cc(Nc2nc(N[C@@H](C)c3ccc(F)cn3)c(C#N)cc2F)n[nH]1,[-1.          1.         -1.          0.83494574 -0.9355738 ]
CC(C)[C@H](C(=O)Nc1nccs1)c1ccc(Cl)cc1,[ 1.          1.         -1.         -1.         -0.95632726]
CC(C)CCOC(CO)CC(C)C,[ 1.         0.2970902 -1.        -1.        -1.       ]
O=C(CCl)OCCOCCO,[-1.  1. -1. -1. -1.]
CON=C(Cc1cccnc1)c1ccc(Cl)cc1Cl,[-1.         -0.7312583  -1.          0.05090336 -1.        ]
Nc1ccc(Cl)cc1,[ 1.          1.         -1.         -1.          0.17764306]
CC(CO)Oc1ccccc1,[ 1.         -1.         -1.         -0.96541786  0.9563359 ]
CC1(C)SCN(C(=O)C2(Oc3ccc(Cl)cc3)CCCCC2)C1C(=O)O,[ 1.          1.         -1.          0.67590207 -1.        ]
CC[C@H]1OC(=O)[C@H](C)[C@@H](O[C@H]2C[C@@](C)(OC)[C@@H](O)[C@H](C)O2)[C@H](C)[C@@H](O[C@@H]2O[C@H](C)C[C@H](N(C)C)[C@H]2O)[C@](C)(O)C[C@@H](C)C(=O)[C@H](C)[C@@H](O)[C@]1(C)O,[ 1.         1.        -1.         0.9833268  1.       ]
CC=CC(C)=O,[-1.          0.00100002  0.9669199  -1.         -1.        ]
O=C(OCC=Cc1ccccc1)c1ccccc1,[ 1.         -0.46869424 -1.         -1.         -1.        ]
C[C@@H]1O[C@@H](O[C@H]2[C@H](Oc3cc(O)c4c(c3)O[C@H](c3ccc(O)cc3)CC4=O)O[C@H](CO)[C@@H](O)[C@@H]2O)[C@H](O)[C@H](O)[C@H]1O,[ 1. -1. -1.  1. -1.]
FC(F)(F)c1nc2c(Br)c(Cl)c(Br)cc2[nH]1,[ 1.         -0.19580168  0.75156426  0.4590292  -1.        ]
COC(=O)C(C)N(C(=O)Cc1ccccc1)c1c(C)cccc1C,[-0.9787243   1.         -0.96773297 -0.9317125  -0.35023358]
OC1(c2ccc(Cl)c(C(F)(F)F)c2)CCN(CCCC(c2ccc(F)cc2)c2ccc(F)cc2)CC1,[-1.         1.        -1.        -1.         0.9722046]
CCOC(=O)C(CCc1ccccc1)NC(C)C(=O)N1C(C(=O)[O-])CC2CCCCC21,[ 1.  1. -1. -1.  1.]
Clc1cc(Cl)cc(Cl)c1,[ 0.9381353  1.        -1.        -1.        -1.       ]
COc1ccc(C(=O)Nc2ccccc2CCC2CCCCN2C)cc1,[-1.          1.         -1.         -0.00342354 -0.9607457 ]
CC(C)=CCl,[ 1.          0.8402416  -1.         -1.         -0.82842475]
CC(N)C(O)c1cccc(O)c1,[-0.21396156  1.         -1.         -1.          0.53706294]
CN(C)C(=O)Nc1ccc(Cl)cc1,[ 0.98727906  1.         -1.         -1.         -0.88654304]
N#CC(c1ccccc1)c1ccccc1,[ 0.99967015  1.         -1.          0.72772014 -1.        ]
CCCCOCCOC(C)=O,[ 1.          0.48938978 -1.          0.40782258  1.        ]
CNCC(O)c1cccc(O)c1,[ 1.         1.        -1.        -1.        -0.8402209]
Nc1cc2c(S(=O)(=O)O)cc(S(=O)(=O)O)cc2cc1S(=O)(=O)O,[ 1.  1.  1. -1. -1.]
O=P(OCCCl)(OCCCl)OC1CC(C(Br)CBr)CCC1Cl,[ 1. -1. -1. -1.  1.]
O=C(O)Cc1ccccc1N1CCC(CN2CCC(Oc3ccc(Cl)c(Cl)c3)CC2)CC1,[ 1.         -1.          0.27176556 -1.          0.0163358 ]
CC(=Cc1ccccc1)CC(=O)N1CCOCC1,[ 1.         1.        -1.        -1.        -0.9074917]
O=NN1CCCCC1,[-1.          1.         -1.         -0.99907196 -0.93757355]
C#CC(C)(C)NC(=O)c1cc(Cl)cc(Cl)c1,[-1.         1.        -1.        -0.9120165 -1.       ]
CC(C)(C)c1cc(CCC(=O)OCCSCCOC(=O)CCc2cc(C(C)(C)C)c(O)c(C(C)(C)C)c2)cc(C(C)(C)C)c1O,[-0.681152    1.          0.71462923 -1.         -0.8871075 ]
Nc1c(CC(=O)[O-])cccc1C(=O)c1ccc(Br)cc1,[ 0.86597794  1.          1.         -0.57168347 -1.        ]
CC1NC(=S)NC1=O,[-0.81999123 -1.          0.9775901  -1.          1.        ]
CC(c1ccccn1)c1c(CC[NH+](C)[14CH3])sc2ccccc12,[ 1.          0.99221855 -1.         -0.04113082 -0.7072534 ]
C[NH+]1CCc2cccc3c2C1Cc1ccc(O)c(O)c1-3,[ 1.        -0.8415715  1.         1.        -1.       ]
C=C(Cl)C(Cl)CCl,[ 0.99966985  1.         -1.          0.29795086 -1.        ]
Cc1c(OCC(F)(F)F)ccnc1C[S+]([O-])c1nc2ccccc2[nH]1,[ 1.         -0.88246495 -1.          0.78498644 -1.        ]
Cc1ccc(Nc2ccc(Nc3ccc(C)cc3)c3c2C(=O)c2ccccc2C3=O)cc1,[ 1.  1.  1. -1. -1.]
Cc1nn(C)c(Oc2ccccc2)c1C=NOCc1ccc(C(=O)OC(C)(C)C)cc1,[-1.        -1.        -1.         0.7081818  1.       ]
Cc1c(Cl)c([N+](=O)[O-])c2[nH]c(C(F)(F)F)nc2c1[N+](=O)[O-],[-1.          1.         -1.         -1.          0.99774617]
C/C=C/c1cc(OC)c2c(c1)C(C)C(c1cc(OC)c(O)c(OC)c1)O2,[-0.7098618   0.78572464 -1.         -1.         -1.        ]
C=CCc1ccccc1OCC(O)C[NH2+]C(C)C,[ 1.  1. -1.  1. -1.]
CN(C)C1CC(c2ccccc2)c2ccccc21,[ 1.          1.          0.67008394 -1.          1.        ]
Cc1ccccc1COC1CC2(C(C)C)CCC1(C)O2,[-1.        -0.8691173 -1.        -1.        -0.8328939]
CCC(C)C(CC)C(N)=O,[ 0.998491   -1.          0.20053804 -1.          1.        ]
CC(=Cc1ccccc1)C=C1SC(=S)N(CC(=O)O)C1=O,[ 1. -1. -1. -1. -1.]
ClCCCBr,[ 1. -1.  1.  1. -1.]
Cc1cc(Cl)ccc1OCC(=O)O,[ 1.         1.        -1.        -1.        -0.4208528]
O=C(NC[C@@H](O)CN1CCC(Oc2ccc(Cl)c(Cl)c2)CC1)c1c[nH]c(=O)c2cc(F)ccc12,[-0.7471874 -1.         1.        -1.        -1.       ]
C=CS(C)(=O)=O,[-1.         1.        -1.        -1.         0.9592187]
CNC(=O)c1cccc2c(Nc3ccc(NS(C)(=O)=O)cc3OC)c3cccc(C)c3[nH+]c12,[ 1.        -1.        -0.9220706 -1.        -1.       ]
COP(=S)(OC)Oc1cc(Cl)c(Cl)cc1Cl,[ 0.9955694  1.        -1.        -1.        -0.9292041]
O=C(O)CC(CC1CCN(C(=O)CCc2ccc3c(n2)NCCC3)CC1)C1CNc2ccccc2C1,[ 1.  1. -1. -1. -1.]
O=C(CCC(=O)OC1CCCCC1)OC1CCCCC1,[ 1.         1.        -1.         1.        -0.9108197]
O=[N+]([O-])N1CN([N+](=O)[O-])CN([N+](=O)[O-])C1,[-0.82451415  1.         -1.          1.         -0.9844366 ]
CCCCCCCCCCOc1c(OC)cc(C(N)=O)cc1OC,[ 0.3234211  1.        -1.        -1.        -1.       ]
CCN(N=O)C(C)OC,[ 1.  1. -1.  1.  1.]
COP(=S)(OC)Oc1ccc(S(N)(=O)=O)cc1,[ 1.         1.        -1.        -1.         0.9999978]
CNC(=O)ON=C(C)SC,[ 0.8347131   0.82452005 -1.         -1.          0.49255496]
O=C(O)C1N=C(c2ccccc2)c2cc(Cl)ccc2NC1=O,[-1.         -1.         -1.         -1.          0.99174374]
CC(C)OCCO,[-1.         1.        -1.         0.9516809 -1.       ]
S=C1NCCC(COc2ccccc2)O1,[ 0.5059662  1.        -1.        -1.        -1.       ]
COC(=O)C(C(C)=O)C(C)=O,[-1.          1.         -1.          0.92124206 -1.        ]
CC1(C)C(=O)N(CO)C(=O)N1CO,[-1.          1.         -0.89133114 -1.         -0.9153042 ]
O=c1[nH]c2c(O)ccc([C@@H](O)CNCCSCCCNCCc3cccc(Cl)c3Cl)c2s1,[-0.9965526  -0.82741654 -0.96091586  0.3164255   1.        ]
O=C(NCC12CC3CC(CC(C3)C1)C2)c1cc(-n2ncc(=O)[nH]c2=O)ccc1Cl,[ 1.  1. -1. -1. -1.]
C#CCN1C(=O)CN=C(c2ccccc2)c2cc([N+](=O)[O-])ccc21,[-1.  1. -1. -1.  1.]
CCCCCCC(N)C(=O)N[C@@H](Cc1c(C)cc(O)cc1C)C(=O)N1CCC[C@@H]1C(=O)N[C@@H](Cc1c[nH]c2ccccc12)C(=O)N[C@@H](Cc1ccccc1)C(N)=O,[-0.43698058  1.         -1.         -1.         -1.        ]
CNC(=O)c1[nH]cnc1C(=O)Nc1ccc(OC)cc1,[ 1.  1. -1.  1. -1.]
O=C(OCC1CO1)c1ccccc1C(=O)OCC1CO1,[ 1.          0.7749782   0.13359429 -1.         -1.        ]
C[C@@H]1NC(=O)[C@H](C)N(C)C(=O)[C@@H](C)NC(=O)[C@H](C)N(C)C(=O)[C@@H](C)N(C)C(=O)[C@@H](C)NC1=O,[ 1.  1. -1. -1. -1.]
C[C@@H]1O[C@@H](O[C@@H]2[C@@H](O)[C@H](OCCc3ccc(O)c(O)c3)O[C@H](CO[C@@H]3O[C@H](CO)[C@@H](O)[C@H](O)[C@H]3O)[C@H]2OC(=O)/C=C/c2ccc(O)c(O)c2)[C@H](O)[C@H](O)[C@H]1O,[ 1.  1. -1.  1. -1.]
O=C(Cc1ccc(OCc2ccccc2)cc1)NO,[-1.          1.         -1.          1.         -0.33348998]
CC(C)(C)OC(=O)N1CCN(c2ncc(OCc3ccncc3)cn2)CC1,[-0.9994316  1.        -1.        -1.        -1.       ]
Cc1ccc(N=C=O)cc1N=C=O,[-1.         -1.         -1.         -1.          0.13093944]
CC(C)(C)CC(=O)Nc1c(F)cc(C(=O)Nc2nccs2)cc1F,[-1.         1.        -1.        -0.4977394 -0.5107369]
CC(C)CCCCCN(CCCCCC(C)C)CCCCCC(C)C,[ 1.        -0.5225418 -1.         1.         1.       ]
CCCCCCCCCCCCCCCCCC(=O)Cl,[ 1.         0.8496865 -1.        -1.        -1.       ]
C=C(C)C1CC=C(C)C(O)C1,[-0.99982506  1.         -1.         -1.         -1.        ]
CN(C)CCOc1cc(NS(=O)(=O)c2c(Cl)cc(C(F)(F)F)cc2Cl)ccc1Cl,[-1.  1.  1. -1. -1.]
CCCCC(CC)COCCC#N,[ 0.9993293  -1.         -0.54716974 -1.         -1.        ]
C[NH+]1CCOC(c2ccccc2)c2ccccc2C1,[ 0.9019086  1.        -1.         0.6015048 -0.7126003]
OCCNCCc1ccccc1,[ 1.  1. -1.  1. -1.]
CC(=S)NC[C@H]1CN(c2ccc(-c3nnc(CNS(C)(=O)=O)s3)c(F)c2)C(=O)O1,[ 1.        -1.         1.         1.         0.9101927]
C1C[SiH2]C1,[ 1.  1. -1. -1.  1.]
C[C@H](Cn1cnc2c(N)ncnc21)OCP(=O)(O)O,[ 1. -1. -1. -1. -1.]
CC(O)C1C(=O)N2C(C(=O)[O-])=C(SC3CCS(=O)C3)SC12,[ 1.        -0.7535598 -1.        -1.        -1.       ]
COP(=S)(OC)SCc1nnc(SC)s1,[-0.4579655  1.        -1.        -1.        -1.       ]
CN(C)CCC(c1ccc(Cl)cc1)c1ccccn1,[ 1.         1.        -1.        -1.        -0.9529615]
O=C(CCCCC(=O)OCC1CC=CCC1)OCC1CC=CCC1,[-1.        -1.        -1.        -1.        -0.9840312]
c1ccc(COCc2ccccc2)cc1,[ 0.3796134   1.         -1.         -0.50933397 -1.        ]
COC(=O)C(C)NP(=O)(OC[C@@H]1C=C[C@H](n2cc(C)c(=O)[nH]c2=O)O1)Oc1ccc(I)cc1,[-1. -1. -1. -1. -1.]
O=c1[nH]cnc2c1ncn2[C@H]1CC[C@@H](CO)O1,[ 0.9514284 -1.        -1.        -1.        -1.       ]
Cc1cnc(-c2cc(NC(=O)c3ccc(C(F)(F)F)nc3C)ccc2Cl)[nH]1,[ 1.  1. -1.  1.  1.]
O=NN(c1ccccc1)c1ccccc1,[ 1.         0.9999434 -1.         1.        -1.       ]
CC(C)(C)CNC(=S)Nc1cccnc1,[ 1.         1.        -1.         1.         0.3988159]
Cc1ccc(S(=O)(=O)Nc2c(C(=O)N[C@@H](C)C(C)(C)C)c(C)nn2C(C)C)cc1,[-1.  1. -1. -1.  1.]
N=C(NN=Cc1ccc(Cl)cc1)NN=Cc1ccc(Cl)cc1,[ 0.86464244 -0.34319374 -1.         -0.7798248   1.        ]
O=C1C(Cc2ccccc2)C(=O)N(c2ccccc2)N1c1ccccc1,[ 1.  1. -1. -1. -1.]
CCC(C(=O)O)C1(O)CCCCC1,[-1.          1.         -1.         -0.60461646 -1.        ]
CC(=O)C1OC1(C)C,[ 1.  1. -1. -1. -1.]
Nc1ccc(F)c([N+](=O)[O-])c1,[-1.          1.         -1.          1.         -0.89647466]
CCc1nn(C2CCCC2)c2c1CCn1c(-c3cccs3)nnc1-2,[ 1. -1. -1.  1. -1.]
c1ccc2c(c1)CC(N1CCN(c3cccc4c3OCCO4)CC1)C2,[ 1. -1. -1. -1. -1.]
CNC(=O)ON=C(C)SCC(=O)N(C)C,[ 0.5036119  1.        -1.         1.        -1.       ]
N[C@H]1CCN(c2c(Cl)cccc2/C=C2\SC(=O)NC2=O)C1,[-1.          1.         -1.         -1.          0.81047505]
CCOC(=O)c1ccc(C#Cc2ccc3c(c2)C(C)(C)CCS3)nc1,[ 1.          1.         -1.          0.7712724  -0.40199727]
CCCCC(CC)COCCO,[ 0.7965131 -0.9892695  1.         1.         0.9363735]
CC(=O)N[C@H](Cc1ccc2ccccc2c1)C(=O)N[C@H](Cc1ccc(Cl)cc1)C(=O)N[C@H](Cc1cccnc1)C(=O)N[C@@H](CO)C(=O)N[C@@H](Cc1ccc(O)cc1)C(=O)N[C@H](CCCNC(N)=O)C(=O)N[C@@H](CC(C)C)C(=O)N[C@@H](CCCNC(=N)N)C(=O)N1CCC[C@H]1C(=O)N[C@H](C)C(N)=O,[-0.9505865   0.99995166 -0.06784184  1.          1.        ]
CN1C[C@@H]2c3ccccc3Oc3ccc(Cl)cc3[C@H]2C1,[ 0.01501681  1.         -1.          1.         -1.        ]
CC(C)(O)c1ccc(Nc2nc3ccc(C#N)cc3[nH]2)cc1,[ 1.          1.          1.         -1.          0.24059395]
Oc1c(Cl)c(Cl)cc2[nH]c(C(F)(F)F)nc12,[-0.0543385  1.         1.         0.999784  -1.       ]
CN(C)CCC=C1c2ccccc2CCc2ccccc21,[-1.         1.         1.        -1.        -0.9878579]
C[C@H](CSN=O)C(=O)N1CCC[C@@H]1C(=O)O,[ 1.          0.99578905 -1.          1.         -0.7753393 ]
O=C(Oc1ccccc1)c1ccccc1C(=O)Oc1ccccc1,[-1.  1.  1.  1.  1.]
Cc1ncccc1Oc1ncnc(OC2CCN(C(=O)OC(C)C)CC2)c1C,[ 0.96951133  1.         -1.         -1.         -1.        ]
C(Oc1nc(OCC2CO2)nc(OCC2CO2)n1)C1CO1,[-1.  1. -1. -1.  1.]
CCCCn1c(=O)n(CCC)c(=O)c2[nH]c(C)nc21,[ 1.         -0.8792679  -1.         -1.         -0.40113336]
O=[N+]([O-])c1ccc(Cl)c([N+](=O)[O-])c1,[-0.18692502  1.         -1.          0.32375762 -1.        ]
ClC(Cl)(Cl)c1ccc(C(Cl)(Cl)Cl)cc1,[-0.58855194 -0.7124309  -1.          1.         -0.9316082 ]
COc1ccc2ncc(F)c(CCN3CCC(NCc4cc5c(cn4)OCCO5)CC3)c2n1,[ 1.         -0.01945311 -1.         -0.68740976 -0.71046686]
Cc1ccccc1S(=O)(=O)NC(=O)N1CCC(N2CCC(Oc3ccc(Cl)c(Cl)c3)CC2)CC1,[ 1.          0.98315084 -1.         -1.         -0.5769393 ]
CCON=C(CC)C1=C(O)CC(c2c(C)cc(C)cc2C)CC1=O,[-1.  1. -1. -1. -1.]
CC(C)N(C(=O)SCC(Cl)=C(Cl)Cl)C(C)C,[-0.99805343  1.         -1.         -1.         -0.9054912 ]
O=c1n(CC2CO2)c(=O)n(CC2CO2)n1CC1CO1,[-0.995715  1.       -1.       -1.       -1.      ]
Cc1cc([N-]S(=O)(=O)c2ccc(N)cc2)no1,[1.         0.96166545 1.         1.         0.493691  ]
O=C1C(Cl)C(CCl)CN1c1cccc(C(F)(F)F)c1,[ 1.  1.  1. -1. -1.]
CC(C)OC(=O)C(C(=O)OC(C)C)=C1SCCS1,[-0.9991994  -0.27608365 -0.9904911   1.         -1.        ]
COC(=O)c1c(Cl)cccc1-c1cnc([C@@H](C)NC(=O)C2(NC(=O)C(F)(F)F)CC2)c(F)c1,[ 1.  1.  1. -1. -1.]
CN1CN(CCO)CSC1=S,[-1.  1.  1. -1.  1.]
CNNC,[-1. -1.  1. -1. -1.]
Cc1ncc(CS)c(CO)c1O,[-1.         1.        -0.8846923 -1.        -1.       ]
ClCC1C(CCl)C2(Cl)C(Cl)=C(Cl)C1(Cl)C2(Cl)Cl,[ 1.         -1.         -1.          0.79798484  0.7408359 ]
CC(CO[N+](=O)[O-])(CO[N+](=O)[O-])CO[N+](=O)[O-],[ 1.  1. -1. -1. -1.]
CNC(=O)/C=C(/c1ccc2nc(N)n(S(=O)(=O)C(C)C)c2c1)c1ccccc1-c1cccc2ccccc12,[-1.          1.         -1.         -1.         -0.98660874]
Cc1c(Sc2ccc(Cl)cc2)c2c(-c3ccccc3)cccc2n1CC(=O)O,[-1.          1.         -1.          1.         -0.99520135]
CC(C)(C)NC(=O)NCCN1CCCC(NC(=O)c2cc(Cl)cc(Cl)c2)C1,[ 0.99106807  1.         -1.         -1.          0.41247943]
CC(=O)Nc1ccc(CNc2[nH]nc3ccnc(Oc4ccccc4)c23)cc1,[ 1.        -1.         1.        -0.9941871  1.       ]
O=C(CCCN1CCC(O)(c2cccc(C(F)(F)F)c2)CC1)c1ccc(F)cc1,[-0.9445943  1.        -1.        -1.         1.       ]
CC(C)CCC(C)Nc1ccc(Nc2ccccc2)cc1,[ 1.  1. -1. -1. -1.]
CC(C)Cn1c(=O)n(C)c(=O)c2c(C(=O)N3CC[C@@H](O)C3)c(Cc3c[nH]c4ccccc34)sc21,[-0.78665566  1.         -1.         -1.          0.9208011 ]
CCc1nc2cc(O)ccc2c(Oc2ccc(/C=C/C(=O)O)cc2)c1-c1ccccc1,[ 1.          1.         -1.         -1.          0.97801685]
CCCCc1nc(Cl)c(CO)n1Cc1ccc(-c2ccccc2-c2nnn[nH]2)cc1,[-1.  1.  1. -1. -1.]
O=C(O)c1ccccc1C(=O)Nc1cccc2ccccc12,[ 1.  1. -1.  1. -1.]
Cc1cc(Nc2cncc(N[C@@H](C)c3ccc(F)cn3)n2)n[nH]1,[-0.8654465   1.         -1.          0.53454614  1.        ]
CC1=NN(c2ccccc2)C(=O)C1,[ 1.  1. -1. -1. -1.]
COC(=O)Cc1ccccc1,[-1.          1.          1.         -1.         -0.61163086]
CS(=O)(=O)c1nc(-c2ccc(F)cc2)n(-c2ccc(Cl)cc2)n1,[ 0.9976092  1.         1.        -1.         1.       ]
CCCC1CC(C(=O)NC(C(C)Cl)C2OC(SC)C(O)C(O)C2O)[NH+](C)C1,[ 1.          1.         -1.          1.          0.92310065]
CCCSP(C)(=S)SC(CC(=O)OCC)C(=O)OCC,[ 1.         -1.         -0.26984605  0.77056366 -0.36126518]
CC(=O)N(C)c1ccc2ccn(-c3cc(NC4CC4)n4ncc(C#N)c4n3)c2c1,[-1.          1.         -1.         -0.29979014  1.        ]
Nc1ccn([C@@H]2O[C@H](CO)[C@@H](O)C2(F)F)c(=O)n1,[ 0.9753122  1.         1.        -1.        -0.8558557]
O=c1oc(-c2ccccc2)nc2ccccc12,[-1.         1.        -1.         0.9990349  1.       ]
