COc1c(OP(=S)(OC)OCC(C)C)cnn(C)c1=O,[ 1.          1.          0.06795358 -1.         -1.        ]
CC(C)CC(C)OC(=O)C=CC(=O)OC(C)CC(C)C,[-0.9359715 -1.         1.        -1.        -1.       ]
CCCCCCCc1cc(C)c(O)c(C)c1,[ 1.          1.         -0.95915824  1.         -0.5878089 ]
COP(=S)(OC)SCSc1cc(Cl)cc(Cl)c1,[-1.          1.         -1.          1.         -0.99709123]
Oc1c(Cl)cc(Cl)cc1Cl,[-1.        -0.546139   1.        -1.         0.3187312]
CCC#CCC(C)C(O)C#CC1C(O)CC2C/C(=C\COCCCC(=O)[O-])CC21,[-1.         1.         0.5264859  0.7300709 -1.       ]
O=C(NC(O)C(Cl)(Cl)Cl)NC(O)C(Cl)(Cl)Cl,[ 1.         1.         0.7607138 -1.        -1.       ]
C1COCCN1,[ 1.        -1.        -1.        -1.        -0.5114828]
COC(=O)C1=C(C)NC(C)=C(C(=O)OCC=Cc2ccccc2)C1c1cccc([N+](=O)[O-])c1,[-1.          1.         -1.          1.          0.40805382]
CCOCCOC(=O)C(C)Oc1ccc(Oc2ncc(C(F)(F)F)cc2Cl)cc1,[-1.  1.  1. -1. -1.]
CC(C)Oc1cc(-n2cnc3ccc(N[C@@H](C)c4ccc(F)cn4)nc32)n[nH]1,[ 0.9278936  1.        -1.         1.         0.3933027]
CCOC(=O)C(C)(CC)Oc1ccc(Cc2ccc(Cl)cc2)cc1,[ 0.9948537   0.41165844 -1.         -0.9884238   1.        ]
Cc1cccc(C)c1NC(=O)CC12CCCN1CCC2,[ 1. -1. -1. -1. -1.]
NC(=O)OC(CCl)Cc1ccccc1,[ 0.7927076 -1.        -1.        -1.         1.       ]
CC(=O)CC(=O)Nc1ccccc1Cl,[-1.        -0.8126699  0.7880095  1.         1.       ]
C=C1CCC(O)CC1=CC=C1CCCC2(C)C1CCC2C(C)C=CC(C)C(C)C,[-1.        -0.6490562  1.        -1.         0.9999145]
C=CCN(CC=C)c1c(C)cc(OC(=O)NC)cc1C,[-0.72404146  0.2725642  -1.         -0.949955    1.        ]
CC(=O)c1ccc2c(c1)N(CCCN1CCOCC1)c1ccccc1S2,[ 1.          1.         -0.86049634  0.65545183 -1.        ]
NC(=O)CCC(N)C(=O)O,[-1. -1. -1. -1. -1.]
CCOP(=S)(CC)Oc1ccc([N+](=O)[O-])cc1Cl,[-0.3509181 -1.         1.        -1.         0.7200777]
CC(C)NC[C@@H](O)COc1ccc(CCOCC2CC2)cc1,[-1.          1.         -1.         -1.          0.79049444]
Cc1c[nH]c(-c2cnc(NCCNc3ccc(C#N)cn3)nc2-c2ccc(Cl)cc2Cl)n1,[-0.74351865  1.         -1.          0.99901694 -1.        ]
CCOc1cc(Cc2cnc(N)nc2N)cc(OCC)c1-n1cccc1,[ 1.         1.         0.8236105 -1.        -1.       ]
CNC(=O)c1cc(OC)n(-c2cccc(Cl)c2)n1,[-0.9999702  1.        -1.        -1.        -1.       ]
CC(N)C(O)c1ccccc1,[-1.         1.         1.         1.         0.0254771]
CCOS(=O)(=O)OCC,[ 0.86746925  1.         -1.         -1.          1.        ]
NC[C@H]1CC[C@H](C(=O)O)CC1,[1.        1.        1.        0.6327755 1.       ]
CCCCC(CC)COC(=O)c1ccccc1C(=O)OCc1ccccc1,[ 1.  1. -1. -1. -1.]
CCOC(=O)C1(c2ccccc2)CCN(CCOCC2CCCO2)CC1,[ 1.         -0.99976647 -1.         -0.12171235  0.17568806]
CCO[Si](C)(CCP(=O)(OCC)OCC)OCC,[-1.          1.         -1.          0.06778964  0.72647285]
COc1coc(CSP(=O)(OC)OC)cc1=O,[ 1.  1. -1. -1.  1.]
CN(C)C(=O)n1c(Br)nc(Br)c1Br,[-1.         1.        -1.        -1.        -0.4505337]
O=C(O)C(Cc1cc(I)c(O)c(I)c1)c1ccccc1,[-1.          1.          0.23180099 -0.9852826   0.08457916]
O=CN1CCOCC1,[-1. -1. -1. -1. -1.]
CCCn1c(=O)c2[nH]c(C34CCC(CCC(=O)[O-])(CC3)CC4)nc2n(CCC)c1=O,[ 0.04878116 -1.         -1.         -1.          0.97803485]
NC1=NC(c2ccc(F)cc2)Cc2ccc(F)cc21,[ 1.  1. -1. -1.  1.]
CC(=O)O[C@H]1C[C@]2(O)[C@H]3CC[C@H]4C[C@H](O[C@H]5C[C@@H](O)[C@@H](O[C@H]6C[C@@H](O)[C@@H](O[C@H]7C[C@@H](O)[C@@H](O)[C@H](C)O7)[C@H](C)O6)[C@H](C)O5)CC[C@@]4(C)[C@H]3CC[C@]2(C)[C@H]1C1=CC(=O)OC1,[-1.          1.         -1.         -1.          0.13493831]
CC(C)(C)NC(=O)C1CCC2C3CC=C4C=C(C(=O)[O-])CCC4(C)C3CCC12C,[ 1.  1. -1.  1. -1.]
O=C1CCCCCN1,[ 1.         -1.         -0.22027664  1.         -0.8650721 ]
CCCCOCCOC(C)=O,[ 0.8287426   1.         -1.         -0.11139772  1.        ]
COc1ccc(-c2oc3c(CC=C(C)C)c(O[C@@H]4O[C@H](CO)[C@@H](O)[C@H](O)[C@H]4O)ccc3c(=O)c2O[C@@H]2O[C@H](CO)[C@@H](O)[C@H](O)[C@H]2O[C@@H]2O[C@@H](C)[C@H](O)[C@@H](O)[C@H]2O)cc1,[ 1.         1.         0.8819076 -1.         1.       ]
CCC(C)NP1(=S)OCc2cc([N+](=O)[O-])ccc2O1,[ 1.  1.  1. -1. -1.]
CC(C)Cn1c(=O)n(C)c(=O)c2c(SCCCO)c(Cc3cccc4ccccc34)sc21,[ 0.59195805  1.         -1.          0.3021994  -0.51199687]
CCOP(=S)(OC(C)C)ON1C(=O)c2ccccc2C1=O,[ 1.         1.        -1.         0.9199032  1.       ]
COC(=O)C(O)=C(O)C(=O)OC,[ 1.  1.  1. -1. -1.]
Nc1ccc([N+](=O)[O-])c(Cl)n1,[ 0.9163684 -1.        -1.        -1.        -1.       ]
O=C(Nc1ccccc1)c1ccccc1I,[ 1.         1.         1.        -1.         0.7342457]
CCOC(=O)C1CC(=O)C(=C(O)C2CC2)C(=O)C1,[ 1.         -1.         -0.99909455 -1.         -1.        ]
CN(C)C=CC#N,[-1. -1. -1. -1.  1.]
CCCCCc1ccccc1O,[-0.28852162  1.         -1.         -1.          1.        ]
CNC(=O)c1cccc2c(Nc3ccc(NS(C)(=O)=O)cc3OC)c3cccc(C)c3[nH+]c12,[ 0.9136454  1.         1.        -1.         1.       ]
C=CCN(CC=C)C(=O)CCl,[ 1.        -0.4895508 -1.         1.        -1.       ]
CCCCCCCCCCCCc1ccc(S(=O)(=O)Nc2nncs2)cc1,[ 0.9934297  1.        -1.        -1.         1.       ]
BrCCBr,[ 0.9999036  -0.96497816 -1.         -0.11370564  1.        ]
C1=CCC(C2CC3C=CC2C3)CC1,[ 0.9591116   0.41184312 -0.97880656  0.2439694  -0.5777979 ]
FC(F)(Cl)C(Cl)Cl,[-1.          0.05037782 -1.         -1.         -0.94383633]
CN1C2CCC1CC(OC(=O)C(CO)c1ccccc1)C2,[ 1.          0.32754537 -1.         -0.5213174   1.        ]
CC1OC(n2ccc(NC(=O)c3ccc(NC(=O)C(C)(N)CO)cc3)nc2=O)CCC1OC1OC(C)C(N(C)C)C(O)C1O,[-1. -1. -1. -1. -1.]
O=C1CCCC2C3CC(CN12)C1CCCCN1C3,[ 1. -1.  1. -1. -1.]
CCCCOCCO,[ 1.  1. -1. -1.  1.]
O=[N+]([O-])c1cc(Cl)ccc1Cl,[ 1.          1.         -0.9742025  -1.          0.13929929]
CCCCCCCCCC[NH2+]CCN[C@@]1(C)C[C@H](O[C@H]2[C@H](Oc3c4cc5cc3Oc3ccc(cc3Cl)[C@@H](O)[C@@H](NC(=O)[C@@H](CC(C)C)[NH2+]C)C(=O)N[C@@H](CC(N)=O)C(=O)N[C@H]5C(=O)N[C@H]3C(=O)N[C@H](C(=O)N[C@H](C(=O)[O-])c5cc(O)c(C[NH2+]CP(=O)([O-])[O-])c(O)c5-c5cc3ccc5O)[C@H](O)c3ccc(c(Cl)c3)O4)O[C@H](CO)[C@@H](O)[C@@H]2O)O[C@@H](C)[C@H]1O,[-0.999709    1.         -1.          1.         -0.75084627]
CCCCCCCC/C=C\CCCCCCCC(=O)OCC/C=C/c1ccc(OC)c(OC)c1,[-0.88167983 -0.92616016 -1.         -1.          1.        ]
CN(C)CCc1c[nH]c2ccc(CS(=O)(=O)N3CCCC3)cc12,[ 0.18832253  1.         -1.         -1.          0.05534426]
COc1cc(OC)c2nc(C)c3c(c2c1)N(c1ccc(O)cc1)CC3,[-1.  1. -1.  1.  1.]
CCOC(C1=NCC(C)(C)CN1)c1cccc(F)c1,[-1.        1.       -0.821026 -1.       -1.      ]
O=C(O)c1cc(-n2c(-c3ccccc3)cc3c2CCc2ccccc2-3)ccc1O,[ 1.  1. -1. -1. -1.]
CCCCCN(CCCOC)C(=O)C(CCC(=O)O)NC(=O)c1ccc(Cl)c(Cl)c1,[-1. -1.  1.  1. -1.]
FC(Cl)(C(Cl)(Cl)Cl)C(Cl)(Cl)Cl,[-1. -1. -1.  1. -1.]
CCCO,[ 1. -1. -1. -1.  1.]
O=c1ncnc2[nH][nH]cc1-2,[ 1.         -1.          0.635366   -1.         -0.61845803]
COc1ccccc1N1CCN(CCCNc2cc(=O)n(C)c(=O)n2C)CC1,[-1.         1.        -0.9524672 -0.0996401 -1.       ]
CN1C(=O)CC(N2CCCN(CCCN3c4ccccc4CCc4ccc(CC(=O)O)cc43)CC2)N(C)C1=O,[-0.96917135  1.         -1.          1.          1.        ]
CN(C)CCCN1c2ccccc2CCc2ccccc21,[ 1.         1.         0.8284565 -1.        -0.8080861]
C=CC1(C)CCC(C(C)(C)O)O1,[-0.7470897   0.98072135 -1.         -1.          1.        ]
CC(C)(N=C=O)c1cccc(C(C)(C)N=C=O)c1,[ 1.         1.        -1.        -1.         0.3523031]
c1cncc(Nc2ncc(-c3ccncn3)c(-c3ccco3)n2)c1,[-0.53914833  1.         -0.29715395 -1.          0.53803027]
CCNc1nc(NC(C)C)nc(SC)n1,[ 1.          0.96489525 -1.         -1.          0.33764106]
CCOc1ccc(-c2ccccc2)cc1CN1CCCC1,[-1.  1. -1. -1. -1.]
CCOC(C1=NCC(C)(C)CN1)c1cccc2ccccc12,[-0.2356146   1.         -1.         -1.         -0.91459054]
NCC1CCCCO1,[ 1. -1. -1.  1.  1.]
[NH3+]C(C(=O)[O-])C1CC(Cl)=NO1,[-1.         -1.          0.11618111 -1.         -0.6239735 ]
COP(=S)(OC)SCSc1ccccc1,[-0.523576   -0.4430649   0.5573654  -1.          0.28816336]
O=C(O)CCc1nc(-c2ccccc2)c(-c2ccccc2)o1,[-1.          1.         -1.          0.24635856  0.87981594]
Cc1cccc(C)c1N,[ 1.          1.          0.99992865 -1.         -1.        ]
Oc1cc(O)cc(O)c1,[ 1. -1. -1.  1. -1.]
C#CC(C)(C)NC(=O)C=Cc1cc(OC)c(OC)c(OC)c1,[-0.8493859  1.         1.        -1.        -1.       ]
CC(CCc1ccc2c(c1)OCO2)NCC(O)c1ccc(O)c(C(N)=O)c1,[-1.         -1.         -1.          1.         -0.27183974]
CC(C)C(NC(=O)[C@@H]1CCCN1C(=O)[C@@H](NC(=O)c1ccc(C(=O)N2CCOCC2)cc1)C(C)C)C(=O)C(F)(F)C(F)(F)F,[-0.67198426  1.         -1.          1.          1.        ]
COc1ccccc1C=O,[ 1. -1.  1. -1.  1.]
CC[C@H](C)[C@H](NC(=O)[C@H](CCC(=O)[O-])NC(=O)[C@H](CCC(=O)[O-])NC(=O)[C@H](Cc1ccccc1)NC(=O)[C@H](CC(=O)[O-])NC(=O)CNC(=O)[C@H](CC(N)=O)NC(=O)CNC(=O)CNC(=O)CNC(=O)CNC(=O)[C@@H]1CCCN1C(=O)[C@H](CCCNC(N)=[NH2+])NC(=O)[C@@H]1CCCN1C(=O)[C@H]([NH3+])Cc1ccccc1)C(=O)N1CCC[C@H]1C(=O)N[C@@H](CCC(=O)[O-])C(=O)N[C@@H](CCC(=O)[O-])C(=O)N[C@@H](Cc1ccc(O)cc1)C(=O)N[C@@H](CC(C)C)C(=O)[O-],[-1.         -0.32584852  0.7833876  -1.          0.4685795 ]
CCOC(C1=NCC(C)(C)N1)c1ccccc1,[-1. -1.  1.  1. -1.]
CCOC(=S)SSSC(=S)OCC,[-0.30180156  1.         -1.         -1.         -1.        ]
COP(=S)(OC)SCCNC(C)=O,[ 1.         1.         0.4088662  0.6790014 -1.       ]
CCCCOC(=S)SC(=S)OCCCC,[-1.         -0.4435313  -0.5435806  -1.         -0.01797661]
CCOP(=S)(OCC)Oc1cc(C)nc(N(C)C)n1,[-0.9941734  -1.         -1.          1.          0.45442322]
CCc1nn(-c2ccc(F)cc2)c2c(=O)[nH]ccc12,[ 1.          1.         -0.04575857 -1.         -1.        ]
CC#CCC(C)C(O)/C=C/C1C(O)CC2C/C(=C/CCCC(=O)[O-])CC21,[-1.  1. -1. -1.  1.]
C[C@H](CO)Nc1nc(SCc2ccccc2)nc2[nH]c(=O)sc12,[ 1.         1.        -1.         0.6369744 -1.       ]
CC(C)(C)NCC(O)COc1ccccc1C1CCCC1,[-1.         -1.          0.38651866 -1.          0.8860688 ]
CC(C)OP(=S)(CCl)Sc1ccc(F)cc1,[ 0.48273453 -1.         -1.         -1.          0.13514896]
C=CS(C)(=O)=O,[-0.72844875  1.         -1.         -1.          0.2900699 ]
CCCCCCCCOP(OCC(CC)CCCC)Oc1ccccc1,[-0.52344596  1.         -1.         -1.         -0.1922836 ]
NC(=O)c1c(F)ccc(OCc2nc3cc(Cl)cnc3s2)c1F,[-1.  1.  1. -1. -1.]
O=c1c2nocc2c(-c2ccccc2)nn1-c1ccccc1,[ 1. -1.  1. -1. -1.]
CCOP(=S)(OCC)SCC(=O)N(CCC#N)c1ccccc1,[ 0.9987146   1.         -1.         -1.         -0.91220933]
OCC1OC(O)C(O)C(O)C1O,[-0.5176159  -0.76757896  0.652397   -1.          0.42402548]
CN(C)C(=O)OC1=CC(=O)CC(C)(C)C1,[-0.6300549   1.         -1.         -1.          0.36374488]
CC(=O)Nc1ccc(OCC(O)CNC(C)C)cc1,[ 1.          1.          0.99998677 -1.          0.2356561 ]
OCC1OC(n2cnc3c(NCC(c4ccccc4)c4ccccc4)ncnc32)C(O)C1O,[ 1. -1. -1. -1. -1.]
CN(C)C(=O)c1ccccc1O,[ 1.         1.        -1.        -0.9620507  1.       ]
CC(C)=CC(=O)O,[ 1.         -0.13706778 -1.          1.         -1.        ]
Cc1c(CN(C)C(=O)/C=C/C2=CNC3=[NH+]C(=O)CCC3=C2)oc2ccccc12,[-1.         -0.97945374 -1.          0.8412681   1.        ]
Cc1[nH]cnc1CN1CCc2c(c3ccccc3n2C)C1=O,[-1.          1.         -0.32290104 -1.         -1.        ]
CNC(=O)OC1C2(C)CCC(C2)C1(C)C,[ 1. -1. -1. -1. -1.]
Nc1ccc([N+](=O)[O-])cc1Cl,[ 0.5791548  1.        -1.         0.9977624  0.9945942]
CN(C)CCCNc1c2ccccc2nc2cccc([N+](=O)[O-])c12,[ 0.8841494  1.        -1.        -1.         1.       ]
COP(=O)(SC)c1ccccc1,[-0.9998296  1.        -1.         1.         0.9455813]
O=S1(=O)CC(Cl)(Cl)C(Cl)(Cl)C1,[0.9981507 1.        1.        1.        1.       ]
Cc1c(CN2CCOC(c3ccccc3)C2C)c(=O)n(-c2ccccc2)n1C,[-1.          1.          1.         -0.90500593 -1.        ]
Cc1ccc(SN(C)C(=O)Oc2cccc3c2OC(C)(C)C3)cc1,[-0.71169263  1.         -1.         -1.         -0.4547888 ]
c1ccc2c(c1)OCCOCCOc1ccccc1OCCOCCO2,[ 1.         1.        -1.        -1.        -0.7565675]
CC(C=O)CCC(C)(O)C=O,[ 0.9061877  1.        -1.        -1.         1.       ]
C[C@H](c1nc2ncccc2c(=O)n1-c1ccc(Cl)cc1)N(CC1CCS(=O)(=O)CC1)C(=O)Cc1ccc(C(F)(F)F)c(F)c1,[-0.6739111   1.          0.82145077 -1.          0.03029976]
Cc1ncc([N+](=O)[O-])n1CCO,[ 0.18246727 -0.6828647  -1.         -1.         -0.02391908]
CCCCC(C)(O)CC=CC1C(O)CC(=O)C1CCCCCCC(=O)OC,[ 1.          1.         -1.          1.         -0.98652756]
CCN(CC)c1nc(NC(C)C)nc(OC)n1,[-0.75293994  1.         -1.         -1.          1.        ]
CNc1nc(Cl)c(SC)c(N2CCN(C)CC2)n1,[-1.         1.        -0.8631748 -1.        -1.       ]
CCOC(=O)COc1ccc(C(=O)CN2CCN(C3CCN(C(=O)OC(OC(C)=O)C(C)(C)C)CC3)CC2=O)cc1,[ 0.9999878   0.98568416  0.80036944 -1.          1.        ]
CCCCCOc1c(Br)cc(Br)cc1COCCN(CC)CC,[-1.  1.  1. -1.  1.]
O=NN(c1ccccc1)c1ccccc1,[ 0.9608393   1.         -1.         -1.          0.52004194]
C[C@@H]([C@@H](O)c1ccc(O)cc1)N1CCC(O)(c2ccccc2)CC1,[-1. -1.  1. -1. -1.]
CC(O)CN,[-1.          1.          0.90952164  1.         -1.        ]
ClCc1cccc2ccccc12,[ 0.4790982   1.         -1.         -1.          0.86892164]
CCCCCCCCCCCCCCCCCCO,[-1.          1.         -0.99925107  1.         -1.        ]
CCC(Cl)(CC)C(=O)OCC(Cl)(Cl)Cl,[ 0.9850385  1.        -1.        -1.         1.       ]
CC(C(=O)O)c1ccc(C2CCCCC2)cc1,[ 0.6285882  1.        -1.         1.         1.       ]
CN1CCN(C2=c3ccccc3=Nc3ccc(Cl)cc3N2)CC1,[-1.  1. -1.  1.  1.]
Cn1cncc1CN1CC(N(Cc2cccc(-n3cccc3)c2)S(=O)(=O)c2ccccn2)Cc2cc(C#N)ccc21,[ 0.614062    1.         -1.         -1.         -0.79287905]
O=P(O)(O)CN(CC(O)CN(CP(=O)(O)O)CP(=O)(O)O)CP(=O)(O)O,[-1.        -0.6638157 -1.        -1.        -1.       ]
CCOC(=S)SCC#N,[-1.  1. -1. -1. -1.]
NCCN,[-1. -1.  1. -1. -1.]
Cc1nccn1-c1ccc(COc2cc(F)cc(C3(C(N)=O)CCOCC3)c2)cc1,[ 1.         -0.23832205 -1.         -1.         -1.        ]
CCOP(=S)(OCC)Oc1nc(Cl)c(Cl)cc1Cl,[ 1.          1.         -1.         -1.         -0.79344594]
O=[N+]([O-])c1cc2[nH]c(C(F)(F)F)nc2cc1Cl,[ 1.          0.81201077 -1.         -0.97442853  0.45889366]
CC(CO)CCO,[ 0.24048227  0.7140766  -1.         -1.         -1.        ]
Cn1nnnc1SCC1=C(C(=O)O)N2C(=O)[C@@H](NC(=O)[C@H](O)c3ccccc3)[C@H]2SC1,[-1.  1. -1. -1. -1.]
O=C(O)Cc1ccc2c(c1)C(=O)c1ccccc1CO2,[ 1.         -0.49635243 -1.         -1.          0.5133257 ]
CC1CCCCC1=O,[-0.28755474  1.         -1.         -1.          0.26343772]
CC(=N)N1CC[C@H](SC2=C(C(=O)O)N3C(=O)[C@H]([C@@H](C)O)[C@H]3C2)C1,[-0.89931446 -1.         -0.9939885  -1.          1.        ]
CC(O)C#N,[ 0.9644408  1.        -1.        -1.         1.       ]
OCNC(=S)c1c(Cl)cccc1Cl,[-0.43426952  1.         -1.         -1.          0.5363601 ]
CC(=O)N[C@@H]1[C@@H](NC(=N)N)C=C(C(=O)O)O[C@H]1[C@H](O)[C@H](O)CO,[ 1.        -1.         1.        -1.        -0.9854733]
CCN(CC)C(=O)C1CN2CCc3cc(OC)c(OC)cc3C2CC1OC(C)=O,[-1. -1. -1. -1. -1.]
COc1ccc(CCl)cc1OC,[ 0.40367594 -0.13918336  0.11032436 -1.         -1.        ]
O=[N+]([O-])c1ccc(Cl)c2nc(C(F)(F)F)[nH]c12,[-1.         -0.5287862  -0.17514174 -1.         -1.        ]
CCOc1ccc2ccccc2c1C(=O)NC1C(=O)N2C1SC(C)(C)C2C(=O)[O-],[ 0.93811536 -1.         -1.         -1.         -1.        ]
O=C(OC1CCC(N2CCCCC2)CC1)c1ccccc1,[ 1.          1.         -1.         -1.         -0.47227356]
CC(O)c1cccc(N)c1,[-0.69714975  1.          1.         -1.          1.        ]
COC(=O)[C@@H]1[C@H](O)CC[C@@H]2CN3CCc4c([nH]c5ccccc45)[C@H]3C[C@H]21,[ 1. -1. -1. -1. -1.]
S=C1N=CC=NC(=S)SSSS1,[-0.6022895   1.         -0.9344282  -1.          0.11625853]
COc1cccc2c1c(NS(=O)(=O)c1ccc(Cl)s1)nn2Cc1cccc(CNC(C)=O)c1,[ 1.         1.        -0.6718419  1.        -1.       ]
CC(C)(c1cc(Cl)c(O)c(Cl)c1)c1cc(Cl)c(O)c(Cl)c1,[ 0.7712806  -0.21713804 -1.          1.         -0.8918429 ]
CCN(CC)C(=O)c1cccc(C)c1,[ 0.9606703   1.         -0.11274214  0.9993514  -1.        ]
C[C@@](C(=O)O[C@H]1C[N+]2(CCOCCc3ccccc3)CCC1CC2)(c1ccccc1)N1CCCCC1,[ 0.75586224  1.         -0.49157813 -1.          0.16504192]
COc1c(C)ccc(C)c1N(COC(C)C)C(=O)CCl,[-1.  1. -1. -1.  1.]
O=C(O)C1CSCN1,[ 0.92718625  1.         -1.         -0.78219587 -0.84912413]
CCCCCCCCCCOC(=O)c1ccccc1C(=O)OCCCC,[-1.         1.        -1.        -1.        -0.7338204]
C=CCOC1=NS(=O)(=O)c2ccccc21,[ 1.         1.         1.        -1.         0.7803668]
NCC(O)c1cccc(O)c1,[-1.  1. -1. -1. -1.]
CC(C)C(CCC(C)C1CCC2C3C(O)CC4CC(NCCC[NH2+]CCCC[NH3+])CCC4(C)C3CCC12C)OS(=O)(=O)[O-],[ 1. -1.  1. -1. -1.]
CCC(C)OP(=S)(OC)OC,[ 1. -1.  1.  1.  1.]
CC(NC(=O)COc1ccc(Cl)cc1Cl)C(=O)O,[-1.         -0.6722954  -1.          0.93786067  1.        ]
CC(=O)NC(N)=S,[ 1.  1.  1. -1.  1.]
C[NH+]1CCN(C(=O)OC2c3nccnc3C(=O)N2c2ccc(Cl)cn2)CC1,[-1.  1. -1. -1. -1.]
CCOc1cc2ncc(C(N)=O)c(Nc3ccc(C)cc3F)c2cc1N1CCN(C)CC1,[ 1. -1.  1. -1. -1.]
CCNc1nc(Cl)nc(N(CC)CC)n1,[ 1.         -0.5894486  -1.          0.65253645  0.33700013]
Cc1cccc(C(=O)O)c1O,[ 1.  1. -1. -1. -1.]
O=C(NC1(C(=O)N[C@H](Cc2ccccc2)C(=O)NC2CCN(CC3CCOCC3)CC2)CCCC1)c1cc2ccccc2s1,[ 1.          1.         -0.4663245  -1.          0.19026737]
COP(=O)(OC)SCN1C(=O)c2ccccc2C1=O,[ 1.         -0.65178025  0.06002245 -1.         -0.03363435]
CN(c1ccccc1)S(=O)(=O)c1ccc(NC(=O)C(C)(O)C(F)(F)F)cc1,[-0.66505     1.         -0.29858088 -1.         -1.        ]
CC(C)N(C(=O)SCC(Cl)=C(Cl)Cl)C(C)C,[ 1.  1. -1. -1.  1.]
c1ccc2c(c1)CC(N1CCN(c3cccc4c3OCCO4)CC1)C2,[-0.9864732  -0.6147602  -1.         -1.         -0.73107415]
COc1cc(N)cn[n+]1-c1ccccc1,[ 1.          1.         -1.         -1.         -0.00524427]
C=Cc1ccc(C)nc1,[ 1.         0.9955512  1.        -1.        -1.       ]
C=CCOC(=O)C(=C)C,[-1.          0.16568781  0.7092066  -1.          1.        ]
CC(O)C1C(=O)N2C(C(=O)[O-])=C(SC3CCS(=O)C3)SC12,[-0.8622954 -1.        -1.         1.        -0.9176607]
Oc1ccc(Cl)cc1Cl,[ 0.97204554  1.         -0.6564017  -1.          0.87170565]
O=C(CCC[NH+]1CC=C(n2c(=O)[nH]c3ccccc32)CC1)c1ccc(F)cc1,[ 1.         1.        -0.0873136 -1.         1.       ]
c1ccc2[nH]c(-c3cscn3)nc2c1,[ 1. -1. -1. -1.  1.]
CN(C)N=O,[ 1.         -1.         -1.         -1.          0.92553556]
COc1cnn(C)c(=O)c1-c1ccc(C[C@@H](CO)NC(=O)c2c(Cl)cccc2Cl)cc1,[ 1.         1.        -1.         1.         0.7119374]
Cn1c(N)nc2ncc(-c3ccccc3)cc21,[-0.49760607  1.          1.         -1.          1.        ]
Cc1ccc(CNC2=NCCS2)cc1,[-1.          1.         -1.          0.54734516 -1.        ]
COCCOC(=O)C(=Cc1cccc([N+](=O)[O-])c1)C(C)=O,[-0.1411592  1.        -1.        -1.        -1.       ]
CC1(C)C(=O)N(Cl)C(=O)N1Br,[ 1.  1. -1. -1.  1.]
CC(=O)O,[-1.  1.  1.  1. -1.]
CC(C)c1cc(Oc2ccccc2)cc(C(C)C)c1NC(=S)NC(C)(C)C,[ 1.         -0.05936178 -1.         -1.          1.        ]
Fc1ccc2[nH]c(C(F)(F)F)nc2c1,[-1.          1.          0.9971072  -1.          0.99991035]
N#Cc1cc(S(=O)(=O)Nc2ncns2)ccc1Oc1cc(Cl)c(F)cc1-c1ccnnc1,[-0.99940217  1.         -1.         -1.         -1.        ]
CN(N=O)C(C)(C)c1ccccc1,[ 1.         -1.          0.39248928 -1.         -0.9353181 ]
NC12CC3CC(CC(C3)C1)C2,[-0.62169266  1.         -0.84842855 -1.         -0.06756154]
CS(=O)CC(=NO)C(C)(C)C,[ 0.9580492  -1.         -1.          1.          0.61843324]
N#Cc1ccc2ccc(=O)n(CCN3CC[C@H](NCc4ccc5c(n4)NC(=O)CO5)[C@H](O)C3)c2c1,[ 0.5566691  1.         1.         1.        -0.9943914]
C=CN(CC)C(C)=O,[-1.        -1.        -1.        -1.         0.8175648]
Oc1ccccc1Cl,[-0.61799675  1.         -1.         -1.         -1.        ]
OCc1ncc2n1-c1ccc(Cl)cc1C(c1ccccc1F)=NC2,[-0.8515856  1.         1.         1.         1.       ]
CNC(=O)Oc1cccc(C(C)C)c1,[-1.         1.         0.8842444 -1.        -1.       ]
CC(=O)OCC1OC(n2ncc(=O)[nH]c2=O)C(OC(C)=O)C1OC(C)=O,[-1.         1.        -1.        -1.        -0.9705644]
CC1(C)CCC2(C(=O)[O-])CCC3(COC(=O)/C=C/c4cc(O)ccc4NC(=O)/C=C/C(=O)[O-])C(=CCC4C5(C)CCC(=O)C(C)(C)C5CCC43C)C2C1,[-1.         -0.51240176  0.5822848  -1.          0.54772997]
COc1cc2nc(N3CCN(C(=O)c4ccco4)CC3)nc(N)c2cc1OC,[-1.         1.        -1.         1.        -0.3159405]
CCC1(CC)C(=O)NCC(C)C1=O,[-1.          0.73005944 -1.          1.          1.        ]
O=C(O)c1ccncc1,[-0.8486986 -1.         1.        -1.        -1.       ]
CCOC(=O)CCN1CC(=O)N(C)c2ccc(NCc3ccc(C(=N)N)cc3)cc2C1=O,[ 1.          1.         -1.         -1.         -0.82970876]
C[C@@H]1O[C@@H](Oc2c(-c3ccc(O)c(O)c3)oc3cc(O)cc(O)c3c2=O)[C@@H](O)[C@H](O)[C@@H]1O,[-0.66715395 -1.         -1.          1.         -1.        ]
COc1ccc(Cc2cnc(N)nc2N)cc1OC,[ 0.04550613  1.         -1.         -1.          0.0261711 ]
CC(=O)Nc1c(I)c(C(=O)[O-])c(I)c(N(C)C(C)=O)c1I,[ 0.9384315   1.          0.9674936  -1.          0.36037004]
CCc1cc(=O)c2ccccc2o1,[ 1.          0.9977203   0.36875227 -1.          1.        ]
CC(O)C1CCCCC1,[-1. -1.  1.  1. -1.]
Cc1cnc(C(=O)c2ncnc3[nH]ccc23)c(NS(=O)(=O)c2ccc(Cl)c(C(F)(F)F)c2)c1,[-0.21220057 -0.0493592  -1.         -1.         -0.83549196]
CC(=O)N[C@H](Cc1ccc2ccccc2c1)C(=O)N[C@H](Cc1ccc(Cl)cc1)C(=O)N[C@H](Cc1cccnc1)C(=O)N[C@@H](CO)C(=O)N[C@@H](Cc1ccc(O)cc1)C(=O)N[C@H](CCCNC(N)=O)C(=O)N[C@@H](CC(C)C)C(=O)N[C@@H](CCCNC(=N)N)C(=O)N1CCC[C@H]1C(=O)N[C@H](C)C(N)=O,[-1.          1.          1.         -1.         -0.87654877]
O=C(c1ccccc1)N1CCN=C1Nc1c(Cl)cccc1Cl,[-0.4899263  -1.         -1.         -1.         -0.68217856]
COc1ccc2cc(C(C)C(=O)OCCOCCO)ccc2c1,[ 0.99201816 -1.         -1.         -1.          0.7720729 ]
CCN(CC)C(=O)Cc1ccccc1,[ 1.         -1.         -1.          1.         -0.99520427]
Cn1c(N2CCCN(CCCN3c4ccccc4Sc4cccc(C(=O)O)c43)CC2)cc(=O)n(C)c1=O,[-0.9991297   1.         -0.27367783 -1.         -1.        ]
Cc1cccc(C)c1NC(=O)NCCCNC(C)C,[-0.81618625  1.         -1.          0.5708472   1.        ]
O=[N+]([O-])c1ccc(O)c2ncccc12,[ 1.  1. -1.  1. -1.]
CON(C)C(=O)Nc1ccc(Cl)c(Cl)c1,[ 0.30549648 -0.2968874  -0.21152878  0.06169125 -0.06803943]
CCC(SC(C)=NOC(=O)NC)C(N)=O,[-0.8461291 -1.        -1.        -1.         1.       ]
CC(C=O)c1ccccc1,[ 0.9794934   0.97978383 -1.         -1.          1.        ]
C[Si]1(C)O[Si](C)(C)O[Si](C)(C)O[Si](C)(C)O1,[ 1.          1.         -0.32611382 -1.          0.78570783]
CC(C)OC(=O)Nc1cccc(Cl)c1,[ 1.         -0.67225957 -0.9979125  -1.         -0.0776831 ]
Cc1ccccc1Oc1cccnn1,[ 0.9981232   1.         -0.02311175 -1.          1.        ]
COC(=O)N(CCCl)N=O,[-1.          1.         -1.          0.93738437  1.        ]
Cc1nc(C(=O)[C@H](C)Oc2ccc(SCCCCCc3ccccc3)cc2)sc1CCCC(=O)O,[-1.          1.         -1.          1.         -0.63460547]
Cc1ccccc1N=NN(C)C,[ 1.         1.         0.5019832 -1.        -1.       ]
N#CC(Cl)CS(=O)(=O)c1ccccc1,[-1.          0.973886   -0.16251455 -1.          1.        ]
C[C@@H]1NC(=O)[C@H](C)NC(=O)[C@@H](C)N(C)C(=O)[C@H](C)NC(=O)[C@@H](C)NC(=O)[C@@H](C)NC1=O,[-1.  1. -1. -1.  1.]
OC1CCCCC1c1ccccc1,[-0.24004629 -1.         -1.         -1.          0.30008882]
CCOC(=O)C=Cc1ccccc1,[-0.6978452  -0.46947846 -1.          0.94246185  1.        ]
S=C=Nc1ccc(Br)cc1,[ 1.          1.         -1.          0.5318006   0.98534155]
c1ccc2c(c1)Sc1ccccc1N2CCCN1CCOCC1,[-1.          0.99922544  0.87078834 -0.84112686  0.2645127 ]
CCCC(C)C1(CC)C(=O)NC(=S)NC1=O,[-1.         1.        -1.        -1.         0.5930806]
CC#CCC(C)[C@H](O)/C=C/[C@@H]1[C@H]2C/C(=C/CCCC(=O)O)C[C@H]2C[C@H]1O,[ 1. -1.  1. -1. -1.]
O=COCc1ccccc1,[-1.          0.9999957  -0.45984638 -1.         -1.        ]
Nc1ccccc1SCc1ncon1,[-1.  1. -1. -1. -1.]
CCC(=O)Nc1ccc(OCC(O)CNC(C)C)cc1,[ 1.          1.         -1.         -1.         -0.09030706]
O=[N+]([O-])OCC(CO[N+](=O)[O-])O[N+](=O)[O-],[-0.9594389  1.        -1.        -1.        -1.       ]
Cc1c(Cl)c(=O)oc2cc(OP(=O)(OCC(C)Cl)OCC(C)Cl)ccc12,[ 1.          1.         -1.         -1.          0.50050014]
NP(=S)(N1CC1)N1CC1,[-0.3304471  1.        -1.         0.6312572  0.788144 ]
CC(C)C[C@H]1NC(=O)[C@@H](CC2CCCCC2)NC(=O)CNC(=O)[C@@H](C)NC(=O)[C@H](Cc2ccc(O)cc2)NC(=O)/C=C\c2ccccc2OC1=O,[-0.5625264 -0.3743464 -1.        -1.         0.7030369]
O=[N+]([O-])c1cc([N+](=O)[O-])c(Nc2cc(C(F)(F)F)ccc2Cl)c(C(F)(F)F)c1,[-1.          1.         -1.          0.5213727   0.99996114]
COCCNc1nc(N)c2nc(O)n(Cc3ccccc3)c2n1,[ 1.          0.97077346  1.         -1.          0.9999584 ]
CC1=C(C(=O)O)N2C(=O)[C@@H](NC(=O)[C@H](N)C3=CCC=CC3)[C@H]2SC1,[-1.         -0.94242704 -1.          1.         -1.        ]
Cc1ccc(N2C(=O)C=CC2=O)cc1,[ 1.          1.         -1.          1.          0.41880202]
CNC(=O)ON=C1COCCS1,[ 1.         -0.6153997   1.          1.          0.53032815]
CC[C@@H]1OC(=O)[C@@H](C)[C@H](O[C@H]2C[C@](C)(OC)[C@@H](O)[C@H](C)O2)[C@@H](C)[C@@H](O[C@H]2O[C@H](C)C[C@@H](N(C)C)[C@H]2O)[C@@](C)(O)C[C@@H](C)C(=O)[C@H](C)[C@@H](O)[C@@]1(C)O,[ 1.        -0.930798  -1.         1.         0.6665537]
C=O,[ 1.         -1.          0.03707273  0.56435376  0.638806  ]
CC(C)[C@H](NC(=O)CCN(C)C)c1cccc(F)c1N1CCN(C(=O)[C@H](C)Cc2ccc(Cl)cc2)CC1,[-0.6798577  -1.          0.43300292 -1.          0.64898723]
ClC1=CC(Cl)C(Cl)C(Cl)C1Cl,[ 0.9878242  1.         1.        -1.        -1.       ]
CCSP(=O)(CC)SCC,[-0.9834661   0.37479374 -1.         -1.         -0.3006743 ]
NS(=O)(=O)c1ccc(Cl)cc1,[ 1.        -1.         1.        -1.         0.8107432]
N#Cc1nn(-c2c(Cl)cc(C(F)(F)F)cc2Cl)c(N)c1S(=O)(=O)C(F)(F)F,[-1. -1.  1. -1.  1.]
CCSP(=O)(CC)OC,[ 1.       -1.       -1.       -1.        0.744744]
Nc1c(Cl)c(Cl)c2[nH]c(C(F)(F)F)nc2c1Cl,[ 1.         1.        -1.         1.         0.7985103]
Clc1cccc2ccccc12,[ 1.          1.         -1.         -1.         -0.13677567]
C[C@@](C(=O)O[C@H]1C[N+]2(Cc3nc(-c4ccccc4)no3)CCC1CC2)(c1ccccc1)N1CCCCC1,[-1.         1.         0.5562756  1.         1.       ]
COP(=S)(OC)Oc1cc(C(C)C)ccc1C,[ 0.29802117  1.         -1.         -1.         -0.88991505]
CC(=O)[C@@]1(O)CC[C@H]2[C@@H]3CCC4=CC(=O)CCC4=C3[C@@H](c3ccc(N(C)C)cc3)C[C@@]21C,[ 1.        0.989969 -1.       -1.        1.      ]
CC(C)CCCCCOC(=O)CS,[ 1.          1.          0.43205196 -1.          1.        ]
Cc1ncsc1CCCl,[-1.         -1.         -1.         -1.          0.81685054]
COc1ccc2c(c1)C13CCCCC1C(C2)N(C)CC3,[-1.        1.        1.        1.        0.463432]
CC[C@H]1CN2CCc3cc(OC)c(OC)cc3[C@@H]2C[C@@H]1C[C@H]1NCCc2cc(OC)c(OC)cc21,[ 0.9954654  1.        -1.        -1.        -1.       ]
CCOC(C1=NCC(C)(C)CN1)c1ccc(C(C)C)cc1,[-1.          1.         -1.         -1.          0.99982744]
O=C(Cc1ccc(O)c(O)c1)c1ccc(O)c(O)c1O,[ 0.95941174  1.         -0.99649155 -1.         -1.        ]
O=C1CCC(N2C(=O)c3ccccc3C2=O)C(=O)N1,[ 1.  1. -1. -1. -1.]
CC1Cc2cc(C(=O)CCc3ccccc3)ccc2O1,[-0.9997961   1.         -0.815405   -1.         -0.66909283]
O=C1CN=C(c2ccccc2Cl)c2cc(Br)ccc2N1,[ 1.         1.        -1.        -1.        -0.4096351]
O=C(CO)NC1CCN(Cc2ccc(Oc3nc4ccccc4s3)cc2)CC1,[-1.         -1.          0.1784842   1.          0.46181488]
CS(=O)(=O)Nc1ccc([N+](=O)[O-])cc1Oc1ccccc1,[-1.         -0.81185526  0.30616552 -1.          1.        ]
CC(C)(N)Cc1ccc(Cl)cc1,[ 0.78093827  1.          1.         -1.         -1.        ]
C[NH+](C)CCNC(=O)c1cccc2cc3ccccc3nc12,[-0.79284984  1.         -1.          1.         -0.50815964]
Nc1ccc2ccc3cccc4ccc1c2c34,[ 0.3103127   1.          0.28155532 -1.          0.9708038 ]
O=C(Nc1ccc(OC(F)(F)Cl)cc1)c1ccnn1CCc1ccncc1,[-1.         1.        -1.        -1.        -0.9804329]
NC(=O)OCC(O)COc1ccc(Cl)cc1,[1.         1.         0.951632   0.56780946 0.7189395 ]
COP1(=S)OCc2ccccc2O1,[ 1.         -0.003673   -0.92141354 -1.         -1.        ]
CC(=O)c1cccc([N+](=O)[O-])c1,[-0.25685248 -1.         -1.          1.         -0.9751164 ]
C#CC(C)(CCC=C(C)C)OC(C)=O,[-1.        -1.        -0.2097877  1.        -1.       ]
CCN1CCCC(Nc2cc(C)nc(NC(=N)Nc3ccc(Cl)c(Cl)c3)n2)C1,[ 1.          1.          0.68286234 -1.          0.4787342 ]
CC[Si](Cl)(Cl)Cl,[ 0.77572554 -1.         -1.         -1.         -1.        ]
C#CCCCC#C,[-1.  1. -1.  1. -1.]
c1ccc(C(c2ccccc2)(c2ccccc2)N2CCOCC2)cc1,[-0.79145247  1.         -1.          1.          1.        ]
CC1CO1,[ 1. -1.  1.  1. -1.]
CCCC(=O)c1ccc(N)cc1,[ 1.  1. -1. -1.  1.]
Cc1cccc(Nc2ccncc2S(=O)(=O)NC(=O)NC(C)C)c1,[-1.          1.         -1.          1.          0.64179385]
CCOP(=O)(OCC)SCc1nnc(OC)s1,[-0.9761859   1.         -1.         -0.73323905  1.        ]
CC=CCC(C)C(O)C1C(=O)NC(CC)C(=O)N(C)CC(=O)N(C)C(CC(C)C)C(=O)NC(C(C)C)C(=O)N(C)C(CC(C)C)C(=O)NC(C)C(=O)NC(C)C(=O)N(C)C(CC(C)C)C(=O)N(C)C(CC(C)C)C(=O)N(C)C(C(C)C)C(=O)N1C,[-0.79689866  1.         -0.44578806 -1.         -1.        ]
C[C@H]1O[C@@H](O[C@H]2[C@@H](O)C[C@H](O[C@H]3[C@@H](O)C[C@H](O[C@H]4CC[C@@]5(C)[C@H]6C[C@@H](O)[C@]7(C)C(C8=CC(=O)OC8)CC[C@]7(O)[C@@H]6CC[C@@H]5C4)O[C@@H]3C)O[C@@H]2C)C[C@H](O)[C@@H]1O,[-0.15919627  1.         -1.         -1.         -0.60433   ]
Cc1cc(C(=O)NNC(C)Cc2ccccc2)no1,[ 1.         -1.         -1.          0.22058287  1.        ]
CNC(=O)Oc1cc(C)c(C)c(C)c1,[ 1.          1.         -0.3094946  -1.         -0.08393081]
CN(OCCNC(=O)Cc1c(C#N)ccc(NCC(F)(F)c2ccccn2)c1F)C(=N)N,[ 1.          1.         -0.12714921 -1.          1.        ]
CN1C(=O)C([O-])CC1c1cccnc1,[-1.  1. -1. -1.  1.]
CCC(=O)OCCOc1ccccc1,[ 1. -1. -1.  1.  1.]
CCCCN(CCCCO)N=O,[-0.82445264  1.         -1.         -0.9849514  -0.9449153 ]
C[C@]12C[C@@H](O)[C@@H]3[C@@H](CCC4=CC(=O)CC[C@@]43C)[C@H]1CC[C@@]2(O)C(=O)CO,[-1.          1.          0.99995536 -1.         -1.        ]
CCc1nn(CCCN2CCN(c3cccc(Cl)c3)CC2)c(=O)n1CCOc1ccccc1,[ 1.          0.3910155   1.         -1.          0.82703096]
CCCCOCC,[ 1.  1. -1. -1.  1.]
CCC1(c2ccccc2)CCNC1=O,[ 1.  1. -1. -1.  1.]
CC(=O)Nc1ccc(N)cc1,[ 1.          0.39735457 -1.         -1.         -1.        ]
COc1ccc(NC(=O)CCc2c(C)nc3nc(C)nn3c2C)cc1,[-1.          0.27426746 -0.93653524  0.40283725 -0.02215397]
CCOC(=O)[C@H](CCc1ccccc1)N[C@@H](C)C(=O)N1CCC[C@H]1C(=O)O,[-1.          0.75696915 -0.9979322  -1.         -1.        ]
CC(O)COC(=O)C=CC(=O)O,[ 1.         1.         0.5278424 -1.        -1.       ]
O=C(NC1(C(=O)N[C@H](Cc2ccccc2)C(=O)NCCCC(=O)N2CCC(N3CCOCC3)CC2)CCCC1)c1cc2ccccc2s1,[ 0.9998846  1.        -1.        -1.         0.8817115]
Cc1ccc(C(=O)c2ccc(CC(=O)O)n2C)cc1,[ 1.        -0.9998326  1.        -1.        -1.       ]
O=c1c(OC2C(O)OC(CO)C(O)C2O)c(-c2ccc(O)c(O)c2)oc2cc(O)cc(O)c12,[ 1.  1. -1. -1. -1.]
CCCCC(CC)(COC(N)=O)COC(N)=O,[-1.         1.        -0.9733178 -1.        -0.6184997]
CCOCOC(=O)c1ccccc1Nc1c(Cl)ccc(C)c1Cl,[-1.          1.          0.43412727 -1.          1.        ]
O=c1[nH]cnc2scc(-c3cccs3)c12,[ 0.94448036  1.         -1.         -1.          0.31795976]
COC(C1=NCCCN1)c1ccc2ccccc2c1,[ 1.          1.          0.06237786 -1.          0.6136904 ]
CC(=O)NNc1ccc(N)cc1,[ 1.          1.         -1.          0.34158537  1.        ]
CC(C)Cn1c(=O)n(C)c(=O)c2c(C(=O)N3CC[C@@H](O)C3)c(Cc3c[nH]c4ncccc34)sc21,[ 1.  1. -1. -1. -1.]
CN(C)c1nc(N(C)C)nc(N(C)C)n1,[ 1.  1. -1. -1. -1.]
NC(=O)c1ccc(-c2cc3c(N[C@H]4CCCNC4)ncc(C(N)=O)c3s2)cc1,[ 1.          0.87283856 -1.         -1.         -0.98111355]
C[C@](N)(Cc1ccc(O)c(O)c1)C(=O)O,[ 1.         -0.14125858 -1.         -1.          1.        ]
CCOP(=S)(OCC)SCC(=O)OC,[-0.8089145  1.        -1.        -1.        -0.3138723]
O=C(O)COc1nc(Cl)c(Cl)cc1Cl,[-0.3207681  1.         0.1103178 -1.        -0.6820209]
COc1cccc2c1c(NS(=O)(=O)c1ccc(Cl)s1)nn2Cc1cccc(CNC(=O)[C@H]2COCCN2)c1,[ 1.         1.        -1.        -0.9163574  1.       ]
CN(C)c1ccc(S(=O)(=O)NC(=O)N2CCC(N3CCC(Oc4ccc(Cl)c(Cl)c4)CC3)CC2)cc1,[-1.          1.          1.         -0.16158879  1.        ]
COc1cc2c(cc1OC)[C@@H](Cc1cc(OC)c(OC)c(OC)c1)[N+](C)(CCCOC(=O)CC/C=C/CCC(=O)OCCC[N+]1(C)CCc3cc(OC)c(OC)cc3[C@H]1Cc1cc(OC)c(OC)c(OC)c1)CC2,[1.        1.        0.3313344 1.        1.       ]
NC(=S)NNCNNC(N)=S,[ 1.         1.        -1.        -1.         0.5029606]
CCNC1CCCCC1,[ 1.  1. -1.  1. -1.]
Cc1nc2c([nH]1)-c1ccccc1N(C(=O)c1ccc(NC(=O)c3ccccc3-c3ccccc3)cc1)CC2,[ 1.         1.         1.        -1.         0.1334369]
C/C=C/C#CCC/C=C\C=C\C(=O)NCC(C)C,[-1.  1. -1. -1.  1.]
N#CCCOCCOCCO,[ 1.          1.         -1.         -1.         -0.21071261]
CCOP(=S)(OCC)OCCSCC,[ 0.9936312   1.         -1.         -1.         -0.06906727]
CC1COc2c(C3([NH3+])CC3)c(F)cc3c(=O)c(C(=O)[O-])cn1c23,[ 1.         1.         1.        -1.         0.7360093]
CNC(=O)Oc1cccc(C(C)C)c1Cl,[-1.          1.         -0.86152536  0.8066814  -1.        ]
Cc1ccc(-c2nnc(SCC(=O)N3CCN(c4ccccc4)CC3)o2)cc1,[ 1.         0.9920431 -1.        -1.         0.6697325]
CCS(=O)(=O)CCSP(=O)(OC)OC,[-0.03860501 -0.9644804  -1.         -1.         -1.        ]
CC(C)NNC(=O)COc1ccc(Cl)cc1,[-1.        -0.5434098  1.         1.         1.       ]
CNC(=O)ON=C1CCCC1(C)C#N,[-1.        -1.        -0.9639246  1.        -1.       ]
CCCCCCCCCCCCCCCCCCNC(C)C,[ 1.          0.70382905 -1.         -1.          1.        ]
CCCCCCCC(=O)N[C@@H](CCN)C(=O)N[C@@H](C)C(=O)N[C@@H](CCN)C(=O)N[C@H]1CCNC(=O)[C@H]([C@@H](C)O)NC(=O)[C@H](CCN)NC(=O)[C@H](CCN)NC(=O)[C@H](CC(C)C)NC(=O)[C@@H](Cc2ccccc2)NC(=O)[C@H](CCN)NC1=O,[ 1.         1.         1.        -1.        -0.9920759]
Cc1cc(C)c2[nH]c(=O)sc2c1,[ 1.          1.         -1.         -1.          0.99917895]
CCC(CC)O[C@@H]1C=C(C(=O)O)C[C@H](N)[C@H]1NC(C)=O,[ 1. -1.  1. -1.  1.]
CCOC(=O)C(Br)C#N,[ 1.         -1.         -0.34734905 -1.          1.        ]
CCOc1noc2cc(OCCC3CCN(c4ccc(C)nn4)CC3)ccc12,[ 1. -1. -1.  1. -1.]
CCCCC(CC)CCC(C)N,[-0.5963688  0.8162548  1.        -0.8140826  0.7785224]
COP(C)(=S)SCSc1ccc(Cl)cc1,[-1.         1.         0.3189409 -1.        -1.       ]
CC(C)(C)C1CCC(=O)CC1,[ 1.         -0.40485278  0.2550306  -1.         -0.9579079 ]
COCCNc1nc(NCc2ccccc2F)c2sccc2n1,[-1.         1.        -0.9999954  1.        -1.       ]
COc1ccc2c(=O)c(C)c(C)oc2c1CN1CCOCC1,[ 1.         -1.          0.85934836  1.          1.        ]
CNC(=O)[C@H](Cc1ccccc1)N(C)C(=O)[C@@H](Cc1ccccc1)N(C)C(=O)[C@H](Cc1ccccc1)N(C)C(C)=O,[-1.          1.          1.          0.67749953 -1.        ]
COc1ccc2c(c1)c(CC(=O)OCC(=O)O)c(C)n2C(=O)c1ccc(Cl)cc1,[-1.         1.         1.        -1.         0.9331988]
O=C1NC(=O)C(c2ccccc2)(c2ccccc2)N1,[-1.  1.  1. -1.  1.]
Cc1ccc(S(=O)(=O)Nc2c(C(=O)NC3CCOCC3)c(C)nn2-c2ccccc2)cc1,[-1.  1. -1. -1. -1.]
C#CC1(OS(=O)(=O)[O-])CCC2C3CCc4cc(O)ccc4C3CCC21C,[ 1.          1.         -1.         -1.         -0.87720597]
CCN(Cc1c(F)cccc1Cl)c1c([N+](=O)[O-])cc(C(F)(F)F)cc1[N+](=O)[O-],[ 1.        -1.        -1.         1.         0.5183225]
CN[C@H](CC(C)C)C(=O)N[C@H]1C(=O)N[C@@H](CC(N)=O)C(=O)N[C@H]2C(=O)N[C@H]3C(=O)N[C@H](C(=O)N[C@H](C(=O)O)c4cc(O)cc(O)c4-c4cc3ccc4O)[C@H](O)c3ccc(c(Cl)c3)Oc3cc2cc(c3O[C@@H]2O[C@H](CO)[C@@H](O)[C@H](O)[C@H]2O[C@H]2C[C@](C)(N)[C@H](O)[C@H](C)O2)Oc2ccc(cc2Cl)[C@H]1O,[ 0.3092998  -0.58593595  0.5714272   1.          0.94194734]
CCCCNCC1COc2cccc(OCC)c2O1,[ 0.656903  1.       -1.       -1.        1.      ]
c1ccc2c(c1)Cc1ccccc1N2,[ 1.        -1.        -1.         1.         0.6918418]
COc1cc(Nc2nc(N[C@@H](C)c3ncc(F)cn3)nc(N3CCOCC3)c2Cl)n[nH]1,[-0.9998557   1.         -1.          1.         -0.16545123]
Cc1c(Nc2ncnc3ccccc23)c(=O)n(-c2ccccc2)n1C,[ 1.          1.         -0.2954204  -1.          0.27146405]
O=C(NCc1ccc(OC(F)(F)F)cc1)C1c2ccccc2C(=O)N1C1CCC(F)(F)CC1,[-0.86396354  1.         -1.         -1.          1.        ]
CCCOP(=S)(OCCC)Oc1cnn(C)c(=O)c1OC,[-0.9884576  -1.         -1.         -1.         -0.99552304]
O=c1oc(-c2ccccc2)nc2ccccc12,[-1.          1.         -1.         -1.          0.82718575]
COc1ccc(C2=Cc3ccccc3OC2c2ccc(OCCN3CCCCC3)cc2)cc1,[-0.54797274  1.          0.42939836  0.89043266 -0.28860977]
CC1OC(OC2C=C3CCC4C(CCC5(C)C(c6ccc(=O)oc6)CCC45O)C3(C)CC2)C(O)C(O)C1O,[-0.84292865  1.         -1.          1.          1.        ]
Cc1nnc(SCC2=C(C(=O)O)N3C(=O)[C@@H](NC(=O)Cn4cnnn4)[C@H]3SC2)s1,[-1.          1.         -0.99431825 -1.          1.        ]
CCCCCCCCCCO,[-0.820942   -0.26834655 -1.         -1.          1.        ]
CC(C)CS,[-1.         1.         0.3975235 -1.         0.9017104]
CCN(CC)C(=O)CCC(C)=O,[-0.9999189  -0.32585984 -0.23956731  1.          1.        ]
ClCC(Cl)C(Cl)CCl,[-0.13639565 -1.         -1.         -1.         -0.5954388 ]
O=C(O)c1cc2ccccc2c(Cc2c(O)c(C(=O)OCCOCCN3CCN(C(c4ccccc4)c4ccc(Cl)cc4)CC3)cc3ccccc23)c1O,[ 1.          0.99947643 -1.          1.          1.        ]
Cc1cccc(C)c1O,[-0.43594867  1.         -0.05981184 -1.         -1.        ]
CCCS(=O)(=O)c1c(Cl)cnc(Cl)c1Cl,[-1.          1.         -0.99949485 -1.         -0.98824924]
CC(C)S(=O)(=O)n1c(N)nc2ccc(/C(=C/C(N)=O)c3cc(F)c(F)c(F)c3)cc21,[-0.8035379  -0.28447762  1.         -1.         -0.9271431 ]
O=c1[nH]c(=O)n([C@@H]2O[C@H](CO)[C@@H](O)[C@@H]2O)cc1/C=C/Br,[-0.9266113  -0.18959974 -1.          0.5254129  -1.        ]
CC(=O)c1cn(Cc2ccccc2)c(=O)n(Cc2ccc(F)cc2)c1=O,[-1. -1.  1. -1.  1.]
CCCCOC(C1=NCCCN1)c1ccccc1,[-0.9996248  1.        -1.         1.         1.       ]
CCN(CC)CCN1C(=O)NC(c2ccccc2)(c2ccccc2)C1=O,[ 1.  1. -1. -1.  1.]
CC(=O)C=CC1C(C)=CCCC1(C)C,[-1.  1.  1.  1.  1.]
CC(=O)Nc1cc2c(ccn2-c2cc(NC3CC3)n3ncc(C#N)c3n2)cc1C,[-1.          0.7101491  -1.         -1.          0.61134267]
O=c1c([O-])c(-c2ccc(O)c(O)c2)oc2cc([O-])cc(O)c12,[ 0.8792951  1.        -1.         1.         0.9866587]
O=C=Nc1ccc(Cc2ccc(N=C=O)cc2N=C=O)cc1,[-1.  1.  1. -1.  1.]
CCN(CC)S(=O)(=O)c1c(Cl)c(Cl)c(Cl)c2[nH]c(C(F)(F)F)nc12,[-1.         -1.         -1.         -1.          0.96729356]
CNC(=O)ON=C(CSC)C(C)(C)C,[-0.50856733  1.          1.         -0.931166    0.4705218 ]
[NH3+]C(C(=O)NC1C(=O)N2C(C(=O)[O-])=C(CSc3c[n-]nn3)CSC12)c1ccc(O)cc1,[-1.  1. -1.  1. -1.]
Nc1ncnc2c1ncn2[C@@H]1O[C@H](CSCCCNC(=O)Nc2ccccc2)[C@@H](O)[C@H]1O,[-0.6581254   1.         -1.          0.11903804 -0.8698452 ]
Clc1ccncc1,[ 0.9897134  1.        -1.        -1.        -0.4225531]
CCCCN(CCCC)CCCN,[ 1. -1. -1. -1. -1.]
COc1cc2nc(N3CCN(C(=O)C(C)OC)CC3)nc(N)c2cc1OC,[ 1.          1.         -0.9988879  -1.          0.50242674]
CN(C)c1ccc(C=C2C(=O)N=C3c4ccccc4N=CN23)cc1,[-1.  1. -1. -1.  1.]
O=[N+]([O-])c1cc([N+](=O)[O-])c2nc(C(F)(F)F)[nH]c2c1,[ 1.         -1.         -1.         -1.         -0.01172113]
CC[N+](C)(C)c1cccc(O)c1.[Br-],[ 1.         1.        -1.         0.8722962  1.       ]
CN(C)CCC1CCN(c2cc(C(=O)NC[C@H]3CC[C@H](CNC(=O)OCC(C)(C)C)CC3)c3ccccc3n2)CC1,[ 1.  1.  1. -1. -1.]
COC12CCC3(CC1C(C)(O)C(C)(C)C)C1Cc4ccc(O)c5c4C3(CC[NH+]1CC1CC1)C2O5,[ 1.  1. -1. -1. -1.]
CC(C)C[C@H](O)[C@H](O)[C@H](CC1CCCCC1)NC(=O)CCCCCc1ccccc1,[ 1.         1.        -1.        -1.        -0.6970626]
CC(=O)OC1CC(C)OC(C)O1,[-1.         -0.94433486  0.4756641  -1.          1.        ]
COc1cc(C(=O)NC[C@@H](O)CN2CCC(Oc3ccc(Cl)c(Cl)c3)CC2)ccc1N,[-1.         -1.         -1.          1.         -0.02546544]
COC(=O)[C@@H]1C2CCC(C[C@@H]1c1ccc(I)cc1)N2CCCF,[-1.  1. -1. -1.  1.]
c1ccc(-c2nnco2)cc1,[-1.         -0.87417257 -1.         -1.         -1.        ]
CS(=O)(=O)C(Cl)=CCl,[-0.7389757   0.99995625  0.7904254  -1.          1.        ]
COP(=O)(OC)Sc1ccc([N+](=O)[O-])cc1,[ 0.6785855 -1.         0.5696139 -1.         1.       ]
Cc1cnccc1N,[-1.         1.        -1.        -1.         0.6718096]
CCN(CC)c1ccc2c(C)cc(=O)oc2c1,[-0.6948505  1.        -1.        -0.9983385 -1.       ]
O=C1C=CC(=O)N1c1cccc(N2C(=O)C=CC2=O)c1,[-0.65565336  1.         -1.         -0.22526625  1.        ]
C[C@@H]1CN(c2ccc3c(n2)NC(=O)CO3)[C@H](c2ccccc2)CO1,[ 1.  1. -1.  1. -1.]
O=C(Cl)C(Cl)Cl,[-0.94778335 -1.         -0.99452245 -1.         -0.615174  ]
CC(C)NC(=O)c1cnc(N2CCC(N3C(=O)OCc4ccccc43)CC2)c(Cl)c1,[ 0.73909616  1.         -1.         -1.          1.        ]
C=CC(=O)OOCCOC,[ 0.18549705  1.         -1.         -1.         -1.        ]
O=C(CCl)OCC1CC2C=CC1C2,[ 1.          0.5928122   0.46590182  0.91418606 -0.12190311]
Cc1nc(N)cc(SCc2ccc[n+]([O-])c2)n1,[-1.       -1.       -0.921298 -1.        1.      ]
CN(C)C(=O)Nc1ccc(Cl)cc1,[-1.  1. -1. -1. -1.]
CN1CCC(CNc2ccc3ncc(-c4cccc(OC(F)(F)F)c4)n3n2)CC1,[-0.8360701  1.        -1.         1.        -1.       ]
Cc1ccc2c(c1)c(-c1ccnc3c(C)cccc13)c(C)n2CC(=O)O,[ 0.40173453  1.         -1.          0.5553859   0.89271593]
COc1ccc2c(O[C@@H]3C[C@H]4C(=O)N[C@]5(C(=O)NS(=O)(=O)C6CC6)C[C@H]5/C=C\CCCCCN(C)C(=O)[C@@H]4C3)nc(-c3ccccc3)nc2c1C,[ 1.  1. -1. -1. -1.]
COP(=O)(c1cc(C)cc(/C=C/C#N)c1)c1c(C(N)=O)[nH]c2ccc(Cl)cc12,[ 1.          1.         -1.         -1.         -0.76430064]
CCOC(=O)c1c(Cl)cc(Cl)cc1-c1cnc([C@@H](C)NC(=O)C2(NC(=O)C(F)(F)F)CC2)c(F)c1,[ 1.  1. -1. -1. -1.]
CCC1(O)CC(OC2CC(N(C)C)C(OC3CC(O)C(OC4CCC(=O)C(C)O4)C(C)O3)C(C)O2)c2c(cc3c(c2O)C(=O)c2c(O)cccc2C3=O)C1C(=O)OC,[-1.  1. -1. -1.  1.]
CC1=CC(C)(C)Nc2ccc(Cc3ccc4c(c3)C(C)=CC(C)(C)N4)cc21,[ 1.          1.         -1.         -1.          0.38525403]
COc1cnc(-c2cccc(F)c2C(F)(F)CNC(=O)c2ccc(COCC(F)(F)F)nc2)cn1,[ 1.          1.         -1.         -1.          0.47615185]
COCCNC(=O)c1ccc(Nc2ncc3cc(-c4cnccc4C)ccc3n2)cc1,[ 1.  1. -1. -1.  1.]
C1=CC2CCC1C2,[ 0.2322396  1.        -1.        -1.         1.       ]
CCCCCCCCCc1ccc(O)cc1,[ 0.82953113  1.         -1.          1.         -1.        ]
Cc1ccc(C(=O)N(CCCN)[C@@H](c2nc3cc(Cl)ccc3c(=O)n2Cc2ccccc2)C(C)C)cc1,[ 0.6432452   0.00381945 -1.          1.          0.4131983 ]
O=C1C=CC(=O)N1c1ccccc1Cl,[-0.89606434  1.         -1.         -1.          0.82879776]
COP(=S)(OC)SC,[ 0.21689963  1.         -1.         -0.7957089  -0.971324  ]
CC(CC=O)CC(C)(C)C,[ 1.          1.         -0.56252736 -1.         -1.        ]
CCCC(=O)C(CC)Cc1ccccc1,[ 1.          1.         -1.          0.56820506 -0.11145382]
COc1ccc([C@@H]2Sc3ccccc3N(CCN(C)C)C(=O)[C@@H]2OC(C)=O)cc1,[ 1.         -0.58279747 -0.982729   -1.         -0.33851346]
OCC1OC(n2cnc3c2NC=NCC3O)CC1O,[ 0.9993823 -1.        -1.         1.        -1.       ]
NCC[C@H](O)C(=O)N[C@@H]1C[C@H](N)[C@@H](O[C@H]2O[C@H](CN)[C@@H](O)[C@H](O)[C@H]2O)[C@H](O)[C@H]1O[C@H]1O[C@H](CO)[C@@H](O)[C@H](N)[C@H]1O,[ 1. -1. -1. -1. -1.]
Cc1cccc(C(C)c2ccccc2)c1C,[-1.         1.         1.        -1.        -0.8368846]
CC(C)(C)OOC(=O)C(C)(C)C,[ 1.          1.          0.4652468   0.01092547 -1.        ]
O=C1C2CC=CCC2C(=O)N1SC(Cl)(Cl)Cl,[ 0.8707012   1.         -1.         -1.          0.94613385]
COP(=S)(OC)Oc1ccc(C#N)c(C)c1,[-1.  1. -1. -1. -1.]
CCOP(=O)(O)O,[ 0.62175834  1.         -0.96465766 -1.          0.4945811 ]
CCCCOP(=O)(OCCCC)OCCCC,[-1. -1.  1. -1. -1.]
CCOP(=S)(OCC)SCCS(=O)(=O)CC,[ 0.9996842  1.         1.        -1.         0.7627269]
COc1cc(OC)c(S(=O)(=O)N(c2ccccc2)C(C)C)cc1NC(C)=O,[ 1.          1.         -1.         -1.          0.60384876]
CNC(=N)c1cccc(CC(CC(=O)N2CCC(C(=O)O)CC2)NS(=O)(=O)c2ccc3ccccc3c2)c1,[ 1.         -0.77551323 -1.          0.07011302  1.        ]
CCCCC/C=C\C/C=C\CCCCCCCC(=O)OCC/C=C/c1ccc(OC)c(OC)c1,[ 1.  1.  1. -1. -1.]
CN(C)N=Nc1ccc(C(=O)[O-])cc1,[ 0.6709073  -0.08595141 -1.         -1.          0.41759166]
CCOC(=O)c1cn2nc(OP(=S)(OCC)OCC)cc2nc1C,[-1.        -1.        -1.         0.9765363 -1.       ]
Cc1c(CC(=O)O)c2ccccc2n1C(=O)c1ccccc1,[-1.          1.         -1.         -1.         -0.67941636]
O=C(O)COc1ccccc1N1CCC(CN2CCC(Oc3ccc(Cl)c(Cl)c3)CC2)CC1,[ 1.         1.        -1.        -1.         0.9752725]
CNC(=O)ON=C(C)SCC(N)=O,[-0.9400087  1.        -1.         1.         1.       ]
O=c1[nH]c2c(Cl)c(Cl)cc(Cl)c2o1,[-0.70546716  1.         -1.         -1.         -1.        ]
N[C@@H]1CCCN(c2c(Cl)cccc2/C=C2\SC(=O)NC2=O)C1,[-0.9950212   1.         -1.          1.          0.95622987]
C[N+]1(C)[C@H]2CC(OC(=O)[C@H](CO)c3ccccc3)C[C@H]1C1OC12.[Br-],[-1.  1. -1. -1.  1.]
CN1CC(O)N(c2nnc(C(C)(C)C)s2)C1=O,[-0.6748565   1.         -1.         -1.          0.28463537]
COC(N)=O,[ 0.626966   -0.4169865  -1.         -1.          0.21091332]
Cc1cccnc1NS(=O)(=O)c1ccc(C#Cc2ccc(O)c(C(=O)[O-])c2)cc1,[-1.         -0.39235827  0.96658504 -1.          0.43703482]
O=C(Cl)CCCC(=O)Cl,[ 1.  1.  1. -1. -1.]
CNC(=O)C(Cl)C(C)=O,[-0.9455199  1.        -1.         0.7790409 -1.       ]
CNC(=O)c1cc(-c2ccccc2)ccc1OCCO,[-0.13622992 -1.          1.         -1.         -1.        ]
COCc1ccccc1,[ 1. -1. -1. -1.  1.]
CNC(=O)c1ccc(Cl)c(S(=O)(=O)NC)c1,[ 1.         1.        -1.         0.9978822  0.6622111]
O=P(O)(O)OC(Cn1cncn1)(Cn1cncn1)c1ccc(F)cc1F,[-1.         1.         0.7822673 -1.        -0.8270274]
CC(=Cc1ccccc1)CC(=O)NC1CCCCC1,[-0.9915721   0.8754699  -1.         -1.          0.14328298]
O=C(Nc1ccc(Br)cc1)c1cc(Br)ccc1O,[ 0.9311278  -0.7253002  -1.         -0.53473526  0.06789188]
COC(=O)c1c(C(F)F)nc(C(F)(F)F)c(C(=O)OC)c1CC(C)C,[-1.         -0.35507128  0.30479148 -1.          1.        ]
CC(C)(C)c1cc(Cl)cc(Sc2cc(Cl)cc(C(C)(C)C)c2O)c1O,[ 1.  1. -1. -1. -1.]
Cc1cc(C)c(C2=C(OC(=O)C(C)(C)C)c3ccccc3C2=O)c(C)c1,[ 1.  1. -1. -1. -1.]
COC1C=COC2(C)Oc3c(C)c(O)c4c(O)c(c(C=NN5CCN(C)CC5)c(O)c4c3C2=O)NC(=O)C(C)=CC=CC(C)C(O)C(C)C(O)C(C)C(OC(C)=O)C1C,[-0.8837869   0.93860817 -1.         -1.         -1.        ]
CC(C)COc1ccc2ccccc2c1,[ 1.         1.        -1.        -1.         0.9320199]
O=C1CCCN1CCCCN1CCN(c2cc(C(F)(F)F)ccn2)CC1,[-1.          1.         -0.78290004 -1.         -0.73792344]
CO[Si](CCCNCCC[Si](OC)(OC)OC)(OC)OC,[ 0.73481804 -0.88850576  0.173299   -1.         -0.3605687 ]
O=C(Nc1c(Cl)c(Cl)c(Cl)c2[nH]c(C(F)(F)F)nc12)c1ccccc1,[-1.  1. -1. -1.  1.]
NCCCCCCC(=O)O,[-1.  1. -1.  1. -1.]
CC(=O)OCc1ccc(C(C)C)cc1,[-1.         -0.95691067 -1.          0.9890164   1.        ]
C[NH+](C)C1CCN(C(=O)c2ccc(NC(=O)Nc3ccc(-c4nc(N5CCOCC5)nc(N5CCOCC5)n4)cc3)cc2)CC1,[-1.          1.          1.         -1.         -0.78228754]
O=C(O)c1cc(Oc2ccc(C(F)(F)F)cc2Cl)ccc1[N+](=O)[O-],[ 1. -1. -1. -1.  1.]
CC(C)(C)c1ccc2[nH]c(C(F)(F)F)nc2c1,[ 1.         0.9991366 -1.        -1.        -1.       ]
COC1C=COC2(C)Oc3c(C)c(O)c4c(O)c(c5nc6ccccc6nc5c4c3C2=O)NC(=O)C(C)=CC=CC(C)C(O)C(C)C(O)C(C)C(OC(C)=O)C1C,[-1.         1.        -1.        -1.         0.6416209]
C=CCl,[-1. -1. -1.  1. -1.]
C=CCN1CCCC1=Nc1ccc(Cl)c(Cl)c1,[ 1. -1. -1. -1.  1.]
C[NH2+]CC[C@@H](O)[C@@H]1C[C@H](SC2=C(C(=O)[O-])N3C(=O)[C@H]([C@@H](C)O)[C@H]3[C@H]2C)CN1,[ 1.        -1.        -1.        -1.         0.8544756]
Cc1ccc(Cc2ccc(C)cc2)cc1,[ 1.  1.  1.  1. -1.]
CCOP(=S)(OCC)Oc1ccc(C#N)cc1,[-1.          1.         -0.98933834 -0.96252334  0.7581403 ]
CC(C)=NNC(N)=S,[-1.         1.        -1.        -1.         0.9981185]
CN1CCN(CCCN2c3ccccc3Sc3ccccc32)CC1,[ 0.8757712  1.        -0.7747159 -1.         0.3270572]
O=[N+]([O-])c1cccc(C(F)(F)F)c1,[ 1.        -1.         1.        -1.        -0.8160485]
Cc1ccc2ccc(=O)oc2c1,[ 1.  1. -1. -1. -1.]
CCSCCSP(=O)(OC)OC,[-1. -1. -1. -1.  1.]
C=C(C)C(=O)OCCOCCOCCOC(=O)C(=C)C,[-1.  1. -1. -1.  1.]
Oc1ccc(Cl)c(O)c1,[-1.         1.        -1.         0.8771563  0.5313369]
c1c[nH]cn1,[-0.14806868  1.          1.         -1.          0.5378297 ]
CCCSP(=S)(OCC)Oc1ccc(Cl)cc1Cl,[ 1.          1.         -1.          1.          0.99977237]
C[NH+](CCC(=O)/C=C/c1ccc(O)cc1)CCc1ccc2c(c1)OCO2,[ 0.70163  1.      -1.       1.       1.     ]
CC[C@H](CO)Nc1nc(SCc2ccccc2)nc2[nH]c(=O)sc12,[ 0.8911035  0.5357675 -1.        -1.        -1.       ]
CC(=O)SCC(=O)Nc1nc2ccccc2s1,[ 1.  1. -1. -1.  1.]
CNS(=O)(=O)CCNC(=O)N(CCCl)N=O,[ 0.5732551   1.          1.         -1.         -0.14771594]
CCCCCCCC(=O)Oc1c(I)cc(C#N)cc1I,[ 0.999932    1.         -1.         -1.          0.89657813]
CC(=Cc1ccccc1)CO,[-1. -1. -1. -1. -1.]
O=C(O)C(Cl)(Cl)Cl,[ 1.          0.7426535  -0.40259546  1.          0.2552607 ]
CCCCOC(=O)c1ccccc1O,[-1.         1.        -1.        -1.         0.6787643]
O=C(NC1CCN(CCc2c[nH]c3ccccc23)CC1)c1ccccc1,[ 1.  1. -1.  1. -1.]
Nc1ccn([C@H]2CC[C@@H](CO)O2)c(=O)n1,[ 1.         -0.17481863 -1.         -1.          1.        ]
CCC1NC(=O)c2cc(N)ccc2O1,[ 1.         -1.         -1.          0.67799413 -1.        ]
CN(CCCl)N=O,[ 1.  1.  1. -1. -1.]
COc1cccc(C=Nc2c(C)n(C)n(-c3ccccc3)c2=O)c1,[-0.7723828  -1.         -1.         -1.          0.36091208]
CC=CC=CCOCCC#N,[ 1.  1. -1. -1.  1.]
CC1(C)S[C@@H]2[C@H](NC(=O)[C@H](C(=O)O)c3ccsc3)C(=O)N2[C@H]1C(=O)O,[ 0.67812836  1.         -1.          1.          0.71065027]
CCCCc1c(C)nc(NCC)nc1OS(=O)(=O)N(C)C,[-1.         1.         1.        -1.        -0.5715732]
CN1CCN(C)C1=O,[ 1.         -1.          1.          0.08781868  0.13000922]
CCCN(CCC)c1c([N+](=O)[O-])cc(C(F)(F)F)cc1[N+](=O)[O-],[-1.         -0.06926251 -0.7370251  -1.          0.33550572]
COc1cc(O)c(S(=O)(=O)N2c3ccccc3CCC2C)cc1NC(=O)CCC(=O)O,[ 1.         1.        -0.5348018 -1.        -1.       ]
CCOP(=O)(OCC)SCN1C(=O)c2ccccc2C1=O,[ 1.  1.  1. -1. -1.]
CCOP(=O)(OCC)OC(C)=CC(=O)OC(C)c1ccccc1,[-1.          1.         -0.98717684  1.         -0.74251854]
CCOP(=S)(Oc1cnn(C)c(=O)c1SCC)OC(C)C,[ 1.         -1.         -1.         -1.          0.19095407]
CC(=S)NC[C@H]1CN(c2ccc(-c3nnc(CN)s3)c(F)c2)C(=O)O1,[ 1.          1.         -1.          0.2530435   0.31388503]
CCCCCC(O)/C=C/C1C(O)CC(=O)C1CCCCCCC(=O)[O-],[1. 1. 1. 1. 1.]
CC(Oc1ccc(Oc2ncc(Cl)cc2Cl)cc1)C(=O)N1CCCO1,[ 1.         -0.20246634 -0.00493107 -1.         -0.11157985]
CC(=O)OC(C)=O,[-1.        -1.        -1.        -1.        -0.5807166]
CCC1=C[C@@H]2CN(C1)Cc1c([nH]c3ccccc13)[C@@](C(=O)OC)(c1cc3c(cc1OC)N(C)[C@H]1[C@@](O)(C(=O)OC)[C@H](OC(C)=O)[C@]4(CC)C=CCN5CC[C@]31[C@@H]54)C2,[ 1.  1. -1. -1. -1.]
CN1[C@H]2CC[C@@H]1CC(OC(=O)C(CO)c1ccccc1)C2,[-1.          1.         -1.          1.         -0.55835587]
Cc1ccc(C)cc1,[ 1.  1. -1.  1.  1.]
COc1c(N2CC[NH2+]C(C)C2)c(F)cc2c(=O)c(C(=O)[O-])cn(C3CC3)c12,[ 1.  1. -1.  1. -1.]
ClCCSCCCl,[ 1. -1.  1. -1.  1.]
NC(Cc1c[nH]c2ccc(O)cc12)C(=O)O,[ 1.  1. -1. -1.  1.]
Cc1cc(Cl)ccc1N,[-0.40006828  1.         -1.         -1.         -0.01066202]
CO/N=C(/C(=O)NC1C(=O)N2C(C(=O)[O-])=C(COC(C)=O)CSC12)c1csc(N)n1,[ 0.3470724   1.         -1.          0.50204337  0.80509466]
CCOc1cc2ncc(C(N)=O)c(Nc3cccc(Cl)c3Cl)c2cc1N1CCN(CCO)CC1,[ 1.         -0.23302428 -0.9328635   1.         -1.        ]
Nc1ccc(Cl)cc1,[-1.         -1.         -1.         -1.          0.05176555]
Cc1cc(Cl)ccc1OC1CCN(C[C@H](O)CNC(=O)c2c[nH]nc2C(F)(F)F)CC1,[-1. -1.  1.  1. -1.]
COP(=O)(OC)SC(C)C,[-1.          0.32074493 -1.         -1.         -1.        ]
CCN(CC)C(=O)N[C@H]1C=C2c3cccc4[nH]cc(c34)C[C@H]2N(C)C1,[-0.5022586  1.        -1.         1.         1.       ]
CCC(C)CCCCC(=O)NC(CCN)C(=O)NC(C(=O)NC(CCN)C(=O)NC1CCNC(=O)C(C(C)O)NC(=O)C(CCN)NC(=O)C(CCN)NC(=O)C(C(C)O)NC(=O)C(CC(C)C)NC(=O)C(CCN)NC1=O)C(C)O,[ 1.  1. -1.  1.  1.]
C=CN(C)C(C)=O,[ 1.          1.         -1.         -0.23857678 -0.33208123]
COC(=O)c1c(Cl)cc(Cl)cc1-c1cnc([C@@H](C)NC(=O)C2(NC(=O)C(F)(F)F)CC2)c(F)c1,[ 1.         -0.78179026 -1.         -1.          0.933753  ]
Cc1c[nH]c2c(O)cc3c(c12)C(CCl)CN3C(=O)c1cc2cc(NC(=O)Nc3ccc4[nH]c(C(=O)N5CC(CCl)c6c5cc(O)c5[nH]cc(C)c65)cc4c3)ccc2[nH]1,[-0.16521886  1.         -1.          0.7060479   1.        ]
NC(=O)c1nc[nH]c1N=NN(CCCl)CCCl,[ 1.        -0.7633145  1.        -1.         1.       ]
CCCCN1CCOCC1,[-1.  1. -1. -1. -1.]
CC1(C)SC2C([NH+]=CN3CCCCCC3)C(=O)N2C1C(=O)[O-],[-0.9650855  1.        -1.        -1.        -1.       ]
CN(N=O)C(=N)N[N+](=O)[O-],[-0.99930716  1.         -1.         -1.         -0.5969648 ]
C=CCc1cc(OC)c(OC(C)C(O)c2cc(O)cc(OC)c2)c(OC)c1,[-1.  1. -1. -1.  1.]
Cc1cc(Nc2nc(N[C@@H](C)c3ncc(F)cn3)ncc2Br)n[nH]1,[-1.        -1.        -1.        -1.        -0.5335512]
COc1ccc(-c2oc3c(CC=C(C)C)c(O)cc(O)c3c(=O)c2O[C@H]2O[C@H](C)[C@@H](O)[C@H](O)[C@@H]2O)cc1,[ 1.         -1.         -1.         -1.          0.02395376]
Cn1c(COP(=O)(NCCBr)NCCBr)cnc1[N+](=O)[O-],[ 0.76156384  1.          0.8244172  -1.         -0.3355172 ]
C=C1c2c(Cl)ccc(O)c2C(=O)C2=C(O)C3(O)C(=O)C(C(N)=O)=C(O)C(N(C)C)C3C(O)C12,[ 1.         -1.          0.04862152 -1.         -1.        ]
CN(C(=O)CF)c1cccc2ccccc12,[ 1.          1.         -1.         -0.92042047  0.6771873 ]
CP(C)(=O)CN1C(=O)CN=C(c2ccccc2)c2cc(Cl)ccc21,[-1. -1. -1. -1.  1.]
CC(O)C1C(=O)N2C(C(=O)[O-])=C(SC3C[NH2+]C(C(=O)N(C)C)C3)C(C)C12,[-1.         1.        -1.        -1.        -0.9998107]
Cc1onc(-c2c(Cl)cccc2Cl)c1CC(=O)NCc1ccc(OCC(F)(F)F)nc1,[ 0.5671032  1.         1.         1.        -1.       ]
COC(=O)CCC(Cl)C(C)=O,[ 1.          1.         -1.         -1.          0.82575405]
CC=CCOCN(C(=O)CCl)c1c(CC)cccc1CC,[ 1.         1.        -1.        -1.        -0.9129058]
CCC(CC)CN,[ 0.96219707  1.         -1.         -1.          1.        ]
C=CC(=O)OCCOC(=O)c1ccc(C(=O)O)cc1C(=O)O,[ 0.6301824   1.          0.51722544 -1.         -0.09832058]
Cc1cc(NC(O)=C2C(=O)c3ccccc3S(=O)(=O)N2C)no1,[-1.         0.2624893 -1.        -1.        -0.8963283]
O=P(OCCCl)(OCCCl)OC1CC(C(Br)CBr)CCC1Cl,[-1.         -0.18854363  0.5742849  -1.          1.        ]
O=C1CCc2cc(C=CCN3CCN(c4cccc(Cl)c4)CC3)ccc2N1,[-1.          0.18394588  1.         -1.          1.        ]
CCC(C(C)O)n1ncn(-c2ccc(N3CCN(c4ccc(OCC5COC(Cn6cncn6)(c6ccc(F)cc6F)C5)cc4)CC3)cc2)c1=O,[ 1.  1.  1. -1. -1.]
CS(=O)(=O)F,[ 1.         -1.         -1.         -1.          0.75707906]
CCN(CC)CCNC(=O)c1ccc(N)cc1,[-1.         -1.          0.3946663  -1.          0.31609842]
CCOC1CC(C)C=CO1,[ 0.9285013   1.         -1.         -1.          0.38611573]
O=NN1CCCOC1,[-1.        -0.7665528 -1.         1.        -1.       ]
O=C(Cl)CCCCCCCCC(=O)Cl,[ 1.         1.        -1.        -1.        -0.9821848]
CCCCCN(C)CCC(O)(P(=O)(O)O)P(=O)(O)O,[-1. -1.  1.  1.  1.]
CCCCCC(C=Cn1ccnc1)OCc1ccccc1,[ 0.16523518  1.          1.         -1.          1.        ]
CC1OC(OC2C(O)C(O)C(O)C(O)C2O)C(N)CC1NC(=N)C(=O)O,[-0.7132317  1.        -1.        -0.888921  -0.6686242]
CCCCCCCCCOC(=O)C1=CNC=C(C(=O)NC2CCCC2)C1c1ccccc1[N+](=O)[O-],[ 1.          0.20119072 -0.18518156  1.          1.        ]
CC1CCCC(C)N1CCCNc1n[nH]c2ccccc12,[-0.7632052  1.         0.7184731  0.9923485 -1.       ]
CCOP(=S)(OCC)SCn1c(=O)oc2ccccc21,[-1.          1.         -1.          0.35250136  0.6290438 ]
CC1COC(Cn2cncn2)(c2ccc(Oc3ccc(Cl)cc3)cc2Cl)O1,[-0.946696  1.       -1.       -1.       -1.      ]
CC1(C)C(C=C(Cl)Cl)C1C(=O)OC(C#N)c1cccc(Oc2ccccc2)n1,[ 0.28945315  1.         -1.         -1.          0.34691048]
O=C(O)c1ccccc1N1CCC(CN2CCC(Oc3ccc(Cl)c(Cl)c3)CC2)CC1,[ 0.6664596 -1.        -1.        -1.         0.8650447]
Cc1ccc(OC(=O)C(C)C)cc1,[-1.        -1.         0.8191626 -1.         0.983208 ]
CCOC(=O)c1cnc2c(N)cccc2c1O,[ 1.         -1.         -1.          0.41399664  1.        ]
CC(C)(C)C1CCC(O)CC1,[ 1.         0.9949286 -1.         1.        -1.       ]
CC1(C)SC2C(NC(=O)C(NC(=O)NC(N)=[NH2+])c3ccccc3)C(=O)N2C1C(=O)[O-],[-0.51718366 -0.08063871 -1.         -1.         -0.74557227]
C[C@@H](NC(=O)[C@H]1CCCNC1)c1ccc(Nc2ncc3cc(-c4ccncc4)ccc3n2)cc1,[-1.        -1.        -1.        -1.         0.9593445]
CC1(C)C(C=NOCc2ccco2)C1C(=O)OC(C#N)c1cccc(Oc2ccccc2)c1,[-0.93248343  1.         -0.09441599 -1.          0.9597727 ]
CCN(COC)N=O,[-1. -1. -1.  1. -1.]
CCOP(=S)(OCC)Oc1cc(C)n(CC)c(=O)c1,[ 1.         -0.63480955  0.6096805  -1.         -1.        ]
O=Cc1ccccc1Cl,[-1.  1. -1.  1. -1.]
CCOC(=O)C(CCc1ccccc1)NC(C)C(=O)N1C(C(=O)O)CC2CCCCC21,[-1.         1.        -1.        -1.        -0.5551821]
CCC(=O)CC(C)CC,[ 0.6635445   1.          1.         -1.          0.02214297]
Fc1ccc(-c2cnc(C3CCN(Cc4ccn(-c5ccc(C(F)(F)F)cc5)c4)CC3)[nH]2)cc1,[-1.          0.97446823  1.          1.         -1.        ]
O=C(CN1CC1)NCCCCCCCCNC(=O)CN1CC1,[ 1.          1.          0.34295043 -1.          0.43821886]
NC(=O)C1c2ccccc2CCc2ccccc21,[-1.          1.         -0.16906929 -1.          1.        ]
Nc1nc(/C(=N\O)C(=O)NC2C(=O)N3C(C(=O)[O-])=C(/C=C4\CCN(C5CC[NH2+]C5)C4=O)CSC23)ns1,[ 1.          0.37135112 -1.         -1.          1.        ]
CC(O)C1C(=O)N2C(C(=O)[O-])=C(SC3CNC(C(=O)Nc4cccc(C(=O)[O-])c4)C3)C(C)C12,[ 1.          0.19905216  0.30248657 -0.26323357 -0.46232224]
Cc1cc(Cl)ccc1OCCCC(=O)O,[-1.  1. -1. -1. -1.]
N[C@H]1[C@H](O)[C@@H](CO)O[C@H](O[C@@H]2[C@@H](O)[C@H](O[C@H]3O[C@H](C[NH3+])CC[C@H]3[NH3+])[C@@H](N)C[C@H]2NC(=O)[C@@H](O)CC[NH3+])[C@@H]1O,[-1.         1.        -1.        -1.         0.9260312]
CCCCP(=S)(CCCC)CCCC,[ 1.      -1.      -1.       1.       0.74275]
CCCCOc1c(Cl)c(Cl)c(Cl)c(Cl)c1Cl,[-1.        -1.        -1.        -1.        -0.4150128]
O=C(O)CC(O)(CC(=O)O)C(=O)O,[ 1.  1. -1.  1. -1.]
COc1cc2c(c3oc4cccc(O)c4c(=O)c13)C1C=COC1O2,[ 1. -1.  1. -1.  1.]
C[C@@](C(=O)O[C@H]1C[N+]2(CCc3ccccc3F)CCC1CC2)(c1ccccc1)N1CCCCC1,[ 1.         -0.28251138  1.         -0.90686345 -0.8658705 ]
O=C(c1ccccc1)c1ccc(O)cc1O,[ 0.99938595  1.         -1.         -1.          1.        ]
CC(C)Oc1cc(Nc2nc(N[C@@H](C)c3ccc(F)cn3)nc(OC(CO)CO)c2Cl)n[nH]1,[-1.         1.         0.9891409 -1.        -1.       ]
CC1=C2C[C@H]3[C@@H](CC=C4C[C@@H](O)CC[C@@]43C)[C@@H]2CC[C@]12O[C@@H]1C[C@H](C)CN[C@H]1[C@H]2C,[-0.99997693 -1.         -1.         -1.          1.        ]
CC(C)(C)C(=O)COc1ccc(Cl)cc1,[-1.  1.  1. -1. -1.]
CCCSc1nc(N[C@@H]2C[C@H]2c2ccccc2)c2nnn([C@@H]3C[C@H](CO)[C@@H](O)[C@H]3O)c2n1,[-1.          0.9713583  -1.         -1.         -0.02201928]
COc1cnc(-c2ccccn2)nc1NC1CCCC1,[ 0.71932757  0.98547083 -1.         -1.          1.        ]
C[C@@H]1NC(=O)[C@@H](C)NC(=O)[C@@H](C)N(C)C(=O)[C@H](C)N(C)C(=O)[C@H](C)N(C)C(=O)[C@@H](C)N(C)C1=O,[ 0.02250598 -1.         -1.         -1.          0.32465443]
Cc1cn([C@H]2CCCN(S(=O)(=O)c3ccc(O)c(Oc4ccc(Cl)cc4)c3)C2)c(=O)[nH]c1=O,[ 1.  1.  1. -1.  1.]
CCOC(=O)CC(CC(=O)OCC)(OC(C)=O)C(=O)OCC,[ 1.         -1.         -1.          0.99779993 -0.96196806]
O=c1[c-](CC[S@](=O)c2ccccc2)c(=O)n(-c2ccccc2)n1-c1ccccc1,[ 1.         -1.         -1.         -1.         -0.13091114]
CCCC(=O)OC(=O)CCC,[ 1.          1.          1.         -0.99997365 -1.        ]
CCOc1ccccc1N1CCN(CC=Cc2ccc3c(c2)CCC(=O)N3)CC1,[-0.8910218  -0.1979767   0.8711506  -1.          0.13788559]
CN1CCN(CCC(=O)NN=Cc2ccc([N+](=O)[O-])o2)CC1,[-0.38780376  1.         -0.94188905 -0.9526785   0.26367426]
Cn1cnc(S(=O)(=O)N(CCN(Cc2cncn2C)c2ccc(C#N)cc2)Cc2ccccc2)c1,[ 1.         -1.          0.39639524 -1.         -1.        ]
CCCN(CCC)C(=O)C(Cc1ccc(OCCN(CC)CC)cc1)NC(=O)c1ccccc1,[-1.  1. -1.  1. -1.]
O=C1NCC2(CCN(CCc3ccccc3)CC2)O1,[-1.         -0.95634854  1.         -1.          0.99999964]
O=C(NC1(C(=O)N[C@H](Cc2ccccc2)C(=O)NCCC(=O)N2CCN(CC3CCOCC3)CC2)CCCC1)c1cc2ccccc2s1,[ 1. -1. -1. -1.  1.]
O=C(Nc1cccc(C(F)(F)F)c1)c1nscc1NCc1ccncc1,[-1.         -0.60494953  0.4212985  -1.         -0.90771747]
C=CC(C)=CCCC(C)(C)O,[-1.         -0.64802015  1.         -1.          0.41111594]
O=C1C(=C(Cl)Cl)C(=O)C2(Cl)C3C=CC(C3)C12Cl,[ 0.91553116  1.         -1.          1.         -0.6306723 ]
CN(c1nc2ccccc2s1)C1CCN(CCCCOc2ccc(F)cc2)CC1,[-1.          1.         -1.          1.          0.21681836]
COC(=O)Nc1nc2ccccc2n1C(=O)NCCCCCC#N,[ 1.          1.          1.         -0.99197876  1.        ]
Cc1c(Sc2ccc(Cl)cc2)c2c(NS(C)(=O)=O)cccc2n1CC(=O)O,[-1. -1. -1. -1. -1.]
CC(=O)CCCOC(C)=O,[-1.          1.         -0.98752856 -1.          1.        ]
COC(Cc1ccccc1)OC,[ 0.944626    1.          0.76975197 -1.          1.        ]
O=C(O)Cn1c(=O)n(Cc2ccc(Br)cc2F)c(=O)c2ccc(Cl)cc21,[ 0.98310244 -1.          1.         -1.         -1.        ]
C[N+](C)([O-])CCC=C1c2ccccc2CCc2ccccc21,[ 1.  1. -1. -1. -1.]
O=C(NC(=O)c1c(F)cccc1F)Nc1ccc(Cl)cc1,[-1.         -1.         -0.64542556 -1.         -0.16611508]
CC1(C)C2CCC1(C)C(O)C2,[-1.         1.        -1.        -1.        -0.7238489]
Cc1ccc(NC(=O)c2cccc(C(C)(C)C#N)c2)cc1Nc1ccc2ncn(C)c(=O)c2c1,[-0.95408577  1.         -1.         -1.          0.9226149 ]
CC1(C)COCCO1,[-1.         1.        -1.        -1.        -0.6547972]
FC(F)(F)c1nc2c(Cl)c(Br)c(Cl)cc2[nH]1,[ 1.  1.  1. -1. -1.]
C/C(=C\c1csc(C)n1)[C@@H]1C[C@@H]2O[C@]2(C)CCC[C@H](C)[C@H](O)[C@@H](C)C(=O)C(C)(C)[C@@H](O)CC(=O)N1,[-1.        -1.         1.         0.5836438  1.       ]
CN(C)CCC[N+]1([O-])c2ccccc2CCc2ccccc21,[ 1.         -0.47919297  1.          1.         -1.        ]
CCCCNC(=S)N(CCCC)CCCC,[ 1.          0.99875945 -0.29285327 -1.          0.07285454]
NCC(CC(=O)O)c1ccc(Cl)cc1,[ 0.77855027  1.         -0.9879884  -1.         -1.        ]
CC(=O)N(CC(O)CN(C(C)=O)c1c(I)c(C(=O)NCC(O)CO)c(I)c(C(=O)NCC(O)CO)c1I)c1c(I)c(C(=O)NCC(O)CO)c(I)c(C(=O)NCC(O)CO)c1I,[ 0.5231259  -0.5154014   0.00676823 -1.         -0.93823224]
CNC(=O)ON=C(SCC(N)=O)C(C)(C)C,[ 1.         1.        -1.        -0.9980865  1.       ]
C=C[Si](Cl)(Cl)CC,[-1. -1. -1. -1. -1.]
CC(O)COC(=O)CBr,[-0.69837826  1.         -1.         -1.          1.        ]
CC(C)[C@H](NC(=O)CCN(C)C)c1cc(Cl)ccc1N1CCN(C(=O)[C@H](C)Cc2ccc(Cl)cc2)CC1,[ 0.39181098  1.         -1.          0.9962358   0.24390225]
COCCOC(=O)C1=C(C)NC(C)=C(C(=O)OCC=Cc2ccccc2)C1c1cccc([N+](=O)[O-])c1,[-1.          1.          0.99988496 -0.9890196   1.        ]
CO[Si](C)(OC)OC,[ 1. -1. -1.  1.  1.]
O=[N+]([O-])C(Br)(Br)CO,[ 0.9806222  1.         1.         1.        -1.       ]
CCCCCOc1ccc(C2SC(=O)NC2=O)cc1OCC,[ 1.        -1.        -1.        -1.        -0.9993798]
CCCCOC(=O)CC(C(=O)OCCCC)P(=O)(OCCCC)OCCCC,[ 1.  1. -1. -1. -1.]
CC(C)[N+]1(C)C2CCC1CC(OC(=O)C(CO)c1ccccc1)C2,[-1.  1. -1.  1. -1.]
CNC(=O)[C@@H](Cc1ccccc1)NC(=O)[C@@H](Cc1ccccc1)NC(C)=O,[-1.         -0.46922454  0.67124546 -1.         -1.        ]
C=CCOC(=O)c1ccc(C(=O)OCC=C)c(C(=O)OCC=C)c1,[-0.9124273  1.        -1.        -0.9785178  1.       ]
COc1cc(Cc2cnc(N)nc2N)cc(OC)c1N(C)C,[ 1.          1.         -1.          1.         -0.82724005]
CC1CS(=O)(=O)CCN1N=Cc1ccc([N+](=O)[O-])o1,[-0.4972539  1.        -1.        -1.         0.7212554]
CC[C@H](c1ccc(C(=O)O)c(Oc2cccc(Cl)c2)c1)N1CCC[C@H](n2cc(C)c(=O)[nH]c2=O)C1,[-0.9950816  1.        -1.         1.        -0.6933937]
CC(C)(C)c1ccc(OCC(O)COc2ccc(C(=O)O)cc2)cc1,[ 1.         1.        -0.9951922 -1.        -0.7434526]
CC(C)CCC(C)Nc1ccc(Nc2ccccc2)cc1,[ 0.9381712 -1.        -1.        -1.         1.       ]
C=CCOC(=O)CC(C)C,[ 1.          0.5358827  -0.9855871   1.          0.98297334]
c1ccc(CCc2ccccc2)cc1,[ 1.          1.         -1.          0.48762774  0.35494155]
N#Cc1cc(-c2n[nH]c(-c3ccncc3)n2)ccn1,[ 1.         -0.68672955  1.         -1.         -1.        ]
c1ccc(P(c2ccccc2)c2ccccc2)cc1,[ 1.  1. -1. -1.  1.]
Cc1c(Cl)cccc1CC(Cl)C#N,[-0.45224172 -1.         -1.          1.          0.15793633]
CCCCCOc1ccc(Br)cc1COCCN(CC)CC,[-0.2149918 -1.        -1.        -1.        -0.6898355]
O=C1OCC(CCl)O1,[-1.  1. -1. -1. -1.]
CC(=CC(=O)O)C1CCCCC1,[ 1.         1.        -1.         1.         0.9412947]
O=[N+]([O-])c1ccc(C=Cc2ccc([N+](=O)[O-])cc2S(=O)(=O)O)c(S(=O)(=O)O)c1,[-1.          1.         -1.          0.73539746  0.92178994]
C[NH+]1CCN2c3ncccc3Cc3ccccc3C2C1,[-0.6331674 -1.        -1.        -1.        -1.       ]
C=CC(N)=O,[-1.          1.         -0.09123069 -1.         -0.63113   ]
COc1ccccc1[N+](=O)[O-],[-1.  1. -1. -1.  1.]
CC(Cl)Cl,[ 1.          1.         -1.          1.          0.97771066]
NC(=O)c1ccc(Oc2cccc3cccnc23)c([N+](=O)[O-])c1,[ 1.         -1.         -1.          1.          0.75752974]
CN1C(=N)N[C@](C)(c2cc(-c3cccc(C#N)c3)cs2)CC1=O,[ 0.9229635  1.        -1.         0.5070247 -1.       ]
O=C(O)c1ccccc1-c1ccccc1CO,[ 0.3424303   1.         -1.         -1.          0.49161124]
c1ccc(Cc2ccccc2)cc1,[-0.08211269  1.          1.         -1.          0.04931355]
Nc1ccc(C=Cc2ccc([N+](=O)[O-])cc2S(=O)(=O)O)c(S(=O)(=O)O)c1,[-1.        -0.5454324 -0.7584909 -1.         0.3448412]
CCC(=O)OCCCCCOC(=O)CC,[-1.         -0.37746534 -1.         -1.          1.        ]
CCC1=C(C)CN(C(=O)NCCc2ccc(S(=O)(=O)NC(=O)N[C@H]3CC[C@H](C)CC3)cc2)C1=O,[ 0.97787094  1.         -1.         -1.          1.        ]
CCn1c(=O)c2ccccc2n(-c2cccc(C(F)(F)F)c2)c1=O,[-1.         -0.20796493 -1.         -1.         -1.        ]
CNC(=O)Oc1ccccc1C(OC)OC,[ 0.92634827  1.         -0.42921805 -1.         -0.7060941 ]
COc1ccc(Cc2c(N)n[nH]c2N)cc1,[ 1.         1.        -1.         0.2666564  0.2368998]
CCOC(=O)C1CCCCC1,[ 1. -1. -1. -1.  1.]
CCCCCNC(=[NH2+])N/N=C/c1c[nH]c2ccc(OC)cc12,[ 1.         1.        -1.        -1.         0.8582363]
CCCCCCCCCCCO,[ 1.          1.          0.75271827 -1.          1.        ]
O=[N+]([O-])OC1COC2C(O)COC12,[ 0.83026075  1.         -1.         -1.          0.27343974]
Cc1nc2sccn2c1C=NNC(=O)CN(C)C,[-0.7277834   1.         -0.8344168  -1.         -0.40421855]
CCOc1ccc2ccccc2c1C(=O)N[C@@H]1C(=O)N2[C@@H](C(=O)O)C(C)(C)S[C@H]12,[-0.64301527  1.         -1.         -1.          0.6132356 ]
C=CCOC=CCOC(C)=O,[ 0.99149084 -1.         -1.         -1.          0.88995034]
CC1CNCC(C)O1,[-1. -1. -1.  1.  1.]
C[NH+](C)CCc1c[nH]c2ccc(Cn3cncn3)cc12,[-0.7025581  1.        -1.        -1.        -1.       ]
FC(F)(F)c1cccc(CNC2=NCCS2)c1,[-1.  1. -1. -1. -1.]
C[C@H](CO)Nc1nc(SCc2cccc(F)c2F)nc2nc(NC3CC3)sc12,[-1.  1. -1. -1. -1.]
CO[C@H]1C[C@H](O[C@H]2CC[C@]3(C=O)[C@H]4CC[C@]5(C)[C@@H](C6=CC(=O)OC6)CC[C@]5(O)[C@@H]4CC[C@]3(O)C2)O[C@H](C)[C@H]1O,[ 0.9937053   1.         -0.91981125 -1.          1.        ]
O=C(O)COc1ccc(Cl)cc1Cl,[-1.        -0.9772624  1.        -1.         0.8632208]
Nc1ccn(C2CCC(CO)O2)c(=O)n1,[-0.8820251 -1.         0.5146394 -1.         0.8376245]
COc1cc(C(Cl)(Cl)Cl)cc(Cl)n1,[-0.09971541  1.         -1.         -1.          1.        ]
O=C(Oc1ccccc1)n1c(C(F)(F)F)nc2cc(Cl)c(Cl)cc21,[ 1.          1.         -0.04992487 -1.         -0.8363825 ]
O=C1OC(OC2OC(=O)C(Cl)=C2Cl)C(Cl)=C1Cl,[-1.         1.         1.         1.         0.6319853]
C=CN(C)N=O,[-0.3587256   1.          0.65019536 -0.8615371   1.        ]
C[C@H]1CN(c2c(F)c(N)c3c(=O)c(C(=O)O)cn(C4CC4)c3c2F)C[C@@H](C)N1,[ 0.7512139   1.         -1.          0.31612045  0.50275517]
CC(Cl)COP(=O)(OCC(C)Cl)OCC(C)Cl,[-1.         -0.47269282  1.         -1.         -1.        ]
CCCCCC(C=O)=Cc1ccccc1,[-1.          1.          1.          1.          0.90055305]
N=C(N)c1cccc(CC(CC(=O)N2CCNCC2)NS(=O)(=O)c2ccc3ccccc3c2)c1,[-0.6688436  -1.          1.          0.23716572 -1.        ]
c1coc(COCc2ccco2)c1,[ 1. -1. -1. -1. -1.]
O=C(O)c1ccc2[nH]c(C(F)(F)F)nc2c1,[-1.        -1.         0.9033961 -1.        -1.       ]
O=C(O)CCC(=O)c1ccc2oc3ccccc3c2c1,[ 0.6582258   1.         -1.          0.67750335  0.5605768 ]
COc1cc(N)c(Cl)cc1C(=O)NC1CC[NH+](CCCOc2ccc(F)cc2)CC1OC,[ 1.  1. -1. -1.  1.]
CCC(C)C(CN(C)C)c1ccc(Cl)cc1Cl,[-1.          0.79976165 -1.          0.95276475  0.52581435]
Cc1ccc(NC(=O)CF)cc1,[ 1.         1.        -1.        -1.        -0.9736131]
CCOCCOCCOC,[ 0.9499455 -1.        -1.        -1.        -1.       ]
CC(C(=O)O)c1ccc(-c2ccccc2F)cc1,[ 1. -1. -1. -1. -1.]
c1ccc2c(OCCN3CCCC3)ccnc2c1,[ 0.9526447  1.        -1.         1.         1.       ]
CC(C(=O)COC(=O)c1ccncc1)c1ccc(-c2ccccc2F)cc1,[-0.99974227  1.         -1.         -1.          0.48062524]
Nc1ncn([C@H]2C[C@H](O)[C@@H](CO)O2)c(=O)n1,[ 0.85381377  0.02393364 -1.         -1.         -0.6832109 ]
CC(C)NCC(O)c1ccc(NS(C)(=O)=O)cc1,[1.        1.        1.        1.        0.6454418]
CN(Sc1ccc(Cl)c(Cl)c1)C(=O)Oc1cccc2c1OC(C)(C)C2,[-0.5846999   1.         -1.          0.03205431  0.79589635]
CC=C1CC(C)C(C)(O)C(=O)OCC2=CCN3CCC(OC1=O)C23,[ 0.9995018   1.         -1.          0.98713285 -0.46055847]
c1ccc2c(NC3=NCCS3)cccc2c1,[-1.          1.          1.         -1.         -0.91217864]
COc1cc(N)c2c(c1N)C(=O)c1ccccc1C2=O,[-0.9992356   1.          1.         -1.         -0.97906315]
CC1CCC(=O)CC1,[-0.66870934 -0.10339281 -1.         -1.          1.        ]
CCCCCCCCCCCCCCCC(=O)NC(CCC(=O)O)C(=O)O,[-1.          0.45021254 -1.          1.         -1.        ]
CCN(CC)CCOc1ccnc(N)n1,[-1.        -1.        -1.         0.8394756 -1.       ]
N#CCCCCCN,[-0.9958085  1.        -1.        -1.        -1.       ]
CN(C)C(=O)Nc1ccc(-n2nc(C(C)(C)C)oc2=O)c(Cl)c1,[-1.          0.38726377  0.88673675 -1.          0.33306083]
Cc1nc2ccc(NS(=O)(=O)c3ccc4c(c3)OCCO4)cc2s1,[ 0.9954295 -1.        -1.        -1.         1.       ]
CCOP(=S)(OCC)Oc1ccc(N=C=S)cc1,[ 0.8334146  1.        -1.         1.         0.5628114]
CCOC(C1=NCC(O)CN1)c1ccccc1,[-1.         -0.50883514 -1.         -1.         -1.        ]
O=C(O)c1cn(C2CC2)c2cc(Cl)c(F)cc2c1=O,[ 1.         1.        -1.        -1.         0.8889863]
CCN(CCO)C(=S)NP(=S)(OC)OC,[ 0.9792595 -0.458075  -1.        -1.         0.8539755]
Cc1ccc(S(=O)(=O)Nc2c(C(=O)N[C@@H](C)C(C)(C)C)c(C(F)(F)F)nn2-c2ccccc2)cc1,[ 1.        -1.        -1.         1.         0.5419108]
CCCC(Cn1cncn1)c1ccc(Cl)cc1Cl,[ 1.          1.         -1.          0.80238074 -0.6793827 ]
CNC(=O)[C@@H](Cc1ccccc1)NC(=O)[C@@H](CC(C)C)NC(C)=O,[ 1.         1.         1.        -1.         0.5976627]
Clc1c(Cl)c(Cl)c(Cl)c(Cl)c1Cl,[-1.  1. -1. -1.  1.]
Cc1cc(C)c(S(=O)(=O)NCc2ccncc2)c(C)c1,[-1.          1.         -1.         -1.         -0.37437332]
CCCCCCC(C=O)=Cc1ccccc1,[-0.7912334  1.        -1.        -1.        -0.7947768]
CCOC(=O)C1CC2CCC1C2,[ 1.  1. -1.  1. -1.]
CCN,[-0.69311154  1.         -1.         -1.          0.11618604]
C[C@@H](CC(=O)OC(C)(C)C)NC(=O)C1=NOC(C(O)(C(F)(F)F)C(F)(F)F)C1,[ 0.95666116  0.9603265  -1.         -1.         -0.01544077]
ClC=C(Cl)c1ccccc1,[ 1.         0.9445498 -1.         1.        -1.       ]
N#CCNCC#N,[-1.          0.10196136  1.         -1.          0.7506207 ]
CC1(C)OCC(COC(=O)Cc2ccc3c(c2)OCc2ccccc2C3=O)O1,[ 0.5947443  1.         1.        -1.        -1.       ]
CC(=O)c1ccc(C(O)C(CO)NC(=O)C(Cl)Cl)cc1,[-1. -1. -1. -1.  1.]
ClC1=C(Cl)C2(Cl)C(Cl)=C(Cl)C3C(Cl)C1CC32,[ 1. -1. -1. -1.  1.]
CON=C(C)C(=NOC(=O)N(C)Sc1ccc(C(C)(C)C)cc1)C(=O)N(C)C,[ 0.90333784 -0.27191988 -1.          1.          1.        ]
CC(=O)OCC1CC2OC2CC1C,[ 1. -1. -1. -1.  1.]
CCOP(=S)(OC)Oc1cc(Cl)c(Cl)cc1Cl,[-0.08739786  1.          0.00327976  0.13588656  0.99999595]
[NH3+]CC(=O)CCC(=O)[O-],[ 0.7808391  1.        -1.        -1.        -1.       ]
NC(=O)c1cccc2c3c([nH]c12)CCCC3,[-0.7905409   0.32209522 -0.6381226  -1.          0.08460736]
CCC(C)(C)c1cc(O)c(C(C)(C)CC)cc1O,[-0.638584  1.        1.        1.       -1.      ]
CN/C(=C\[N+](=O)[O-])NCCSCc1ccc(C[NH+](C)C)o1,[ 1.  1.  1. -1. -1.]
C=C(C)C(=O)OCCN(C)C,[-0.02377877 -0.16027758 -1.          1.          1.        ]
C=CN(C(C)=O)c1ccccc1,[ 1.         -0.45488593 -1.          0.54558164 -0.49061653]
Cc1ccc(-c2cn(C)c(C)n2)cc1NC(=O)c1ccc(OCc2ccccn2)cc1,[ 1. -1.  1. -1. -1.]
C#CC1(O)CCC2C3CCC4=CC(=O)CCC4C3CCC21CC,[ 0.4987018  1.         1.         1.        -1.       ]
c1ccc(-c2ccccn2)nc1,[-1.          1.         -1.         -1.          0.45453092]
NC(=O)C(=Cc1ccc([N+](=O)[O-])o1)c1ccco1,[-1.         -0.4369812  -1.         -1.          0.77408373]
O=C(Cn1c(Cl)cnc(NCC(F)(F)c2ccccn2)c1=O)NCc1ncccc1F,[1.        1.        1.        0.7984542 1.       ]
CCCC(N)(CCC)CCC,[ 1.  1. -1.  1.  1.]
O=NN(Cc1ccccc1)Cc1ccccc1,[ 0.90309405  1.         -1.          1.          0.55702835]
Cc1cn([C@H]2CCCN(S(=O)(=O)c3ccc(CO)c(Oc4cccc(Cl)c4)c3)C2)c(=O)[nH]c1=O,[ 1.         1.        -1.        -1.         0.5511109]
CCN(N=O)C(C)OC,[-1. -1.  1. -1.  1.]
ClCCN(CCCl)c1ccccc1,[-1.        -0.9292442 -1.        -1.        -1.       ]
CCCCCCCCCCN,[ 0.78924435 -0.3288916  -1.          1.          0.04909492]
CCOP(=O)(OCC)ON1C(=O)c2cccc3cccc(c23)C1=O,[-1.        -0.5925416  1.        -1.         0.9199635]
CN(C)[C@@H]1C(O)=C(C(N)=O)C(=O)[C@@]2(O)C(O)=C3C(=O)c4c(O)ccc(Cl)c4[C@@H](O)[C@H]3C[C@@H]12,[-1. -1.  1. -1. -1.]
CC(=O)OC(C)C,[-1.          1.          0.64253706 -1.         -1.        ]
O=C(O)CCNC(=O)c1ccccc1,[-1.          1.         -1.         -1.          0.81788874]
FC(F)(F)c1ccc(Cl)c(Cl)c1,[-1.  1. -1. -1. -1.]
CCC(Cc1c(I)cc(I)c(N)c1I)C(=O)O,[-0.8324551  1.        -1.        -1.        -0.5226966]
CNC(=O)ON=C(SC)c1ccc(Cl)cc1,[ 1.  1. -1. -1.  1.]
CC(O)COC(C)CP(CC(C)OCC(C)O)CC(C)OCC(C)O,[ 0.9318099  0.9851488 -1.        -1.         1.       ]
C=CCN,[-1.  1. -1. -1. -1.]
Cc1nc(-c2c(F)cc(Cl)cc2-c2cnc([C@@H](C)NC(=O)[C@@](C)(O)C(F)(F)F)c(F)c2)no1,[-1.         0.9657613 -0.9910181 -1.         0.7163428]
O=[N+]([O-])c1c(Cl)c(Cl)cc2[nH]c(C(F)(F)F)nc12,[ 0.5740595   0.79530865 -0.38538042 -0.22641799 -0.30546305]
N#Cc1cc([N+](=O)[O-])ccc1N,[ 1.          1.         -0.90918595 -1.          1.        ]
CCC(C)C(N)C(=O)OC[C@@H]1O[C@H](n2cc(F)c(=O)[nH]c2=O)C[C@H]1O,[ 1.          0.9763979  -0.30649218 -1.          1.        ]
COP(=S)(OC)Oc1ccc(SC)cc1,[-1.        -0.6229535  1.        -1.        -1.       ]
CC(C)(C)CS(=O)(=O)NCCN1CCN(CC(=O)NC23CC4CC(CC(C4)C2)C3)CC1,[ 0.9247281  -0.10450083 -1.         -1.         -1.        ]
CCC(CC)NC(=O)c1cn(-c2ccccc2)nc1NS(=O)(=O)c1ccc(C)cc1,[ 0.7404039  1.        -1.        -1.         1.       ]
Cc1cnc(Nc2cc(N3CCN(C)CC3)nc(N[C@@H](C)c3ccc(F)cn3)n2)s1,[ 1. -1. -1.  1.  1.]
CCCCCCCCCCCCCCCC(=O)OCC=C(C)C=CC=C(C)C=CC1=C(C)CCCC1(C)C,[-1.          1.         -1.         -1.          0.91778797]
O=C(NC1(C(=O)N[C@H](Cc2ccccc2)C(=O)NCCCN2CCOCC2)CCCC1)c1ccc(-c2ccccc2)s1,[-1.  1. -1. -1. -1.]
CCN(CC)C(=O)CSc1ccc(Cl)nn1,[-1.         -0.22348367  0.4219991  -1.         -1.        ]
CC/C=C(\C(=O)N[C@@H]1C(=O)N2C(C(=O)OCOC(=O)C(C)(C)C)=C(COC(N)=O)CS[C@H]12)c1csc(N)n1.Cl.O,[-1.         1.        -1.        -1.        -0.9839175]
c1cncc(C2=NCCC2)c1,[-0.8174422   0.91701406  1.          1.          0.03533874]
N#Cc1cccnc1,[ 0.8846262  1.        -1.        -1.         0.7500575]
CN(C)C(=O)[C@H](O)[C@H](Cc1ccccc1)NC(=O)c1cc2cc(Cl)ccc2[nH]1,[-0.09688615  1.         -1.         -1.          0.74740064]
O=C1COc2ccc(CNC3CCN(CCN4C(=O)COc5ccc(Cl)cc54)CC3)nc2N1,[ 1.         -1.         -1.          0.23067825 -1.        ]
CC[C@H](C)C(=O)O[C@H]1C[C@@H](C)C=C2C=C[C@H](C)[C@H](CC[C@@H]3C[C@@H](O)CC(=O)O3)[C@H]21,[ 1.         1.        -1.         1.         0.5777027]
C=CC(=O)OCCCCCCCCCC,[ 0.7209973  1.         1.        -1.        -1.       ]
CNC(=O)Oc1ccc(NC(C)=O)cc1,[ 1.          1.         -0.03775331  0.9872472  -1.        ]
COc1ccc2c(O[C@@H]3C[C@H]4C(=O)N[C@]5(C(=O)NS(=O)(=O)C6CC6)C[C@H]5/C=C\CCCCN(C)C(=O)[C@@H]4C3)cc(-n3ccc(C(C)C)n3)nc2c1C,[1. 1. 1. 1. 1.]
S=C1NCCN1,[ 1. -1. -1. -1. -1.]
C[C@@H]1NC(=O)[C@@H](C)NC(=O)[C@H](C)N(C)C(=O)[C@@H](C)NC(=O)[C@@H](C)NC(=O)[C@H](C)N(C)C1=O,[ 1.  1. -1.  1. -1.]
O=C(NC12CC3CC(CC(C3)C1)C2)OCCNC1CCCCC1,[ 1.         1.         1.         1.        -0.7027531]
Nc1nc2cc(Br)ccc2o1,[-0.9191083 -1.        -1.        -1.         1.       ]
CCCCCCC(=O)OCCOCCOCCOCCOC(=O)CCCCCC,[-1.         -0.16573055 -1.          0.5331101  -0.35683835]
CN(C)C(=O)Oc1c(Cl)c(Cl)cc2[nH]c(C(F)(F)F)nc12,[ 1.          1.          0.94925374 -1.          0.26070085]
ClP(Cl)Oc1ccccc1,[ 0.7902177  1.        -1.         1.         1.       ]
C[N+](C)(C)CC(O)CC(=O)[O-],[-0.5211632   1.          0.5869485  -1.          0.26662603]
O=CNC(Cc1ccc(N(CCCl)CCCl)cc1)C(=O)O,[ 1.         1.        -1.         0.2996044  1.       ]
CCCCCCCCCCCCN1CCN(CC(=O)NN=Cc2ccc([N+](=O)[O-])o2)CC1,[ 1.          0.5874474  -1.          0.99538165  1.        ]
CO[Si](C)(OC)c1ccccc1,[ 1. -1. -1. -1.  1.]
CCc1c(C(=O)C(N)=O)c2c(OCC(=O)O)cccc2n1Cc1ccccc1,[-1.         1.        -1.        -1.         0.8553363]
CC1=C2C(=O)OC(c3ccoc3)C2(C)CCC1,[-0.9995443  1.        -1.        -1.         1.       ]
O=C(NC(=O)c1c(F)cccc1F)Nc1cc(Cl)c(Oc2ncc(C(F)(F)F)cc2Cl)c(Cl)c1,[-0.9930898   1.         -1.          0.80016786  1.        ]
Cc1ccc(-c2cc(C(=O)NCc3cn(C)nc3C)c3cc(Br)ccc3n2)cc1,[-0.6773331   1.         -1.         -1.         -0.29254016]
Cc1nc(N2CCN3CCOCC3C2)c(F)c(NNC(=O)C(CC2CCCC2)CN(O)C=O)[nH+]1,[-0.79937273  1.         -1.         -0.98825955  1.        ]
CC(=O)NC1C(NC(N)=[NH2+])C=C(C(=O)[O-])OC1C(O)C(O)CO,[ 1.  1. -1. -1. -1.]
O=C1CSC(=S)N1,[-1.  1. -1.  1.  1.]
O=P(O)(O)CN(CP(=O)(O)O)CP(=O)(O)O,[-1.          1.          0.45804158 -1.          0.9029082 ]
CCOP(=S)(OCC)OC(C)C,[ 1. -1. -1. -1.  1.]
CNC(=O)/C=C(\c1cccc(F)c1)c1ccc2nc(N)n(S(=O)(=O)NC(=O)N3CCOCC3)c2c1,[-1.  1.  1.  1. -1.]
C=CO,[ 1.  1. -1. -1. -1.]
CCCCC(CC)CO[Si](OCC(CC)CC)(OCC(CC)CC)OCC(CC)CCCC,[-1.         1.        -1.        -1.         0.7577251]
CCC(C)c1cc([N+](=O)[O-])cc([N+](=O)[O-])c1O,[ 0.8492692   1.         -0.7806081   0.62187797  1.        ]
O=C(C1CCN(c2nnc(-n3cccc3)s2)CC1)N1CCN(Cc2ccc3c(c2)OCO3)CC1,[-1.         1.        -1.        -1.        -0.9997089]
Cc1ccccc1C(=O)O,[ 1.          1.          0.67494345 -0.9927499   0.883803  ]
CCCCCCCCCCCCCCSC#N,[ 1. -1. -1. -1.  1.]
CC[C@@H](CO)NCCN[C@@H](CC)CO,[ 0.47071674 -1.         -1.         -1.          0.677773  ]
Cc1ccc(C2=CCN(CC=Cc3ccc4c(c3)CCC(=O)N4)CC2)cc1,[ 1. -1.  1.  1. -1.]
COP(=S)(OC)Oc1ccc(S(C)(=O)=O)c(C)c1,[-1.          1.          1.         -1.          0.89050084]
CC(=O)N(C)c1ccc(Nc2ncc3cc(-c4ccncc4)ccc3n2)cc1,[-1.  1. -1.  1. -1.]
CNC(=O)[C@@H]1Cc2cn(cn2)CC(=O)N2CCC[C@H]2C(=O)N[C@@H](C)C(=O)N1C,[ 1.  1. -1. -1. -1.]
CC(C(=O)O)c1ccc(-n2cc3ccccc3n2)cc1,[ 1.          1.         -0.27752417  0.9998345   0.10871476]
CCC(=O)OCCc1ccccc1,[ 0.9256649 -1.        -1.        -1.         0.737653 ]
CC(C)NC[C@H](COc1cccc2ccccc12)OC(=O)C1CC1,[-1.  1. -1. -1. -1.]
C#CCON=C1CC2CCC1(C)C2(C)C,[1.         1.         1.         0.8391549  0.63686967]
CC(C)C1C=C2CCC3C(C)(CO)CCCC3(C)C2CC1,[ 0.9883752  1.         1.        -1.        -1.       ]
CCCC(=O)OCN(C)N=O,[-1. -1. -1.  1.  1.]
CCCCOP(=O)(OCCO)OCCCC,[ 1.          1.          0.89164454 -1.          1.        ]
O=C(NCCc1ccccc1)c1cc(-n2ncc(=O)[nH]c2=O)ccc1Cl,[ 0.7165032   1.          0.06370896 -1.          1.        ]
COc1cc(N)c(Cl)cc1C(=O)NC1CCN(CCCOc2ccc(F)cc2)CC1OC,[-0.96708024 -1.         -1.         -1.          1.        ]
CCOP(=S)(CC)Oc1ccc([N+](=O)[O-])c(C)c1,[ 0.6255471  1.        -1.        -1.        -1.       ]
C1CCOC1,[-0.7548626   1.          0.81522965 -1.         -0.8256082 ]
CCC(=O)C1c2cccc(O)c2C(=O)c2c(O)cccc21,[-0.9932163   1.         -1.         -1.          0.04184718]
CCCCCN(CCCCC)N=O,[-0.408104    1.         -0.9926917  -1.         -0.55161935]
C=CN,[ 1.          1.         -1.          0.91785824 -1.        ]
COC(=O)C1=CCC23CCC(C(C)(C=CC=C(C)C(=O)O)OC2=O)C3(OC(C)=O)CC1,[-1.         0.9837374 -1.         1.        -1.       ]
CC(C)N(C(=O)Cn1nc(-c2ccccc2)ccc1=O)C(C)Cc1ccccc1,[-1. -1. -1. -1. -1.]
CC(N)C1CCC(c2ccccc2)CC1,[-0.588629  1.       -1.       -1.       -1.      ]
CCCOP(=S)(OC)Oc1cnn(C)c(=O)c1OC,[-1.  1. -1. -1.  1.]
CCCSC(=O)Cl,[ 1.         1.        -0.9975015 -1.        -0.9853008]
CCOC(=O)CC(=O)NP(=O)(OC)SC,[-1.  1. -1. -1. -1.]
OCC(CO)Nc1nc(SCc2cccc(F)c2F)nc2nc(NC3CC3)sc12,[ 1.  1.  1. -1.  1.]
CC(C)(N1CC1C#N)N1CC1C(N)=O,[ 1. -1. -1.  1. -1.]
Cc1cc(O)ccc1[N+](=O)[O-],[-1.          1.         -1.         -1.          0.38690186]
COc1ccccc1S(=O)(=O)NC(=O)N1CCC(N2CCC(Oc3ccc(Cl)c(Cl)c3)CC2)CC1,[-1.         -1.          1.          1.         -0.97147244]
ClC(Cl)C(Cl)C(Cl)C(Cl)Cl,[ 0.8445517  1.        -1.        -1.        -1.       ]
Cc1ccn(C(N)=O)n1,[-1. -1. -1. -1.  1.]
O=c1cc(N2CCOCC2)nc(NCc2ccccc2)[nH]1,[-0.6240293  -0.71692     0.3501279  -1.         -0.00890746]
CN(CCC#N)CCC#N,[ 0.9998812  1.        -1.        -1.         1.       ]
Cn1cc(NC(=O)Nc2cc(C(=O)Nc3cc(C(=O)Nc4ccc5cc(S(=O)(=O)[O-])cc(S(=O)(=O)[O-])c5c4)n(C)c3)n(C)c2)cc1C(=O)Nc1cc(C(=O)Nc2ccc3cc(S(=O)(=O)[O-])cc(S(=O)(=O)[O-])c3c2)n(C)c1,[-0.99614507  1.          0.12579532  0.67708796 -1.        ]
C[C@H]1[C@H](NC(=O)/C(=N\OC(C)(C)C(=O)O)c2csc(N)n2)C(=O)N1S(=O)(=O)O,[ 0.38098392  1.         -1.          0.43534872  1.        ]
CCOc1cc(OP(=S)(OC)OC)nc(CC)n1,[-1.          1.         -1.          0.9012811   0.75701386]
OCC1CC2CCC1C2,[-1.  1. -1. -1. -1.]
N#Cc1ccc2ccc(=O)n(CCN3CC[C@@H](NCc4ccc5c(n4)NC(=O)CO5)[C@@H](F)C3)c2c1,[ 1. -1.  1.  1. -1.]
C=C(C)C(=O)OCC(CCCC)CCCCCC,[-1.         1.        -1.         0.6023188 -1.       ]
CC(C(=O)O)c1ccc2c(c1)N(CCCN1CCCN(c3cc(=O)n(C)c(=O)n3C)CC1)c1ccccc1S2,[-1.         1.        -1.        -1.         0.7393925]
CCSCCOc1ccc([N+](=O)[O-])cc1,[ 1.          1.         -0.06526165 -1.          0.2127235 ]
CC1(C)CO1,[-1.          1.         -1.         -1.          0.17882779]
CCOP(=S)(OCC)Oc1cc(C)[nH]n1,[ 1.  1. -1. -1. -1.]
CC(=O)SCCCCCCSC(C)=O,[-1. -1.  1. -1. -1.]
O=c1[nH]c(=O)n(Cl)c(=O)n1Cl,[ 1.          1.         -0.87051326 -1.         -0.8458716 ]
CCCC1C(=O)N2C(N(C)C)=Nc3ccc(C)cc3N2C1=O,[-1.        1.       -1.       -1.        0.548286]
FC(F)=C(F)c1ccccc1,[-1.          1.         -1.          0.54841906  0.99998987]
C=CCOP(OCC=C)OCC=C,[-1.          1.         -1.         -1.         -0.62045276]
N#Cc1ccc(NCC(F)(F)c2ccc(F)c(F)c2)c(F)c1CC(=O)NCCONC(=N)N,[-0.6250175  0.4487567 -1.        -1.        -1.       ]
CS(=O)(=O)c1ccc(-c2cc(Cl)ccc2OCC(=O)O)c(Cl)c1,[-0.98500377  1.         -1.         -1.          0.48937517]
C=CC1(C)CC(OC(=O)CSCCN(CC)CC)C2(C)C(C)CCC3(CCC(=O)C32)C(C)C1O,[-1. -1. -1. -1. -1.]
C=CC(=O)OCCCOCC,[ 0.9991024 -1.        -1.        -1.        -1.       ]
CCOc1ccccc1C(=O)NCc1ccco1,[-0.03357051  1.          0.9403578   0.4944327  -1.        ]
CCCCC(CC)COC(=O)COc1ccc(Cl)cc1Cl,[ 1.          1.         -0.10537007  1.         -0.8897083 ]
CC(C)NCC(O)COc1cccc2c1OCC(O)C2,[ 0.8509486  1.        -1.        -1.         0.8838569]
COc1nccnc1NS(=O)(=O)c1ccc(N)cc1,[-0.7477967  -0.16968723  0.22726646  1.         -1.        ]
CCOP(=S)(OCC)SCn1nnc2ccccc2c1=O,[ 0.920652  1.       -1.       -1.       -1.      ]
CN(C)CCN1C(=O)c2ccccc2N(C)c2ccccc21,[-1.        -0.8267203 -1.        -1.         1.       ]
CCOC(C1=NCCCN1)c1ccc(Cl)cc1,[ 1.          0.43443775 -1.         -0.9519667   0.72582644]
C1=Cc2ccccc2CC1,[-1.          1.         -0.99148875 -1.          0.09320838]
Cc1cc(Cl)cc(O)c1O,[ 1.         1.        -1.        -1.         0.7782038]
COc1ccc(CCC[N+](C)(CCCc2ccc(OC)cc2)CCNC(=O)c2nc(Cl)c(N)nc2N)cc1,[-0.6063892  -0.37805265  1.         -1.          0.19738725]
CCCNC(=O)C(C)Nc1ccc(OCC)cc1,[ 1.         -0.40117723 -1.         -1.          1.        ]
CCOP(=O)(SCC)SCC,[-1. -1.  1. -1. -1.]
CCCCCCCCCCCCCCCCO,[ 0.99237144  1.         -1.         -1.         -0.8104719 ]
CN(C)CCCN(C)C,[-0.13243137  1.         -1.         -1.         -1.        ]
Cc1cc(S(=O)(=O)O)cc(C)c1O,[ 0.6412641   0.9275853  -1.          0.99745667  0.4484224 ]
CC(C)(C)NC(=NC#N)Nc1cccnc1,[-1.  1.  1.  1. -1.]
CNC(C)=O,[ 0.38408765  1.          0.7220285  -1.          0.10288303]
COCCC#Cc1cccc(C2(c3ccc(OC(F)F)cc3)N=C(N)N3CC(F)(F)CN=C32)c1,[-0.39583874  1.         -1.         -1.          0.40815797]
CCCCOC(=O)C=CC(=O)OCCCC,[-1.         1.        -0.9883632 -1.        -1.       ]
O=C(O)CS(=O)(=O)O,[-1.          1.          1.         -1.         -0.37984282]
O=C1CN(/N=C\c2ccc(-c3ccc([N+](=O)[O-])cc3)o2)C(=O)[N-]1,[ 1.  1.  1. -1.  1.]
Oc1ccc2c3c1O[C@H]1[C@@H](O)CC[C@@]4(O)[C@@H](C2)N(CC2CCC2)CC[C@]314,[ 1.          1.          0.79581106 -1.          1.        ]
O=C([O-])Cn1c(=O)c(=O)[nH]c2cc([N+](=O)[O-])c(-n3ccnc3)cc21,[ 0.9354238   1.         -1.          1.          0.29743078]
CCOC(=O)NNc1nncc2ccccc12,[-1.         1.        -1.        -0.9917887 -0.8510771]
CCCCC(CC)COC(CBr)c1ccc(Cl)c(Cl)c1,[ 1.         -0.26477894 -1.          1.         -1.        ]
CCCC1CC(C(=O)NC(C(C)Cl)C2OC(SC)C(OP(=O)(O)O)C(O)C2O)N(C)C1,[ 0.3440074  1.         1.        -1.        -1.       ]
CNC(=S)N(C)C,[-1.        1.       -1.       -1.        0.723947]
CC(=O)Nc1ccc(Nc2ncc3cc(-c4ccncc4)ccc3n2)cc1,[ 1.          1.         -0.7444082   1.         -0.50536394]
CC(C)(C(=O)[O-])c1ccc(C(=O)CCC[NH+]2CCC(OC(c3ccccc3)c3ccccc3)CC2)cc1,[ 1.         -1.         -1.         -0.69092476  1.        ]
CC(C)Oc1cc(-n2cnc3cnc(N[C@@H](C)c4ncc(F)cn4)nc32)n[nH]1,[-1.  1. -1. -1.  1.]
CCOC(=O)C1=CN(C)C2CCCC(C)N2C1=O,[1.         0.59779066 0.391286   1.         0.7730567 ]
CN1CCN(C(=O)OC2c3nccnc3C(=O)N2c2ccc(Cl)cn2)CC1,[1.        1.        1.        1.        0.7745809]
C=CC=CC=CCCCCC,[ 1.         -1.          1.         -1.          0.99755174]
CCOP(=S)(OCC)OCCS(=O)(=O)CC,[-0.6234043   0.19015326  0.29932016  0.58681214  0.5828047 ]
NC(=S)Nc1cccc(Cl)c1,[-1. -1.  1.  1. -1.]
Clc1ccc(C(Cl)(Cl)c2ccc(Cl)cc2)cc1,[ 1.  1.  1.  1. -1.]
Cc1ccc2[nH]c(C(F)(F)F)nc2c1,[-1.          1.         -0.46289653 -1.          1.        ]
CC(C)NC(=O)N1CC(=O)N(c2cc(Cl)cc(Cl)c2)C1=O,[-0.42904657 -1.          1.          0.74639726 -1.        ]
O=C(O)c1ccc(Cl)cc1,[ 1.  1. -1. -1.  1.]
Nc1nc2cc(Cl)c(O)cc2o1,[-1.          1.         -0.99838096  1.          1.        ]
COP(=S)(OC)Oc1ccc(Sc2ccc(OP(=S)(OC)OC)c(C)c2)cc1C,[ 0.52522886 -1.         -1.         -0.79175913  1.        ]
CCOc1ccc(C(=O)COC(=O)CCC(=O)O)c2ccccc12,[-0.97677064  1.         -1.         -1.         -0.24503286]
COP(=S)(OC)SCSc1cc(Cl)ccc1Cl,[ 1.         -0.87881976 -0.5284331   1.          1.        ]
C=C(C)CNCC,[-1.        -1.        -1.         0.3628971  1.       ]
CC(C)(Oc1ccc(C2CCCc3ccccc32)cc1)C(=O)O,[-1.          1.         -1.         -0.97792685  1.        ]
Cc1ncc2n1-c1ccc(Cl)cc1C(c1ccccc1F)=NC2,[ 1.          1.         -0.9747316  -1.         -0.06616987]
CCn1cc(C(=O)[O-])c(=O)c2cc(F)c(N3CC[NH2+]CC3)nc21,[ 1.         -0.62978315 -1.         -0.07084784  0.7310423 ]
C=CCOC(=O)C1CC2OC2CC1C,[ 0.9975258  1.         1.        -1.        -0.5530172]
CNC(=O)N(N(CCCl)S(C)(=O)=O)S(C)(=O)=O,[ 1.         -1.         -1.          1.         -0.92636484]
CCOC(=O)C1=C(C)NC(C)=C(C(=O)OCC)C1c1ccccc1C(F)(F)F,[-1.  1. -1. -1. -1.]
O=C(CSc1nc2c(c(=O)n1-c1ccccc1)SCC2)Nc1ccc(-c2ccccc2)cn1,[ 0.99735606 -0.02573262 -1.          1.          1.        ]
CC1CC=CC2C3OC3(C)C(C)C3C(Cc4ccccc4)NC(=O)C23OC(=O)OC=CC(C)(O)C1=O,[-1.         -0.27711996 -1.         -1.          0.7469477 ]
CCC(=O)c1ccc(N)cc1,[ 1.  1. -1. -1. -1.]
CC(C)O,[ 1.  1. -1. -1.  1.]
CC(C)CC(=O)CC(C)C,[ 1.         1.        -0.3189189 -0.9643355  0.196784 ]
CCCC(C)C1(CC)C(=O)NC(=O)NC1=O,[-1. -1. -1. -1. -1.]
CCCCC=CCCCCCCO,[-1. -1. -1.  1.  1.]
C=Cc1ccc(C)cc1,[-1.  1.  1. -1.  1.]
CC[C@H](CO)Nc1nc(SCc2cccc(F)c2F)nc2nc(N)sc12,[-1.        -1.         1.        -1.         0.8148227]
CCOc1cccc(/C=C2\SC(=O)NC2=O)c1N1CCC[C@@H](N)C1,[ 1.         -1.          0.76149476 -1.         -1.        ]
Cc1ccc(-c2ccc3c(ccc4sc5c(c43)NC[C@@H](C)NC5=O)n2)cn1,[-0.817602    1.          0.669668   -1.         -0.82806087]
COc1ccc(S(=O)(=O)NC(=O)NC2CCCCC2)cc1OC,[ 0.29789373  1.         -1.          1.         -1.        ]
CC(=O)C=CC1=C(C)CCCC1(C)C,[ 1. -1. -1.  1. -1.]
COP(=S)(OC)OC(=CCl)c1ccc(Cl)cc1Cl,[-0.37054434 -1.          1.         -1.          1.        ]
CC1C2Cc3ccc(O)cc3C1(C)CCN2CCc1ccccc1,[ 1.          1.         -1.         -1.         -0.99848837]
CC(O)CC(C)O,[0.9159243  1.         0.8658037  1.         0.38940784]
Nc1ccccc1,[ 1.         -0.14610493 -0.9975176  -1.         -0.8955928 ]
O=C(Nc1ccc(N2CCNCC2)cc1)c1ccc(-c2ccc(Cl)cc2)o1,[-1.        0.976383 -1.       -1.        1.      ]
S=C=Nc1cccc2ccccc12,[ 1.         1.        -1.        -1.        -0.7654573]
COP(=S)(OC)Oc1ccc(Sc2ccc(OP(=S)(OC)OC)cc2)cc1,[1.         0.08291338 1.         1.         0.92252386]
CC(O)Cn1cnc2c1c(=O)n(C)c(=O)n2C,[ 1.          1.         -1.         -0.97985756  1.        ]
NC(=O)c1cc([N+](=O)[O-])cc([N+](=O)[O-])c1,[-0.39246407 -1.         -1.          1.         -1.        ]
O=C(O)CCSC[C@H]1O[C@@H]2O[C@@H]3[C@@H](CSCCC(=O)O)O[C@H](O[C@@H]4[C@@H](CSCCC(=O)O)O[C@H](O[C@@H]5[C@@H](CSCCC(=O)O)O[C@H](O[C@@H]6[C@@H](CSCCC(=O)O)O[C@H](O[C@@H]7[C@@H](CSCCC(=O)O)O[C@H](O[C@@H]8[C@@H](CSCCC(=O)O)O[C@H](O[C@@H]9[C@@H](CSCCC(=O)O)O[C@H](O[C@H]1[C@H](O)[C@H]2O)[C@H](O)[C@H]9O)[C@H](O)[C@H]8O)[C@H](O)[C@H]7O)[C@H](O)[C@H]6O)[C@H](O)[C@H]5O)[C@H](O)[C@H]4O)[C@H](O)[C@H]3O,[ 1.          1.         -1.          0.94782436 -1.        ]
OC(c1ccccc1)c1ccccc1,[-1.         -0.80296797  1.         -1.         -1.        ]
ClC1=C(Cl)C2(Cl)C(C(Cl)Cl)CC1(Cl)C2(Cl)Cl,[-0.4971603   1.         -1.         -1.         -0.59020066]
CCN(CC)C(=O)/C(C#N)=C/c1cc(O)c(O)c([N+](=O)[O-])c1,[-1.         -1.         -1.          0.69944525  0.5189257 ]
COc1cnc(-c2ccccn2)nc1N1CCCCC1,[ 1.         -0.99673045  1.         -1.          0.89863944]
OCC1COC(Cc2ccccc2)O1,[-1.          1.         -1.         -0.2928666  -0.99980253]
CNC(=O)N1C(=O)CN=C(c2ccccc2)c2cc([N+](=O)[O-])ccc21,[1.        0.9860168 1.        1.        0.9504295]
CC(O)c1ccc2c(c1)N(CCN1CCC(NCc3ccc4c(n3)NC(=O)CO4)CC1)C(=O)CO2,[-0.6133803   0.25997967 -1.          0.29706198  0.86916804]
NC(=O)CN1CC(O)CC1=O,[ 0.8188692  1.        -1.         1.        -1.       ]
CCC[C@H](NC(=O)C1[C@H]2CCC[C@H]2CN1C(=O)[C@@H](NC(=O)[C@@H](NC(=O)c1cnccn1)C1CCCCC1)C(C)(C)C)C(=O)C(=O)NC1CC1,[1.         1.         0.27543435 0.89145094 1.        ]
CO/N=C(\C(=O)NC1C(=O)N2C(C(=O)[O-])=CCSC12)c1csc(N)n1,[-1.          1.          1.          1.         -0.68471926]
COc1ccc(-c2nc3ccc(C4=NNC(=O)CC4C)cc3[nH]2)cc1,[-1.  1. -1.  1. -1.]
COC(=O)CC(SP(=O)(OC)OC)C(=O)OC,[ 1.  1. -1.  1. -1.]
C=C(C)c1ccc(C(C)(C)N=C=O)cc1,[-0.46924913  1.         -1.         -1.         -0.29919487]
O=CC(O)C(O)C(O)CO,[ 1.         -0.71475965 -1.          1.          0.35339722]
CCCCCOC(C)=O,[-0.94849175  1.         -1.          1.          0.8613098 ]
CN(C)[Si](CC[Si](N(C)C)(N(C)C)N(C)C)(N(C)C)N(C)C,[-0.3922807   1.          1.          1.         -0.91663295]
O=c1c(Cl)c(Cl)cnn1-c1ccccc1,[ 1.         -0.62149876 -1.         -1.          0.15312192]
CNC(=O)/C=C(/c1ccc2nc(N)n(C3CCCC3)c2c1)c1ccccc1F,[-1. -1. -1. -1. -1.]
NC(=O)c1ccccc1O,[-0.9294248  1.         1.        -1.         1.       ]
Cc1ccc(-c2ccccc2)cc1,[-1.         1.         0.8413764 -1.        -1.       ]
c1ccc(P(N=P(c2ccccc2)(c2ccccc2)c2ccccc2)c2ccccc2)cc1,[-0.7225719  1.        -1.        -1.        -0.4836178]
C/C=C/c1cc(OC)c2c(c1)C(C)C(c1cc(OC)c(O)c(OC)c1)O2,[ 0.4348783 -1.         1.        -1.        -0.8267596]
O=C1CCc2cc(C=CCN3CCN(c4ccc(Cl)cc4)CC3)ccc2N1,[ 1.         1.         0.6575125 -0.8508916 -1.       ]
C=CCOC(=O)CCCCC,[-0.6715943   1.         -1.         -1.         -0.89425635]
O=c1[nH]c2c(O)ccc([C@@H](O)CNCCSCCCNCCc3cccc(Cl)c3Cl)c2s1,[ 1.  1. -1. -1. -1.]
CC=Cc1ccc(OC(C)=O)c(OC)c1,[-1.  1.  1. -1. -1.]
CNN=Nc1ccc(Cl)cc1,[ 0.95202243  1.         -1.          0.945677    0.99505144]
O=C([O-])[O-].[Li+].[Li+],[-1.         -0.47291315 -1.         -1.         -0.46324837]
CC(C)OP(=S)(OC(C)C)SCn1nc(-c2ccccc2)ccc1=O,[ 1.          1.         -0.99330914 -1.         -1.        ]
CC(=[NH2+])N1CCC(SC2=C(C(=O)[O-])N3C(=O)C(C(C)O)C3C2)C1,[ 1.         -1.          0.91758144 -1.         -1.        ]
O[C@H](c1cc(C(F)(F)F)nc2c(C(F)(F)F)cccc12)[C@@H]1CCCCN1,[ 0.861974    1.         -0.20358983 -1.         -1.        ]
CCOC(=O)c1cnc2n(c1=O)C(C)CCC2,[-1.  1. -1. -1. -1.]
C#CCc1ccc(COC(=O)C2C(C=C(C)C)C2(C)C)o1,[-0.8184961  1.        -1.         1.         0.5353299]
Cc1ccc(S(=O)(=O)NC(=O)NC2C3CCC(C)(C2O)C3(C)C)cc1,[-1. -1. -1. -1. -1.]
O=C(O)C1CCC(C(=O)O)C1,[1.        1.        1.        1.        0.9997363]
CCOP(=O)(NC(C)C)SCC(=O)NCOC,[1.        1.        1.        0.7162477 0.5391985]
CCC(C(=O)O)c1ccc(CC(C)C)cc1,[ 1.  1. -1.  1.  1.]
Cc1ccc(S(=O)(=O)[N-]C(=O)NN2CC3CCCC3C2)cc1,[ 1.          1.         -0.95250195 -1.          1.        ]
COC(=O)Nc1nc2ccccc2[nH]1,[-1. -1. -1. -1. -1.]
CC(=O)Oc1ccc(C2(c3ccc(OC(C)=O)cc3)C(=O)Nc3ccccc32)cc1,[ 1.         -0.60170954  1.         -1.          1.        ]
CCN(CC)CCNC(=O)COc1ccc(Cl)cc1,[-1.  1. -1. -1. -1.]
O=C(OC1CCCCC1)C(Oc1ccc(Cl)cc1)Oc1ccc(Cl)cc1,[ 1.  1.  1. -1. -1.]
O=C=NCC1CCC(CN=C=O)CC1,[ 1.         1.        -1.        -1.         0.4228877]
O=[N+]([O-])c1c(Cl)c(Cl)c(Cl)c(Cl)c1Cl,[ 0.8435625   1.         -0.04983851 -0.9995209  -1.        ]
CCOP(=O)(OCC)SC1CS(=O)CC1Cl,[-0.21429843  1.          0.8985185  -1.          1.        ]
Nc1cc(C(=O)Nc2cccc(-c3nnn[nH]3)c2)cc(C(F)(F)F)c1,[ 1.         1.        -1.        -1.         0.9489443]
C=Cc1ccc(CC)cn1,[-1.  1. -1. -1. -1.]
CCN(CC)c1ccc2cc(C(=O)NC3(C(=O)N[C@H](Cc4ccccc4)C(=O)NCC4CCN(CC5CCOCC5)CC4)CCCC3)sc2c1,[-0.47917214  0.2917567  -1.         -1.          0.6281187 ]
COP(=S)(OC)Oc1ccc(C#N)cc1,[-0.9998183  1.        -1.        -1.         1.       ]
O=c1oc2ccccc2c2ncccc12,[-1.         1.        -1.         0.9710493 -0.8077857]
C=CS(=O)(=O)COCS(=O)(=O)C=C,[-1. -1. -1. -1.  1.]
CC(C)NCC(O)COc1ccc(CC(N)=O)cc1,[-1.  1. -1.  1.  1.]
ClCCN(CCCl)CCCl,[-1.          1.         -1.         -1.          0.47525612]
CC12CC=CCC1C(=O)OC2=O,[ 1.         1.        -1.        -1.         0.8299282]
OC(Cn1cncn1)(c1ccc(F)cc1)c1ccccc1F,[ 0.6813322  -0.04072849 -0.98917085 -1.         -1.        ]
C=CC(=O)OC1CC2CCC1(C)C2(C)C,[ 0.9983015  -0.3627252  -1.         -1.          0.59301656]
CCCCCCCC(=O)NO,[ 0.9990465  1.        -1.         1.         0.6342476]
C=CCBr,[ 0.27486464 -1.         -1.         -1.         -1.        ]
FC(F)(F)c1nc2cc(Br)ccc2[nH]1,[-1.          1.         -1.         -0.9729796  -0.08330587]
CC(OCCCl)OCCCl,[-0.8934226  1.        -1.        -1.        -0.9467761]
CCOP(=O)(NC(=S)Nc1ccccc1NC(=O)NS(=O)(=O)c1ccc(C)cc1)OCC,[ 1.        -1.        -1.        -1.        -0.4137496]
O=C(O)CSc1cc(Cl)ccc1Cl,[-0.9896357  0.27424   -1.        -1.        -0.2232595]
COCCc1ccc(OCC(O)C[NH2+]C(C)C)cc1,[-1.          1.         -1.         -1.         -0.81381017]
CCOC(=O)C1=C(C)NC2=C(C(=O)CC(C)(C)C2)C1c1ccc(-c2ccccc2)cc1,[ 1.         -1.          1.         -1.          0.97784466]
OCC=CCl,[-0.20953788  1.         -1.         -1.          1.        ]
NS(=O)(=O)CCl,[-1.          1.         -0.73109394 -1.         -0.9940948 ]
CCOC(=O)Nc1ccco1,[ 1.         1.        -0.9291856 -1.        -0.997494 ]
CCNCc1cc([N+](=O)[O-])ccc1O,[-0.9376927   1.         -1.          0.49223676  1.        ]
O=C(O)C1CSC(c2ccccc2O)N1C(=O)CCS,[-1.  1.  1. -1. -1.]
OCCOCCOCCOCCOCCOCCOCCOCCOCCO,[-1.  1. -1.  1.  1.]
CC(=O)Nc1ccc(OC(=O)c2ccccc2OC(C)=O)cc1,[ 0.9726032   1.          0.9337659  -1.          0.90442586]
OCCOCCOCCOCCO,[ 1. -1. -1. -1.  1.]
CC(C)=CCCC(C)CC#N,[-1.  1. -1. -1. -1.]
CCCCCCCCc1ccc(-c2ccc(C#N)cc2)cc1,[ 1.        -1.        -0.9872147 -1.        -1.       ]
NCc1cccc(CN)c1,[-0.6300376   0.19258082 -1.         -1.         -0.94246507]
CC(Cl)C(=O)O,[ 1.         1.        -1.        -1.         0.4825156]
CN1CC(n2nccc2-c2cc(Cl)ccc2Oc2cc(F)c(S(=O)(=O)Nc3ncns3)cc2F)C1,[ 1.          1.         -0.02524007 -1.          0.9539879 ]
CN(C)Cc1ccc(CSCCNC(=C[N+](=O)[O-])N2CCN(C)CC2)o1,[ 1. -1. -1. -1. -1.]
CCCCCCCCCCCCCCCCCC1=NC(C)(C)CC(C)N1,[ 1. -1. -1. -1.  1.]
CCCCCCCCN(C)C,[-0.67691  1.      -1.       1.       1.     ]
CCCN(c1ccon1)P(=O)(c1ccccc1)c1ccccc1,[1.         1.         0.77963585 1.         0.9989289 ]
COc1cccc2c(-c3c(C)n(CC(=O)O)c4ccc(C)cc34)ccnc12,[-1.          1.          0.90033966 -1.          1.        ]
CC1CCC2(C(=O)[O-])CCC3(C)C(=CCC4C5(C)CCC(O)C(C)(C)C5CCC43C)C2C1C,[-1.          1.         -1.         -1.          0.93252313]
CCCCOP(=O)(OCCCC)Oc1ccccc1,[-1.         0.9997655 -1.        -1.        -1.       ]
COc1cccc(/C=C2\SC(=O)NC2=O)c1N1CCC[C@@H](N)C1,[-1.          1.          0.45460412 -1.          0.7993765 ]
Cc1cccc(-c2nc3cc(Cl)ccc3[nH]2)n1,[ 1. -1.  1. -1.  1.]
CCCCO[Si](OCCCC)(OCCCC)N(C)C1CCCCC1,[-0.29835045  1.         -1.         -1.         -1.        ]
CCC1(c2ccccc2)NC(=O)N(C)C1=O,[ 1.          0.98363984 -1.         -1.          0.8452628 ]
CCCCc1nc2c(N)nc3ccccc3c2n1CC(C)C,[ 1.  1. -1. -1. -1.]
CC(C)NC(=N)NC(C)C,[ 0.9438304  1.        -1.        -1.         1.       ]
CCOCCOCC,[-1.  1. -1.  1. -1.]
Cc1nc(C(C)C)c(-c2ccc([C@H]3CC[C@H](CC(=O)O)CC3)cc2)nc1C(N)=O,[-0.89071447  1.         -1.         -1.          0.6874483 ]
CCOC(=O)C(C)Oc1ccc(Oc2nc3ccc(Cl)cc3o2)cc1,[ 1.          0.31758103  0.21401207 -1.         -0.9898993 ]
Cc1cc(OCCCS(C)(=O)=O)cc(C)c1-c1cccc(COc2ccc3c(c2)OC[C@H]3CC(=O)O)c1,[-1.         -0.78989446  1.          1.         -1.        ]
CCOC(=O)c1ccc2c(C(C(=O)NS(=O)(=O)c3ccc(C)cc3OC)c3ccc4c(c3)OCO4)cn(C)c2c1,[ 0.98975736 -1.         -0.9800559  -1.          0.71000886]
COc1ccc2c3c1O[C@H]1C(=O)CC[C@@]4(O)[C@@H](C2)N(C)CC[C@]314,[-1.        -0.867691   1.        -1.         0.9282612]
CCC1OC(=O)C(C)C(=O)C(C)C(OC2OC(C)CC([NH+](C)C)C2O)C(C)(OC)CC(C)C(=O)C(C)C2N(CCCCn3cnc(-c4cccnc4)c3)C(=O)OC12C,[ 0.9998984   1.         -1.         -1.         -0.97641337]
COc1cc2ncc(C(N)=O)c(Nc3cccc(Cl)c3Cl)c2cc1NCCN(C)C,[-1.        -1.        -1.        -1.        -0.8786879]
CC(C)(O)C(=O)c1ccc(OCCO)cc1,[ 1.         -1.         -1.         -0.10298705  1.        ]
COc1ccc(C(=O)c2ccccc2)c(O)c1,[ 0.09830182  0.781939   -1.         -1.         -1.        ]
COc1ccc2ncc(F)c(CCN3CCC(NCc4cc5c(cn4)OCCO5)CC3)c2n1,[ 0.9111151  1.        -1.        -1.        -0.0217617]
CC(=O)c1ccc2c(c1)N(CCCN1CCN(C)CC1)c1ccccc1S2,[-0.99988174  1.          0.97146523 -1.         -1.        ]
C=CC(=O)NCOC,[ 1.          0.06179259  0.9947518  -1.          1.        ]
C[C@@H]1O[C@@H](c2ccc(N(O)O)cc2)OC[C@H]1N,[ 1.         -0.12621209  0.61697835  1.          0.14846742]
CN(C)C=O,[-0.51827574  1.         -1.         -1.         -0.10037282]
Cc1ccc(-c2ccc(N)nn2)cc1NC(=O)c1ccc(OCc2ccccn2)cc1,[ 1.         1.        -1.        -0.9999969 -0.8570431]
OC[C@H](Nc1ncc(Cl)c(Nc2cc(C3CC3)[nH]n2)n1)c1ccc(F)cc1,[-0.75366104  1.         -1.         -1.         -0.82858115]
COC(=O)C1=C(C)NC(C)=C(C(=O)OC)C1c1ccccc1OC(F)F,[-1.          1.          1.         -1.          0.26666456]
COP(=O)(NC(C)=O)SC,[-1.          1.          0.06113883 -1.          0.81287515]
Nc1nc2cc(Cl)c(Br)cc2o1,[ 1.         1.        -0.9849884 -1.        -1.       ]
COc1ccc2c3c1OC1C(=O)CCC4(O)C(C2)[NH+](C)CCC314,[-1.        -0.9486055 -1.        -1.         1.       ]
CCOC(=O)C1(c2ccccc2)CCCN(C)CC1,[-0.8592519  1.        -1.        -1.         1.       ]
CC(C)=CCCC(C)CC=O,[ 1.  1. -1. -1. -1.]
O=C(Nc1ccccc1-c1cn2c(CN3CCNCC3)csc2n1)c1cnc2ccccc2n1,[-0.3697864 -1.         0.2733798 -1.        -0.6714156]
CCOC(C)OCC,[-1.         1.        -1.        -1.         0.8297228]
Cc1c(Cc2cc(C(C)(C)C)c(O)c(C(C)(C)C)c2)c(C)c(Cc2cc(C(C)(C)C)c(O)c(C(C)(C)C)c2)c(C)c1Cc1cc(C(C)(C)C)c(O)c(C(C)(C)C)c1,[ 1. -1. -1.  1.  1.]
Cc1cccc(N=NN(C)C)c1,[ 1.          1.          0.62625337 -1.         -0.44097084]
