CN1CSC(=S)N(C)C1,[ 1.          1.         -1.         -1.         -0.81710905]
COc1ccc(OC)c2[nH]c(C(F)(F)F)nc12,[ 1.          1.         -1.         -1.          0.87275195]
CC(=O)OCCO,[-1.         -1.          0.9997758  -1.         -0.80160034]
CC(=O)C1=C(O)C2C3c4c[nH]c5cccc(c45)CC3C(C)(C)N2C1=O,[-1.         1.         1.        -1.         0.5783546]
CCCCCCCCC=CCCCCCCCC(=O)OCCOC,[ 1.  1. -1. -1.  1.]
C=CCBr,[ 1.          0.99809015 -1.         -1.          0.87169474]
CC(=O)Nc1ccc(CC(=O)O)cc1,[-0.7950367   1.          1.          1.         -0.93686616]
CCOc1ccc(N(N=O)C(C)=O)cc1,[ 1.         1.        -1.        -1.        -0.9181278]
ClCC1OC1CCl,[ 1.         1.        -1.         0.8897089 -1.       ]
CC1(NC(N)=O)CCCC1,[-1.  1. -1. -1.  1.]
NNC(=O)CSc1cc(Oc2ccc(Cl)cc2)ncn1,[-1.          1.         -1.         -0.99980086  1.        ]
CCOC(=O)c1ccccc1N,[ 1.          1.         -1.         -1.          0.99543136]
O=C(CSc1nc2c(c(=O)n1-c1ccccc1)SCC2)Nc1ccc(-c2ccccc2)cn1,[-1.          1.         -1.         -1.         -0.13356943]
COc1cc2nnc(C(N)=O)c(Nc3cccc(Cl)c3F)c2cc1OC,[ 0.9848782 -1.        -1.        -1.         0.9858872]
CCCCOCCCOC(=O)CCOc1cc(Cl)c(Cl)cc1Cl,[-1.  1. -1. -1. -1.]
CC(C)(C)C(=O)CC#N,[-0.99786186 -1.         -1.         -1.         -1.        ]
Cc1c(N)nc(C)c2c1[nH]c1ccccc12,[-1.          1.          0.96465534 -1.         -0.13269527]
O=C1C(Cl)C(CCl)CN1c1cccc(C(F)(F)F)c1,[ 1.          1.         -1.         -1.         -0.08551411]
CCC(C)Cl,[ 0.85711104  1.         -1.         -1.          1.        ]
COC1C(O)CC(=O)OC(C)C/C=C\C=C/C(OC2CCC(N(C)C)C(C)O2)C(C)CC(CC=O)C1OC1OC(C)C(OC2CC(C)(O)C(O)C(C)O2)C([NH+](C)C)C1O,[-1.  1. -1.  1.  1.]
CCOC(OCC)C(=O)c1ccccc1,[ 1.          1.          1.          0.32874113 -1.        ]
O=C([O-])CCNC(=O)c1ccccc1,[ 0.9785628 -1.        -1.        -1.        -0.6871976]
C1=CCC(C2CC3C=CC2C3)CC1,[ 1.          1.         -1.          1.          0.72219527]
O=C(NC1CC1)OCC(O)C1COc2ccccc2O1,[ 1.         -1.          1.          0.72945374  0.5603991 ]
CCNc1nc(Cl)nc(NCC)n1,[ 1.  1. -1. -1. -1.]
COc1cncc(-c2nccc(-c3cc4c([nH]3)C3(CCCNC3)CNC4=O)n2)c1,[ 1.        -0.8722377 -1.        -1.        -1.       ]
O=C(NCCN1CCN=C1c1ccncc1)Nc1ccc(C(=O)O)cc1,[ 0.9998067 -1.        -1.        -1.         1.       ]
CCOP(=O)(OC=C(SCC)SCC)OCC,[-1.  1. -1. -1.  1.]
Cc1ccc(C(=O)O)cc1,[ 1.        -0.2939123 -1.        -1.        -0.7802317]
O=P(O)(O)c1ccccc1,[-0.5583344  1.        -1.        -1.        -0.3627091]
CC(=O)Oc1ccc(C)cc1,[-0.09807324  1.         -1.          1.          0.99999124]
N#CN,[ 1.         1.         1.         1.        -0.7304275]
CCSN(C)C(=O)Oc1cccc2c1OC(C)(C)C2,[ 1.          1.          1.         -1.         -0.97085434]
S=C=NCCN=C=S,[ 1.  1. -1. -1. -1.]
COc1cc(Nc2nc3c(c(Cc4ccccc4)n2)CN(CCO)CC3)ccc1-n1cnc(C)c1,[ 1.          0.68735033 -1.         -1.         -0.9845635 ]
CCC1(c2ccccc2)CCNC1=O,[ 1. -1. -1. -1. -1.]
CC(O)COC(C)CP(CC(C)OCC(C)O)CC(C)OCC(C)O,[-1.         1.        -1.        -1.        -0.9350901]
Cc1ccc(S(=O)(=O)Nc2c(C(=O)NCC(C)(C)C)c(C)nn2-c2ccccc2)cc1,[ 1.         1.        -1.        -1.         0.2752517]
COc1ccc2c(c1)OC(C)(C)C(c1ccccc1)C2c1ccc(OCC2CO2)cc1,[-1.          1.         -1.         -1.         -0.96826744]
C/N=C(\NC#N)NCCSCc1[nH]cnc1C,[ 1.          1.         -1.         -1.         -0.01189369]
CN1CCc2nc(C(=O)N[C@@H]3C[C@@H](C(=O)N(C)C)CC[C@@H]3NC(=O)C(=O)Nc3ccc(Cl)cn3)sc2C1,[-1.         0.9703389  1.         0.3464738  1.       ]
CC(=O)N[C@H](Cc1ccccc1)C(=O)NCCc1ccccc1,[-1.         -1.         -0.44702092  1.         -1.        ]
CN(C)C#N,[-1.        -0.6388277 -1.        -1.         0.7050458]
C=CC1=C(C)/C(=C\c2[nH]c(Cc3[nH]c(/C=C4/NC(=O)C(C)=C4C=C)c(C)c3CCC(=O)O)c(CCC(=O)O)c2C)NC1=O,[1.         1.         1.         0.37726825 1.        ]
Oc1c(Br)c(Br)c(Br)c(Br)c1Br,[-1.  1. -1.  1.  1.]
COc1ccccc1CCNCc1ccc(CCNC[C@H](O)c2ccc(O)c3[nH]c(=O)sc23)cc1,[-0.67770773  1.         -1.         -1.         -0.9000916 ]
C[C@@H]1NC(=O)[C@@H](C)N(C)C(=O)[C@H](C)N(C)C(=O)[C@@H](C)NC(=O)[C@@H](C)N(C)C(=O)[C@H](C)NC1=O,[1.        1.        1.        1.        0.5676225]
N=C1C=C(Br)C(=O)c2c(N)cc(Br)c(O)c21,[ 1. -1. -1.  1.  1.]
C[C@@H](CC(=O)OC(C)(C)C)NC(=O)C1=NO[C@@H](C(O)(C(F)(F)F)C(F)(F)F)C1,[-1.  1. -1. -1. -1.]
CCCCOC(=O)CC(SC(CC(=O)OCCCC)C(=O)OCCCC)C(=O)OCCCC,[ 1. -1. -1. -1.  1.]
C=CCNCC=C,[ 0.7084672  1.         1.        -1.         0.9999453]
Cc1ccc(NC(=O)c2ccc(Cl)c(C(F)(F)F)c2)cc1C(=O)Nc1cccnc1,[ 1.  1. -1.  1. -1.]
CCCc1nc2c(C)cc(-c3nc4ccccc4n3C)cc2n1Cc1ccc(-c2ccccc2C(=O)O)cc1,[-1.  1. -1. -1.  1.]
CCN(CCO)c1cccc(C)c1,[-1.         -1.         -1.          0.82047933  0.5587848 ]
COCC(=O)N(C)C(=O)Oc1ccccc1OC(C)C,[-1.         1.        -0.9799286 -1.        -1.       ]
COc1nc(NC(C)C)nc(NC(C)C)n1,[ 1. -1. -1.  1. -1.]
CCOC(=O)C(C)Oc1ccc(Oc2nc3ccc(Cl)cc3s2)cc1,[ 1.          0.7381484   0.6347596  -1.         -0.33507293]
CC1(C)COC1=O,[ 0.85925454 -1.         -0.4914889   0.9506112  -1.        ]
CC(C)c1s[nH]c2nc(C(C)(C)C)nc(=O)c1-2,[-0.8771799 -1.        -1.        -1.         1.       ]
C1CCC2OC2C1,[ 0.3509753   1.         -1.         -1.         -0.97772163]
C=CCOc1ccc(CC(=O)O)cc1Cl,[-0.855465   -0.3304919  -1.         -1.         -0.62513626]
Cn1c2c(c(=O)n1-c1ccccc1)CCCC2,[ 1.        1.       -0.539204 -1.        1.      ]
CCCCC1=NC2(CCCC2)C(=O)N1Cc1ccc(-c2ccccc2-c2nnn[n-]2)cc1,[-1.         1.         1.         1.         0.9995108]
CC(C)C(NC(=O)c1cc(Cl)ccc1C(F)(F)F)C(=O)c1ccc(C#N)cc1,[-1.         -1.         -0.75891584  1.         -1.        ]
COc1cc(C2c3cc4c(cc3C(OC3OC5COC(c6ccccc6)OC5C(O)C3O)C3COC(=O)C23)OCO4)cc(OC)c1OC,[ 1.         -1.         -1.          0.8158301   0.84127843]
CC(=O)OOC(C)(C)C,[ 1.        -1.        -1.        -1.        -0.6428669]
CCc1ccc(OCC(=O)O)c(-c2ccc(S(C)(=O)=O)cc2)c1,[-1.  1. -1. -1.  1.]
CCN(CC)CCn1c2ccccc2c2cnc(N)c(C#N)c21,[ 1.  1. -1.  1. -1.]
CCOC(=O)NNc1nncc2ccccc12,[-0.9742033  0.9361171 -1.        -1.        -0.9985523]
Cc1ccccc1-n1c(Cn2nc(-c3ccc(O)c(F)c3)c3c(N)ncnc32)nc2cccc(C)c2c1=O,[ 1.  1. -1. -1.  1.]
CC=CCC(C(=O)O)c1ccc(-c2ccccc2)cc1,[ 1.  1. -1.  1. -1.]
CCCCCCCCc1ccccc1O,[ 1.  1. -1. -1.  1.]
COc1ccc2c(C)cc(=O)n(CCN3CCC(NCc4cc5c(cn4)OCCO5)CC3)c2c1,[-1.  1. -1.  1.  1.]
Clc1cn[nH]c1,[ 1. -1. -1. -1. -1.]
CCOC(=O)C1CCCN1N=O,[ 1.         -1.         -1.         -0.80215174 -1.        ]
CCOP(=O)(OC=C(Cl)Cl)OCC(Cl)CCl,[ 1.         1.        -1.        -0.9999947 -0.7670678]
N#Cc1cc(Br)c(O)c(Br)c1,[ 0.9335696   1.         -1.         -1.          0.59407294]
O=C1C=CC(=O)N1c1c(F)c(F)c(F)c(N2C(=O)C=CC2=O)c1F,[ 1.          0.10063643 -1.          1.         -1.        ]
C[C@H]1CN(Cc2cc(Cl)ccc2OCC(=O)O)CCN1C(=O)Cc1ccc(Cl)cc1,[ 1.          1.         -1.         -1.          0.74600923]
C1CCC2CCCCC2C1,[ 0.7334679 -0.6082814 -1.        -1.        -1.       ]
Cc1c(CC(=O)O)c2ccccc2n1C(=O)c1ccccc1,[-1.          0.95745784 -1.         -0.9980881  -0.96183276]
NC(=O)CCl,[ 1. -1. -1. -1. -1.]
CCOc1ccccc1C(N)=O,[-1.         0.2774868 -1.        -1.        -1.       ]
O=C(O)CCC(=O)c1ccc2oc3ccccc3c2c1,[ 0.93542045  1.         -1.         -1.          0.31237182]
O=C(O)CCCCCCCl,[ 1. -1.  1.  1.  1.]
Cn1cnc(S(=O)(=O)N(CCN(Cc2cncn2C)c2ccc(C#N)cc2)CC2CCCCC2)c1,[ 0.9984072  1.        -1.        -1.        -0.6944803]
O=C1COc2ccc(CNC3CCN(CCN4C(=O)COc5ccc(-c6ccco6)cc54)CC3)nc2N1,[ 1.  1.  1. -1.  1.]
Fc1c(Cl)c(Br)c2nc(C(F)(F)F)[nH]c2c1Cl,[ 1.          1.         -1.         -1.         -0.89187056]
C=CCOC(=O)C1CC2OC2CC1C,[ 0.99958515  1.         -1.         -1.          0.9995907 ]
CO/N=C(/C(=O)NC1C(=O)N2C(C(=O)[O-])=C(C)CSC12)c1csc(N)n1,[ 1.         1.         1.        -1.         0.9308566]
COP(=O)(OC)OC(=CCl)c1cc(Cl)ccc1Cl,[ 1.  1. -1. -1.  1.]
O=C(OCCc1ccccc1)c1ccccc1,[-1.  1. -1. -1.  1.]
CC(C)C(O)(c1ccc(OC(F)(F)F)cc1)c1cncnc1,[ 1.  1. -1. -1.  1.]
O=C1C=CC(=O)O1,[-0.3040729   0.97523665 -1.         -1.         -0.9710144 ]
CC(=O)Nc1c(I)c(NC(C)=O)c(I)c(C(=O)O)c1I,[-1.         -0.35367066 -1.         -1.          1.        ]
O=S1(=O)CCCC1,[ 0.96054476  1.         -0.97767663 -1.          0.7365467 ]
CCCCC(CC)COC(=O)c1ccccc1C(=O)O,[ 1.  1. -1.  1.  1.]
COc1cc2nnc(C(N)=O)c(Nc3ccc(F)cc3F)c2cc1OC,[-0.92303026  1.         -1.         -1.          1.        ]
CN1CC(C(=O)NC2(C)OC3(O)C4CCCN4C(=O)C(Cc4ccccc4)N3C2=O)C=C2c3cccc4[nH]cc(c34)CC21,[ 1. -1. -1.  1.  1.]
Cc1onc(-c2ccccc2)c1-c1ccc(S(N)(=O)=O)cc1,[ 1.  1. -1. -1.  1.]
CCCOC(=O)c1ccc(C(=O)OCCC)nc1,[ 1.         1.         1.        -1.        -0.1297832]
CCC(CC)COCCOC(=O)CCCCC(=O)OCCOCC(CC)CC,[ 1.          1.          0.65215355 -1.          0.9754115 ]
CN(N=O)c1ccc(N=Nc2ccccc2)cc1,[ 0.27635542  1.         -1.          1.          1.        ]
O=C(Nc1ccc(Br)cc1)c1cc(Br)cc(Br)c1O,[-1.         -0.82618856  0.6527168  -1.          1.        ]
COCCOc1cnc(NS(=O)(=O)c2ccccc2)nc1,[ 1.          1.         -1.         -1.          0.53039557]
Cc1nocc1C(=O)Nc1ccc(-c2ccccc2OC(F)(F)F)c(N)n1,[ 0.74857366 -1.          1.          1.         -0.7964211 ]
COc1cnc(-c2ccccn2)nc1N1CCCCC1,[-1.          1.         -1.          0.45617217  0.8671171 ]
CNC(=O)Oc1ccccc1C1OCC=CCO1,[ 0.7680873 -1.        -1.        -1.         0.5316291]
CCOC(=O)[C@H](CCc1ccccc1)N[C@@H](C)C(=O)N1CCC[C@H]1C(=O)O,[ 1.          0.99793905 -1.          0.4751449   1.        ]
CCNC(C)C(C)C,[-0.4763814  -1.         -0.9826797  -0.31160182  1.        ]
CC(C)NCC(O)COc1ccc(NC=O)cc1,[ 1.  1. -1. -1. -1.]
CC(C)NC(=O)OC1CCN(CCCC(=O)c2ccc(F)cc2)CC1,[ 0.978888   1.        -1.        -1.        -0.6266208]
C#CC#CC/C=C\CCCCCC(C)=O,[ 1.  1. -1. -1. -1.]
CCCCCCCC(=O)Oc1ccc(C)cc1,[-1.         0.5686662 -1.        -1.         1.       ]
N#CC(=NOCC1OCCO1)c1ccccc1,[ 1.         -1.         -1.         -0.8548027   0.86423105]
CN(C(=O)Cc1cccc2sccc12)C1CCCCC1[NH+]1CCCC1,[ 1.          1.         -1.          0.99326     0.01755366]
O=C(NCNC(=O)NC1C(=O)NC(=O)N1CO)NC1C(=O)NC(=O)N1CO,[ 1.          1.         -1.          1.          0.76585877]
ClCc1c(Cl)cc(Cl)cc1Cl,[ 1.         0.6688012 -1.        -1.         0.4662738]
COC1CC2CC1C1CC(C=O)CC21,[-1.        -1.        -1.         1.         0.7418175]
Cc1c(O)cccc1O,[ 0.78623456  1.         -1.         -1.          1.        ]
ONc1ccccc1,[ 1.          1.          0.80345774 -1.         -1.        ]
CC(C)=C1CCC(C)CC1=O,[ 1.          0.77303404 -1.         -1.          1.        ]
CNC(=O)Oc1ccc(Cl)c2c1OC(C)(C)C2,[ 1.  1. -1. -1. -1.]
CC(CCl)OC(C)CCl,[-1.          1.         -1.          0.87308025 -0.995013  ]
CCOC(=O)c1ccc(O)cc1,[-1.  1.  1.  1. -1.]
Cc1ccc(N2CCN(C(=O)[C@H](C)Cc3ccc(Cl)cc3)CC2)c([C@@H](NC(=O)CCN(C)C)C(C)C)c1,[ 1. -1. -1.  1. -1.]
C=CC=O,[ 1.          1.         -0.9536205  -1.         -0.95175993]
C=CCC1(C(C)C#CCC)C(=O)NC(=O)N(C)C1=O,[ 0.90473044  1.         -1.         -1.          1.        ]
Nc1cc(Cl)c(N)c(Cl)c1,[ 0.59352374  1.         -1.         -1.         -1.        ]
Cc1ccccc1,[-1.        -1.         0.9685464  1.        -1.       ]
CCOC(=O)C1(c2ccccc2)CC[NH+](C)CC1,[-1.  1. -1. -1. -1.]
CC(C)c1ccc2c(c1)CCC1C(C)(C(=O)O)CCCC21C,[-0.54897445  1.         -1.         -1.         -0.5909479 ]
Nc1ccc(-c2ccccc2N)cc1,[-1.         1.        -1.        -1.         0.9585821]
Cc1ccc(S(=O)(=O)N2N=Cc3oc(C)cc3B2O)cc1,[ 1. -1. -1.  1.  1.]
CC(C)NCC(O)COc1ccc(COCCOC(C)C)cc1,[ 1.          1.         -1.          0.41205156  1.        ]
c1ccc(P(c2ccccc2)c2ccccc2)cc1,[ 1.          1.         -1.          0.10549445  0.2523592 ]
Cc1cc(COc2ccc(C(=O)N[C@@H]3C[C@@]4(CCCO4)C[C@@H]3C(=O)NO)cc2)c2ccccc2n1,[ 1. -1. -1. -1. -1.]
CCOP(=S)(Oc1cnn(C)c(=O)c1)OC(C)C,[ 1.         -1.          1.          1.          0.36027962]
CCOCCC(=O)OCC,[-1.         0.9990833 -1.        -1.         1.       ]
CNc1nc2cc(Cl)ccc2o1,[ 1.          1.         -1.         -1.         -0.17351669]
O=C(O)c1c(O)c(O)cc2ccccc12,[ 1.         1.        -1.         1.        -0.3530947]
Cc1cc(COc2ccc(C(=O)N[C@@H]3CC4(C[C@@H]3C(=O)NO)OCCO4)cc2)c2ccccc2n1,[-1.  1. -1.  1. -1.]
COC(C)(C)C,[-0.83228326 -1.         -1.         -1.         -1.        ]
NC(=O)c1cc2cc(CN3CCCCC3)ccc2o1,[ 1.         -0.97440207 -0.85107255  0.9747156  -1.        ]
N#Cc1ccc2ccc(=O)n(CCN3CC[C@H](NCc4ccc5c(n4)NC(=O)CO5)[C@H](O)C3)c2c1,[ 0.94367254  0.9999851  -1.         -1.          1.        ]
CCCOP(=S)(OCCC)OP(=S)(OCCC)OCCC,[ 0.73552436  1.         -0.39681497 -1.          0.30729032]
OCc1cc(C(O)C[NH2+]CCCCCCOCCOCc2c(Cl)cccc2Cl)ccc1O,[-1. -1. -1.  1. -1.]
ClCCCCCCCCC(Cl)(Cl)Cl,[ 1.  1. -1. -1. -1.]
C=CCc1cc(OC)c(OC(C)C(O)c2cc(O)cc(OC)c2)c(OC)c1,[ 1.         -1.         -0.78364986 -1.          0.853028  ]
NC(=O)c1cnc(N[C@H]2CCCNC2)c2cc(-c3ccc(Cl)c(F)c3)sc12,[-0.986109   -1.          1.          0.99209064 -1.        ]
CCOC(=O)N(Cc1ccccc1)C1CC1,[ 1.         1.        -1.        -1.        -0.9967232]
CC(/C=C/C(C)C(C)(C)O)C1CCC2/C(=C/C=C3CC(O)CC(O)C3)CCCC21C,[ 0.39120463  1.         -1.          1.         -1.        ]
C[C@H](c1nc2ncccc2c(=O)n1-c1ccc(Cl)cc1)N(CC1CCS(=O)(=O)CC1)C(=O)Cc1ccc(C(F)(F)F)c(F)c1,[ 1.         -0.30499366 -1.          1.          1.        ]
Cn1c(N)c(NC(=O)NCC[NH3+])c[n+]1CC1=C(C(=O)[O-])N2C(=O)C(NC(=O)/C(=N/OC(C)(C)C(=O)[O-])c3nsc(N)n3)C2SC1,[ 0.8436275 -1.        -1.        -1.        -1.       ]
O=C(CCCN1CCC(O)(c2ccc(Br)cc2)CC1)c1ccc(F)cc1,[ 1.          0.15372823 -1.         -1.         -0.54456806]
CN(N=O)c1ccc(C=O)cc1,[-1.         1.        -1.         1.        -0.9747896]
Cc1cn([C@H]2CCCN([C@H](C)c3ccc(C(=O)O)c(Oc4cccc(Cl)c4)c3)C2)c(=O)[nH]c1=O,[-1.          1.         -1.         -1.          0.99145013]
O=[N+]([O-])c1ccc(C=Cc2ccc([N+](=O)[O-])cc2S(=O)(=O)O)c(S(=O)(=O)O)c1,[ 1.         1.        -1.        -1.        -0.8188263]
CCCCC[Si](OC)(OC)OC,[ 0.45111784  1.         -1.         -1.          1.        ]
CCCC=C(C=NCCCCCCCCCCCCCCCCCCCCC)CC,[ 1.  1. -1. -1. -1.]
COCCOCCOC(=O)[C@H](Cc1ccc(OC(=O)N(C)C)cc1)NC(=O)[C@H]1N(S(=O)(=O)c2cnn(C)c2)CSC1(C)C,[ 1.  1. -1. -1.  1.]
CC(C)OCC1CO1,[ 0.74111354  1.         -1.         -1.          0.99968123]
CS(=O)(=O)O,[ 0.9610099 -1.        -1.        -1.        -0.9872858]
O=[N+]([O-])c1ccc(Cl)c2nc(C(F)(F)F)[nH]c12,[ 0.98607206 -1.         -1.         -1.          1.        ]
CC(C)NC(=O)c1cc2c(-n3ccc(C(F)(F)F)n3)c(-c3cncc(C(=O)O)c3)cnc2[nH]1,[ 0.337554 -1.       -1.       -1.       -1.      ]
OCCOCCO,[ 1.        1.       -1.       -1.       -0.998996]
CO/N=C(/C(=O)NC1C(=O)N2C(C(=O)[O-])=C(C[n+]3ccn4ncccc43)CSC12)c1nsc(N)n1,[-0.17341235  1.         -1.         -1.          1.        ]
Cc1c(Cc2ccc3ccccc3n2)c2cc(F)ccc2n1CC(=O)O,[ 1.          1.         -1.         -0.08875173  0.9955432 ]
O=P([O-])([O-])C(Cl)(Cl)P(=O)([O-])O,[-1.         1.         1.        -1.        -0.6246396]
CSC(=S)N(C)C,[ 1.         0.7700264 -0.9982228 -1.         0.7088364]
CCCCOCCOP(=O)(OCCOCCCC)OCCOCCCC,[-1. -1. -1. -1.  1.]
CC(C)[NH2+]CC(O)COc1cccc2[nH]ccc12,[ 0.9999668  1.        -1.         0.5929849  0.6324608]
Clc1ccc(Cl)c(Cl)c1Cl,[ 1.         -0.38780394 -1.         -1.          1.        ]
C[C@@H](NC(=O)C1(NC(=O)C(F)(F)F)CC1)c1ccc(-c2cc(Cl)cc(Cl)c2-c2nnn(C)n2)cc1F,[ 1.          1.         -1.         -1.         -0.64533633]
Cc1cc(Cl)ccc1N,[-1.  1. -1. -1.  1.]
O=C(O)Cc1ccccc1,[ 1.  1. -1. -1.  1.]
COCCOc1ccc(N2CCN(CCn3ncc4c3nc(N)n3nc(-c5ccco5)nc43)CC2)cc1,[ 1.  1. -1. -1. -1.]
C=COCCO,[ 0.63647765  1.         -1.         -1.          1.        ]
O=S(=O)(O)NC1CCCCC1,[-0.9978611  1.        -1.         1.        -1.       ]
O=[N+]([O-])c1ccccc1Cl,[ 1.  1.  1. -1. -1.]
ClCCN(CCCl)c1ccccc1,[ 1.  1. -1.  1.  1.]
C#CC(C)(C)NC(=O)c1cc(Cl)cc(Cl)c1,[-1.         0.845932  -1.         1.        -0.9925724]
CC(=O)NCc1cccc(C(=O)O)c1,[-1.          0.05464151 -1.          0.86933523 -1.        ]
CCOc1ccc(NC(N)=O)cc1,[ 1. -1. -1.  1. -1.]
Cc1ccc(S(=O)(=O)NC(=O)N2CCC(N3CCC(Oc4ccc(Cl)c(C)c4Cl)CC3)CC2)cc1,[-1. -1. -1.  1.  1.]
COc1ccc(CC[NH+](C)CCCC(C#N)(c2cc(OC)c(OC)c(OC)c2)C(C)C)cc1OC,[-0.97824776  1.         -0.9872726  -0.80373734  0.9114126 ]
CCC[C@@H](c1ccc(C(=O)O)c(Oc2cccc(Cl)c2)c1)N1CCC[C@H](n2cc(C)c(=O)[nH]c2=O)C1,[-1.  1. -1. -1.  1.]
C=CC(N)=O,[-1.         1.        -1.        -1.        -0.8791587]
C[C@H]1C(=O)N[C@H](C)C(=O)N(C)[C@H](C)C(=O)N(C)[C@@H](C)C(=O)N(C)[C@H](C)C(=O)N(C)[C@@H](C)C(=O)N1C,[-0.8783598  -1.          0.6857167  -1.          0.87002784]
CC(C)C[C@H](CO)Nc1nc(S[C@@H](C)c2ccccc2)nc2[nH]c(=O)sc12,[ 0.99919826  1.         -1.          0.01126828  0.54842055]
CC(O)c1ccc2c(c1)N(CCN1CCC(NCc3ccc4c(n3)NC(=O)CO4)CC1)C(=O)CO2,[-1.  1. -1.  1. -1.]
COc1ccc(OC)c(Cc2cnc3nc(N)nc(N)c3c2C)c1,[ 0.5577476   0.19679204 -1.         -0.5113876  -0.827298  ]
Nc1nc2ccc(OC(F)(F)F)cc2s1,[-1.  1. -1. -1.  1.]
N#CN=c1ccccn1Cc1ccc(Cl)cc1,[-1.  1. -1. -1.  1.]
CC(=O)OC1c2c(ccc3ccc(=O)oc23)OC(C)(C)C1OC(=O)C=C(C)C,[ 1.        1.       -1.       -1.        0.842598]
O=CN(c1ncnc2c1ncn2CC1CC1)C1CC1,[ 0.5364853  1.        -1.         1.         0.1526548]
Cc1cccc2sc3nncn3c12,[ 1.          1.         -1.          0.96090174  0.7062407 ]
Cc1cc(Nc2nc(N[C@@H](C)c3ccc(F)cn3)c(C#N)cc2F)n[nH]1,[ 1.  1. -1. -1. -1.]
CCN(Cc1cccc2ccccc12)c1cc(N2CCOCC2)nc(=O)[nH]1,[ 1.         1.        -0.9556568 -1.         1.       ]
FC(F)(F)c1nc2c(Cl)c(Cl)cc(Cl)c2[nH]1,[ 1.  1. -1. -1. -1.]
C[C@H]1COc2c(N3CCN(C)CC3)c(F)cc3c(=O)c(C(=O)O)cn1c23,[ 1. -1. -1. -1. -1.]
C#CCN(C)Cc1ccccc1,[ 1.         -0.31199476  1.         -0.5063566   1.        ]
O=C1c2ccccc2C(=O)c2c1ccc(C(=O)O)c2[N+](=O)[O-],[ 1. -1. -1. -1.  1.]
COP(=S)(OC)SCCSC,[ 1.          0.62802815  1.         -1.          0.56831217]
CC(C)CC(=O)O,[-0.9824266   1.         -1.         -1.         -0.75183666]
CCOP(=O)(OCC)Sc1c(Cl)c(Cl)c(Cl)c(Cl)c1Cl,[-0.48570916 -0.70505476 -1.         -1.          0.49328804]
C=CCSP(=O)(NC(=O)CC)OC,[-1.  1.  1.  1.  1.]
CCCCOP(=O)(SCC)SCc1ccccc1,[ 1.          1.         -1.         -0.99894863 -1.        ]
CC1CSC(c2ccccc2OC(=O)N(C)C)S1,[-1.          1.         -1.          0.72534174 -1.        ]
O=C1CCCCC1Cc1ccc2c(c1)OCO2,[ 0.7266769   1.         -0.80335885  0.6473808  -0.16762827]
Fc1cc2[nH]c(C(F)(F)F)nc2c(Br)c1Cl,[-1. -1.  1. -1.  1.]
CCSC(=O)N1CCCCCC1,[-1.  1.  1. -1.  1.]
O=C(Nc1cccc(Cl)c1)Nc1nnc(-c2ccncc2)s1,[ 1.          1.          1.         -1.          0.57988113]
CNC(=O)C(Cl)C(C)=O,[ 0.8489085  1.        -1.        -1.         0.8348487]
C[NH2+]C1C(O)C(OC2C(NC(=O)C(O)CC[NH3+])CC([NH3+])C(OC3OC(CNCCO)=CCC3[NH3+])C2O)OCC1(C)O,[ 1.          1.         -0.95373833  1.         -1.        ]
CC(=O)OC12CCC(C)=CCC13CCC2C(C)(C=CC=C(C)C(=O)O)OC3=O,[ 1.         -0.56959647 -1.         -1.          0.73809874]
Cc1cc(F)ccc1-n1nc(C(F)(F)F)cc1-c1ccc2c(c1)NC(=O)CO2,[-1.         -1.         -0.72301424  0.5760332   0.19509971]
C#CCOS(=O)OC1CCCCC1Oc1ccc(C(C)(C)C)cc1,[-1.         1.        -1.        -1.        -0.5246775]
C=COP(=O)(OCC)OC(CCl)c1cc(Cl)c(Cl)cc1Cl,[ 0.9999467   1.         -1.         -1.         -0.11232115]
CN(C)C(=S)N(C)C,[-0.35114676 -1.         -1.         -1.          1.        ]
CC(C)CNC(=O)[C@H](C)NC[C@H](Cc1ccccc1)NC(=O)c1cc(C(=O)N[C@H](C)c2ccc(F)cc2)cc(N(C)S(C)(=O)=O)c1,[ 1.          0.996005   -1.         -0.9537036   0.97986364]
O=C1COc2nccc(-c3ccccc3F)c2CN1Cc1cc(C(F)(F)F)cc(C(F)(F)F)c1,[ 0.98668367  1.         -1.         -1.         -1.        ]
COc1cccc(C(=O)N2C(C(=O)O)CSC2c2ccccc2Cl)c1,[-1.          1.          1.         -1.         -0.99991506]
CC[NH+](CC)CCNC(=O)c1cc(Br)c(N)cc1OC,[ 1.  1. -1.  1. -1.]
CN1CCNCC1,[ 1.  1. -1.  1.  1.]
CCN(CC)CCNC(=O)c1ccc(NC(C)=O)cc1,[-1.          1.         -0.16154526  0.23905711 -1.        ]
O=C(O)CN(CC(=O)O)CC(=O)O,[ 1.         1.        -1.         1.        -0.5097496]
CC1=CC2OC3C(O)C(O)C(C)(C2(CO)CC1O)C31CO1,[ 1.        -1.        -1.         1.         0.8954842]
COc1ccc(-c2oc3cc(O)cc(O)c3c(=O)c2O)cc1O,[ 0.63787913  1.         -1.          1.         -0.993785  ]
NS(=O)(=O)c1cc(-c2nnn[nH]2)c(NCc2cccs2)cc1Cl,[-1.         -1.         -1.         -1.         -0.99829966]
c1ccc2c(c1)CCCC2,[ 1.         1.        -1.        -1.        -0.9994934]
COP(=S)(Oc1ccc([N+](=O)[O-])cc1)OC(C)C,[ 1.          1.         -1.         -0.99997675  1.        ]
O=C(O)COc1ccc2ccccc2c1,[ 1.  1. -1.  1. -1.]
CCC(C)(C)c1ccc(O)cc1,[ 1.         -1.         -0.53319955 -1.          0.9064338 ]
OC(Cn1cncn1)(c1ccc(F)cc1)c1ccccc1F,[-1.          1.         -1.         -1.         -0.83941084]
CCOCCOCC,[ 1.         1.         1.        -1.        -0.5944384]
CO[C@@]1(NC(=O)Cc2cccs2)C(=O)N2C(C(=O)O)=C(COC(N)=O)CS[C@@H]21,[ 1.  1. -1. -1. -1.]
CC(C)c1cccc(OC(=O)N(C)N=O)c1,[-1.         -1.          0.86173475 -1.          0.33019787]
CO[C@H]1CC[C@]2(CC1)Cc1ccc(-c3cc(Cl)cc(C#N)c3)cc1C21N=C(C)C(N)=N1,[-1.  1. -1. -1. -1.]
CCCc1ccc(OC)cc1,[ 1. -1. -1. -1.  1.]
C=C(CO)C(=O)OCC,[-1.         1.        -0.9213113 -1.        -0.9678593]
CCOP(=S)(OCC)Oc1cc(Cl)c(Br)cc1Cl,[ 1. -1.  1.  1.  1.]
Cc1cccc(CN2CCN(C(c3ccccc3)c3ccc(Cl)cc3)CC2)c1,[-1.  1. -1. -1. -1.]
CC(=O)OCC12CCC(C)=CC1OC1C(O)C(OC(C)=O)C2(C)C12CO2,[ 0.4400247  1.        -1.         1.         1.       ]
Cc1nc(N)ccc1CNC(=O)Cc1c(C#N)ccc(NCC(F)(F)c2ccccn2)c1F,[-1.          0.99876976 -1.          1.          1.        ]
CCC1(c2ccccc2)C(=O)NCNC1=O,[-1.        1.       -1.       -1.       -0.995694]
C=CC(=O)OCCOCCOCCOCCOC(=O)C=C,[ 1.          1.          1.         -1.         -0.80169916]
COc1ccc(-c2cc(N)c3c(c2O)C(=O)c2c(N)ccc(O)c2C3=O)cc1,[-1.         -1.          1.         -1.          0.92015517]
O=C(O)COc1ccc(Cl)cc1CN1CCN(S(=O)(=O)Cc2ccccc2)CC1,[ 1.  1. -1. -1.  1.]
CCCCCCCCC=CCCCCCCCC(=O)OCC1CO1,[ 1.  1. -1. -1.  1.]
C#CC1(O)C(CO)OC(n2ccc(N)nc2=O)C1O,[-1.        1.       -1.       -0.923912 -1.      ]
Cc1cc(O)cc(C)c1Cl,[-0.9899257  -1.         -0.97485274 -1.         -1.        ]
Cn1c(CNc2ccc(C(N)=[NH2+])cc2)nc2cc(C(=O)N(CCC(=O)[O-])c3ccccn3)ccc21,[-0.6662537  1.        -1.        -1.         1.       ]
CC(NNC(=O)c1ccccc1)c1ccccc1,[ 0.9871219  0.9981051 -1.        -1.         1.       ]
CCOP(=S)(OCC)SC1CCOC1=O,[ 1.  1.  1. -1. -1.]
C[C@]12CC(=O)[C@H]3[C@@H](CCC4=CC(=O)C=C[C@@]43C)[C@@H]1CC[C@]2(O)C(=O)CO,[ 1.         1.         0.8673394  1.        -1.       ]
C=CC[N+]12CCC34c5ccccc5N5/C=C6/C7CC8C9(CC[N+]8(CC=C)C/C7=C/CO)c7ccccc7N(/C=C(/C(CC31)/C(=C/CO)C2)C54)C69,[-1. -1. -1.  1.  1.]
Cc1cnc(N/C(O)=C2/C(=O)c3ccccc3S(=O)(=O)N2C)s1,[ 0.6817198   1.         -0.75646055 -1.          1.        ]
S=C(NNc1ccccc1)NNc1ccccc1,[-1.          1.         -1.          1.         -0.57653797]
COc1cnc(-c2c(C)ccc(F)c2CCNC(=O)c2ccc(COCC(F)(F)F)nc2)cn1,[ 1.  1.  1. -1. -1.]
CC(C)N(CCCNC(=O)Nc1ccc(C(C)(C)C)cc1)C[C@H]1O[C@@H](n2cnc3c(N)ncnc32)[C@H](O)[C@@H]1O,[ 1.          1.         -1.         -1.         -0.50395334]
[O-][N+]1=C(c2ccccc2)c2cc(Cl)ccc2N=C(NCC2CC2)C1,[ 0.9298445   0.98154753 -1.         -0.99959546  0.70701265]
CC(Cl)(Cl)[N+](=O)[O-],[-1.          1.         -1.          1.          0.69722605]
c1ccc(C2(N3CCCCC3)CCCCC2)cc1,[ 1.          1.         -1.         -0.37200838 -0.39687   ]
CNC(=O)C(SP(=S)(OC)OC)C(=O)NC,[ 1.          1.         -1.          1.         -0.63308734]
Nc1scc2c(C(=O)NC3CC3)nn(-c3ccc(F)cc3)c(=O)c12,[ 1.  1. -1.  1. -1.]
CN(CCc1ccccc1)N=O,[ 1.          1.         -0.2763916  -0.30659822  0.3866406 ]
Cc1cccc(N2CCN(CC=Cc3ccc4c(c3)CCC(=O)N4)CC2)c1,[-0.96877974 -1.         -1.         -0.9403623  -1.        ]
CC(=O)OC(C)CC(C)C,[ 1.          1.         -0.99419737 -1.         -0.98734915]
NC1CC([NH3+])C(OC2OC(C[NH3+])C(O)C(O)C2O)C(O)C1OC1OC(CO)C(O)C(N)C1O,[ 1.          1.          1.         -1.         -0.99996924]
CCCCOC(=O)COc1ccc(C(=O)CN2CCN(C3CCN(C(=O)OCc4oc(=O)oc4C)CC3)CC2=O)cc1,[ 1.         -1.          1.         -0.99629074 -0.14661789]
COP(=S)(OC)SCN1C(=O)CSC1=O,[-1. -1.  1.  1. -1.]
CC1=CCC(=O)O1,[ 1.         1.        -1.        -1.         0.7887239]
CCc1cnc(C(=O)O)c(C(=O)O)c1,[ 1.        -1.        -1.        -0.9986409 -0.961283 ]
Clc1c(Cl)c(Cl)c(Cl)c(Cl)c1Cl,[ 0.75825554  1.         -1.         -1.         -0.6894184 ]
N#CSCSC#N,[-0.8137309   1.         -0.77993417  0.57115614 -0.8327947 ]
CCN(CC)CCN1C(=O)[C@@](O)(c2ccccc2Cl)c2c1cc(C(N)=O)cc2C(F)(F)F,[ 1.  1. -1.  1. -1.]
C[C@]12Cc3cnn(-c4ccc(F)cc4)c3C=C1CC[C@@]2(O)CCc1ccc(F)cc1C(N)=O,[-1.         0.8935526 -1.        -1.        -1.       ]
CC(=NNc1nc(C)cc(C)n1)c1ccccc1C,[ 1.          1.         -0.962802   -1.         -0.95951307]
Cc1cccc(C)c1NC(=O)C(C)N,[ 1.          0.9945219  -1.         -0.9711793   0.04586712]
CNC(=O)ON=C1CCCC1(C)C#N,[ 1.         -1.         -1.          0.94186616 -1.        ]
O=C(O)c1ccc2ccccc2c1,[ 0.65427744  0.99999726 -1.         -1.          1.        ]
C[C@H](Nc1ncc(F)c(Nc2cc(N(C)C)[nH]n2)n1)c1ncc(F)cn1,[ 1.  1.  1. -1.  1.]
CCCCN1C(=O)c2cccc([N+](=O)[O-])c2C1=O,[ 1.  1. -1. -1.  1.]
Cc1c(Cl)ccc2[nH]c(C(F)(F)F)nc12,[ 0.7924704   1.         -1.         -1.         -0.47181246]
N=C(N)c1ccc(CNC(=O)[C@@H]2CCN2C(=O)[C@H](NCC(=O)O)C2CCCCC2)cc1,[ 1.        -1.        -1.        -1.        -0.9275322]
N#Cc1ccc(C[C@@H](C(=O)O)N2CCC(CN3CCC(Oc4ccc(Cl)c(Cl)c4)CC3)CC2)cc1,[ 1.          1.         -1.         -1.          0.83445096]
CN(C)c1ccc(C(O)(c2ccc(N(C)C)cc2)c2ccc(N(C)C)cc2)cc1,[ 1.         0.9995239 -1.        -1.        -1.       ]
CCOC(=O)N(C)SN(C)C(=O)ON=C(C)SC,[ 0.969166   1.        -1.        -0.7001686 -1.       ]
CCCCOC(NC(=O)c1ccccc1O)C(Cl)(Cl)Cl,[ 0.4307779  1.        -1.        -1.         1.       ]
C=Cc1ccc(CC)cn1,[-1.         1.        -1.         0.6741979 -1.       ]
COc1cc2ncc(C(N)=O)c(Nc3cc(F)ccc3F)c2cc1OC,[ 1.         0.8694972 -1.        -1.        -1.       ]
Cc1cc(C)n(SC(Cl)(Cl)Cl)n1,[-1.         1.        -1.        -1.         0.8162561]
O=C([O-])Cn1c(=O)c(=O)[nH]c2cc([N+](=O)[O-])c(-n3ccnc3)cc21,[ 0.9930197  1.        -1.        -1.        -0.5167422]
NCc1cccc(-n2nc(C(F)(F)F)cc2C(=O)Nc2ccc(-c3ccccc3S(N)(=O)=O)cc2F)c1,[ 1. -1. -1. -1. -1.]
COC(C)(C)CCCC(C)C(C)O,[-1. -1. -1. -1. -1.]
Oc1cc(Cl)c(Br)cc1Cl,[ 1.  1. -1. -1. -1.]
CCC(Cl)(CC)C(=O)OCC(Cl)(Cl)Cl,[ 1.        -1.        -1.         1.        -0.8877854]
CCN(CC)C(=O)C(Cl)=C(C)OP(=O)(OC)OC,[ 1.  1. -1. -1. -1.]
CCC(C)c1ccccc1OC(=O)NC,[-1.  1. -1. -1.  1.]
CC(C)Nc1ccccc1,[ 1.        -1.        -1.        -1.        -0.7017746]
CCCOc1ccc(C=CC(=S)OCC)cc1OC,[-0.06026048  1.          1.         -1.          1.        ]
CC1C[NH2+]C(C2CC2)C(=O)N(C)C(C)C(=O)NC(Cc2ccc(F)cc2)C(=O)NCCCc2ccccc2O1,[ 1.  1. -1. -1.  1.]
O=C(O)CCCCCCI,[ 1.         1.        -1.         0.6280808  1.       ]
O=C(Nc1nc2ccc([N+](=O)[O-])cc2s1)c1ccc([N+](=O)[O-])cc1,[ 1.          1.         -0.9908661  -0.77609545  0.52990633]
CC(C)(c1ccc(Oc2ccc(N)cc2)cc1)c1ccc(Oc2ccc(N)cc2)cc1,[-1.          1.         -1.          0.99807495  1.        ]
Nc1ccc(O)c(C(=O)[O-])c1,[-1.  1. -1. -1. -1.]
N#CC(Cl)CCl,[ 1. -1. -1.  1.  1.]
CCCCCN(N=O)C(N)=O,[ 1.         -0.68327504 -1.         -1.          1.        ]
O=[N+]([O-])c1ccc(O)c(N=Nc2c(S(=O)(=O)O)cc3cc(S(=O)(=O)O)cc(Nc4nc(Cl)nc(Cl)n4)c3c2O)c1,[ 1.  1. -1. -1.  1.]
CCOP(=S)(OCC)ON1C(=O)c2cccc3cccc(c23)C1=O,[ 1.  1. -1.  1. -1.]
Cc1c(CN2CCOC(c3ccccc3)C2C)c(=O)n(-c2ccccc2)n1C,[-0.9657251  1.        -1.         1.        -0.5594292]
CN(C)CCOC(=O)COc1ccc(Cl)cc1,[ 0.4659714   1.          0.56858844 -1.         -1.        ]
COc1cc2c(cc1OC)C(CCc1ccc(Cl)cc1)N(C)CC2,[ 0.16436137  1.         -1.         -1.         -0.892661  ]
CCN(CC)CCCl,[-1.          0.7760646  -1.          0.58861566 -1.        ]
CN(C)N=Nc1ccc(I)cc1,[ 1.         0.9999543 -1.        -1.         1.       ]
CCN(CC)CCOC(=O)C(Cc1cccc2ccccc12)CC1CCCO1,[ 0.8362174  1.         1.        -1.         1.       ]
CC[C@@H](CO)Nc1nc(SCc2ccccc2)nc2nc(N)sc12,[-1.  1. -1. -1.  1.]
CC(O)C(=O)O,[-1.          1.         -1.          0.93667537  1.        ]
O=C(O)C1C2CCC(O2)C1C(=O)O,[ 1.  1. -1.  1.  1.]
CC1=CC(=O)OC1=O,[-1.         0.8938595 -1.        -1.         1.       ]
C[Si](C)(C)N=C=N[Si](C)(C)C,[ 1.          1.         -1.         -0.4734565   0.94038963]
Nc1nc(=O)c2c([nH]1)NCC(CNc1ccc(C(=O)N[C@@H](CCC(=O)O)C(=O)O)cc1)N2C=O,[ 0.9088312  1.        -1.         0.9621718 -0.8694489]
Cc1nc(C(=O)[C@H](C)Oc2ccc(SCCCCCc3ccccc3)cc2)sc1CCCC(=O)O,[ 1.  1. -1.  1.  1.]
CN(C)N=O,[ 1.          1.         -1.         -1.          0.77299154]
CC(=CC(O)(C(F)(F)F)C(F)(F)F)CC(O)(C(F)(F)F)C(F)(F)F,[-1.          0.96525544 -1.          0.8561094  -1.        ]
CCOC(=O)CI,[-1. -1. -1.  1. -1.]
O=C(OC1CCC(N2CCCCC2)CC1)C1CCCCC1,[-0.99683213  1.          1.         -1.         -0.96026546]
CCCCCC=CCC=CCCCCCCCC(=O)N(CCO)CCO,[ 1.         0.9937676 -1.        -1.        -0.808322 ]
COP(=O)(Oc1ccc([N+](=O)[O-])c(Cl)c1)SC,[-0.99996936 -1.         -1.          1.         -1.        ]
CCC(O)CO,[-1.         1.         1.        -1.         0.6031015]
CC1/C=C\C=C/C=C\C=C/C=C\C=C/C=C\C(OC2OC(C)C(O)C([NH3+])C2O)CC2OC(O)(CC(O)CC(O)C(O)CCC(O)CC(O)CC(=O)OC(C)C(C)C1O)CC(O)C2C(=O)[O-],[ 0.9435088  1.        -1.        -1.        -1.       ]
CCOC(=O)CC(CC(=O)OCC)(OC(C)=O)C(=O)OCC,[-1.         -1.         -1.         -1.         -0.92727816]
C=CCN(C)N=O,[-0.6356378  1.        -1.        -1.         0.6764988]
Cc1cc(O)cc(C)c1C[C@H](N)C(=O)N1CCC[C@@H]1C(=O)N[C@@H](Cc1c[nH]c2ccccc12)C(=O)N[C@@H](Cc1ccccc1)C(N)=O,[ 1.         -1.         -1.         -0.24878749 -1.        ]
CCOC(=O)c1ccc(NC(=O)Cc2ccc(C(=O)c3ccc(C)cc3)n2C)cc1,[ 1.        -0.8164568 -1.        -1.        -1.       ]
C[N+](C)(C)CCO,[-1.  1. -1. -1.  1.]
CC[C@H](C)[C@H](N)C(=O)O[C@@H]1C[C@@H](n2cc(F)c(=O)[nH]c2=O)O[C@H]1CO,[-1.         -1.         -1.         -1.          0.99997044]
NCCCCO,[ 1.          1.         -1.         -0.94045687 -0.9256511 ]
CCCN(c1ccon1)P(=O)(c1ccccc1)c1ccccc1,[ 1.          1.         -1.         -1.         -0.99800026]
COC(=O)C(C)NP(=O)(OC[C@@H]1C=C[C@H](n2cc(C)c(=O)[nH]c2=O)O1)Oc1ccc(Br)cc1,[ 1.          1.         -1.         -1.          0.54979485]
CCCCCCCCCCCCO,[ 1.        1.        1.       -1.        0.746707]
COc1ccc(CCN2C(=O)N(NS(C)(=O)=O)C[C@@H]2c2ccc(OC)cc2)cc1,[-1.         1.        -1.        -1.        -0.9962651]
CC(=[NH2+])N1CCC(Oc2ccc(C(Cc3ccc4ccc(C(N)=[NH2+])cc4c3)C(=O)[O-])cc2)C1,[-1.          1.         -1.         -1.          0.99935865]
C#CC(C)N(C(=O)CCl)c1ccccc1,[-1.        1.       -1.       -0.997692 -1.      ]
CC(C)(OO)c1ccccc1,[ 1. -1. -1. -1.  1.]
CCCCCC(O)C=CC1C(O)CC(O)C1CC=CCCCC(=O)O,[ 0.63230306  1.         -1.         -1.         -1.        ]
CN1C(=O)CC(N2CCN(CC/C=C3/c4ccccc4COc4ccc(CC(=O)O)cc43)CC2)N(C)C1=O,[-1.          1.         -1.         -1.          0.99835366]
CC(C)(C)NCC(O)COc1ccccc1C1CCCC1,[ 1.          0.68820304 -1.         -1.          1.        ]
CN1CCC23c4c5ccc(O)c4OC2C(N=[N+]=[N-])CCC3C1C5,[-1. -1. -1. -1. -1.]
OCC(Cl)C(Cl)CO,[ 1.  1. -1. -1.  1.]
Nc1nc(/C(=C\CC(=O)O)C(=O)NC2C(=O)N3C(C(=O)O)=CCSC23)cs1,[-1.         1.         1.         1.         0.6708379]
COc1ccc(NC(=O)c2ccnc(N)n2)cc1,[ 1.        0.626012 -1.       -1.        1.      ]
C[C@H](CO)Nc1nc(SCc2ccco2)nc2[nH]c(=O)sc12,[ 1.          0.66639924 -1.         -0.9973892  -1.        ]
CCCn1c(=O)c2[nH]c(C)nc2n(CC(C)C)c1=O,[ 1.          1.         -0.222113    0.95499283  1.        ]
COc1cc2ncc(C(N)=O)c(Nc3ccc(Cl)c(Cl)c3)c2cc1N1CCN(C)CC1,[ 1.          1.          0.70265156  1.         -0.658985  ]
Cc1ccc(S(=O)(=O)Nc2c(C(=O)N[C@@H](C)C(C)(C)C)c(C)nn2CC(F)(F)F)cc1,[-0.99967057  1.         -1.         -1.         -0.7294758 ]
CCOP(=S)(CC)Sc1ccc(C)cc1,[-1.        -0.9794335  1.         1.         1.       ]
COCCO,[ 0.9993911  1.        -1.        -1.         1.       ]
CC(Cl)COP(=O)(OCC(C)Cl)OCC(C)Cl,[ 0.41979602  1.         -1.         -1.          0.48524997]
CN1C[C@H](C(=O)N[C@]2(C)O[C@@]3(O)[C@@H]4CCCN4C(=O)[C@H](Cc4ccccc4)N3C2=O)C=C2c3cccc4[nH]cc(c34)C[C@H]21,[ 1.          1.         -1.         -0.00547176 -0.79343283]
O=c1[nH]c(=O)n([C@H]2O[C@@H](CO)[C@H](O)[C@H]2O)cc1/C=C/Br,[ 1.         -1.         -0.60979223  1.          1.        ]
C=C(c1ccccc1)C1OCC(N)CO1,[ 1.  1. -1. -1. -1.]
C[C@@H]1C[C@H]2[C@@H]3CCC4=CC(=O)C=C[C@]4(C)[C@@]3(F)[C@@H](O)C[C@]2(C)[C@@]1(O)C(=O)COC1O[C@@H](CC(=O)O)[C@H](O)[C@@H](O)[C@@H]1O,[ 0.4148361   1.          0.81925434 -0.18385768 -0.5842178 ]
CC12CCC3C4CCC(=O)C=C4CCC3C1CCC2OC(=O)N(CCCl)N=O,[ 1.          0.8890739  -1.         -1.          0.17422377]
COC(=O)C1C2CC3c4[nH]c5cc(OC)ccc5c4CCN3CC2CC(OC(=O)C=Cc2cc(OC)c(OC)c(OC)c2)C1OC,[1. 1. 1. 1. 1.]
O=[N+]([O-])c1cc([N+](=O)[O-])c(Nc2cc(C(F)(F)F)ccc2Cl)c(C(F)(F)F)c1,[-1.        1.       -1.        1.        0.950764]
Cc1ccc(CC(C)N)cc1,[-1.  1.  1. -1. -1.]
O=C(CF)NNc1ccccc1,[ 1.          0.19609095 -1.          1.          0.92226946]
C=CN(CC)C(C)=O,[ 1.          1.         -1.         -0.11841808 -1.        ]
CCC(C)N(C(=O)c1ccc(Cl)c(Cl)c1)C(C)CC,[ 0.2175152   0.25299188  1.          1.         -0.99575967]
CNC(=O)C(c1ccc2nc(N)n(C3CCCC3)c2c1)c1ccccc1F,[-0.13667631  1.         -1.         -0.93218833  0.7304782 ]
CC(C)CC(C)OC(=O)C=CC(=O)OC(C)CC(C)C,[ 1.          1.         -1.         -1.          0.84704256]
O=Cc1ccccc1C(=O)O,[ 0.9418979 -1.        -1.         0.8971073 -1.       ]
CCOC(=O)CCC[Si](C)(OCC)OCC,[ 1.        1.       -1.        1.       -0.036356]
CC(C)c1cccc(OC(=O)N(C)C(=O)CCl)c1,[ 0.95518315  1.         -0.93542415 -1.         -1.        ]
c1ccc2sc(SN3CCOCC3)nc2c1,[ 0.9990936  0.5742256 -1.        -1.        -0.9686417]
CCOc1ccccc1N1CCN(CCCCc2ccc3c(c2)CCC(=O)N3)CC1,[-1.  1. -1. -1. -1.]
O=C(Nc1cccc(C(F)(F)F)c1)c1nscc1NCc1ccncc1,[ 0.9999671  1.        -1.         1.         0.8755332]
CC(=O)C(C)=Cc1ccccc1,[-1. -1.  1.  1.  1.]
Clc1ccc(N=Nc2ccc(Cl)c(Cl)c2)cc1Cl,[-1.  1.  1.  1. -1.]
C=CN1CCCC1=O,[ 1.  1. -1. -1. -1.]
CN[C@@H](C)C(=O)N[C@H](C(=O)N(C)[C@H]1CCCN(CCc2ccccc2)C1)C1CCCCC1,[ 0.9932674  1.        -1.         1.        -1.       ]
CCCC1C2C=CC(C2)C1C=O,[-1.          0.9981666  -1.          0.96768165 -1.        ]
C[C@@H]([C@@H](O)c1ccc(O)cc1)N1CCC(O)(c2ccccc2)CC1,[ 1. -1. -1. -1.  1.]
N#Cc1ccc(NC(=O)Nc2ccccc2Br)c2nn[nH]c12,[-1.  1. -1.  1.  1.]
CN(C)C(=O)c1cccc(-c2ccccc2)c1O,[ 1.         0.9607243  1.        -1.        -1.       ]
Cc1ccnc2nc(Cc3nc4cc(C(=N)N)ccc4[nH]3)[nH]c12,[ 1.       -1.       -0.985462 -1.        1.      ]
COc1ccc(NC(=O)CF)cc1,[ 1.  1. -1.  1.  1.]
[NH3+]CCCCC(NC(CCc1ccccc1)C(=O)[O-])C(=O)N1CCCC1C(=O)[O-],[ 1.  1.  1. -1.  1.]
CC[C@H](N)C(=O)N[C@H](C#N)Cc1ccc(-c2ccccc2)cc1,[ 1.  1. -1.  1. -1.]
C=CCc1ccccc1,[ 1.  1. -1.  1.  1.]
O=C(O)C(c1ccccc1)N1CCO[C@H](CN2CCC(Oc3ccc(Cl)c(Cl)c3)CC2)C1,[-1. -1.  1.  1. -1.]
COc1ccccc1OCC(O)COC(N)=O,[ 1.         -0.90330535  0.7519339  -1.          0.68710023]
O=C(OCC1CO1)c1ccccc1C(=O)OCC1CO1,[-1.         1.        -1.        -1.        -0.9430182]
C=C1CC(=CC)C(=O)OC2CCN3CC=C(COC(=O)C1(C)O)C23,[-0.945525    1.         -1.          0.81324476 -0.9025854 ]
O=C1C2CC=CCC2C(=O)N1SC(Cl)(Cl)Cl,[ 0.75604403  1.         -1.          0.11782598  0.43653142]
C1=CCCC=CCCC=CCC1,[ 1. -1. -1.  1. -1.]
COC(=O)C1=C(C)NC(C)=C(C(=O)OC)C1c1ccccc1[N+](=O)[O-],[1. 1. 1. 1. 1.]
CC1=C2C[C@H]3[C@@H](CC=C4C[C@@H](O)CC[C@@]43C)[C@@H]2CC[C@]12O[C@@H]1C[C@H](C)CN[C@H]1[C@H]2C,[ 0.64624137  1.         -1.         -1.          1.        ]
BrCC(Br)C1CCC(Br)C(Br)C1,[ 1.         -0.41497406 -1.         -1.          1.        ]
CC1(C)SC2C([NH+]=CN3CCCCCC3)C(=O)N2C1C(=O)[O-],[-0.79450476  1.          1.          1.         -0.65075326]
C[NH+]([14CH3])CCC1=C(Cc2cccnn2)c2ccc(F)cc2C1,[ 0.9793798  1.        -1.        -1.        -0.8121561]
O=c1cc(N2CCOCC2)nc2n(Cc3cccc(Cl)c3Cl)ccn12,[-1.  1. -1. -1.  1.]
CCOC1CC(C)CCO1,[ 0.81919223  0.9837498  -1.         -1.          0.81275797]
CNC(=O)ON=C(CS(C)=O)C(C)(C)C,[-1.          0.79667735 -1.         -1.          1.        ]
CCCOC(=O)CC(SP(=S)(OC)OC)C(=O)OCCC,[ 0.76143205 -0.7218243  -1.          1.          0.7016442 ]
O=CC12CC=CCC1C1CC=CCC1O2,[ 1.         1.        -1.         0.6164326 -1.       ]
Oc1ccc(-c2ccccc2)cc1CN1CCCCC1,[ 1.          0.43368357 -1.         -1.         -1.        ]
C=CC(N)CCC(=O)O,[ 1.          1.         -1.         -1.         -0.03268078]
CC[C@H]1CN(Cc2cc(Cl)ccc2OCC(=O)O)CCN1S(=O)(=O)c1ccccc1,[ 1.          1.         -1.         -1.          0.50376505]
COc1c(O)cc(Cl)c(Cl)c1Cl,[ 1.  1. -1. -1.  1.]
CCOP(C)(=S)Oc1ccc2ncccc2c1,[ 1.  1.  1. -1. -1.]
Cc1ccc2c(c1)c(-c1cc(C)nc3ccccc13)c(C)n2CC(=O)O,[-1. -1.  1.  1.  1.]
O=C(COc1ccc(Cc2ccc(Cl)cc2)cc1)OCc1cccnc1,[-1.          1.          0.67588794 -1.         -1.        ]
O=C(O)CCl,[ 1.         -0.6257181  -1.          1.         -0.86321664]
COc1ccc([N+](=O)[O-])cc1Cl,[ 1.        -1.        -1.        -1.        -0.9841113]
CCCc1ccc2c(c1)OCO2,[-1.         -1.          0.9691951   1.          0.08751286]
COC(=O)c1c(Cl)c(Cl)c(C(=O)SC)c(Cl)c1Cl,[ 0.9039368  1.        -1.        -1.         1.       ]
CN1CCN(CCCCCCCCNC(=O)Oc2ccc3c(c2)C2(C)CCN(C)C2N3C)CC1,[ 1.          1.         -1.          1.          0.99169666]
CCC(C)NCC(O)c1ccc(N)cc1,[ 1.        -1.        -0.7246141  1.        -1.       ]
CCCCCCC=CC=O,[-1.        1.       -1.        1.       -0.654921]
CCCCOC(=O)n1c(Br)nc(Br)c1Br,[-1.        -1.        -1.         1.         0.6053599]
COc1ccc2cc1Oc1cc3c(cc1OC)CC[N+](C)(C)[C@H]3Cc1ccc(cc1)Oc1c(OC)c(OC)cc3c1[C@@H](C2)[N+](C)(C)CC3.[I-].[I-],[-0.8774006  1.        -1.         0.8415957  1.       ]
CC(=O)OCC1=C(C(=O)[O-])N2C(=O)C(NC(=O)CSc3ccncc3)C2SC1,[-1. -1.  1. -1.  1.]
Cc1nccc2c1[nH]c1cc(O)ccc12,[-1.       -1.       -1.        0.979467 -1.      ]
CCCOCOCC1CN(c2ccc(C(C)=O)cc2)C(=O)O1,[ 0.39934057  1.         -1.         -1.         -0.9907501 ]
Nc1ccc2c(S(=O)(=O)O)cc(S(=O)(=O)O)cc2c1,[-1.  1. -1.  1. -1.]
CC12CCC3c4ccc(OC(=O)N(CCCl)CCCl)cc4CCC3C1CCC2OP(=O)([O-])[O-],[-1.          1.         -1.          1.         -0.99894387]
CCOP(=S)(OCC)Oc1cc(C)n(CC)c(=O)c1,[-1. -1.  1. -1. -1.]
COCC1OC(=O)c2coc3c2C1(C)C1=C(C3=O)C2CCC(=O)C2(C)CC1,[ 0.58895564  1.         -1.          0.8467144   0.89583564]
O=C([C@H]1CCCCN1)N1CCN(c2nc(NCc3ccc(Cl)cc3Cl)c3cccnc3n2)CC1,[-1.        -1.         1.         0.9012714 -1.       ]
CC1(C)CC(NCCC(=O)NC2CC(C)(C)NC(C)(C)C2)CC(C)(C)N1,[ 1.         -1.         -1.          0.9881349  -0.76077604]
CCOC(=O)C1C(C=C(C)C)C1(C)C,[-0.7664642 -1.        -1.        -1.        -0.6821852]
CCC(Cc1c(I)cc(I)c(O)c1I)C(=O)O,[-1.  1.  1.  1.  1.]
CC(Cl)Cl,[ 1.  1.  1. -1. -1.]
O=C1CN(/N=C/c2ccc(-c3ccc([N+](=O)[O-])cc3)o2)C(=O)N1,[ 1.         -0.7481213   1.          0.7517386   0.29474995]
CC#CC1(O)CCC2C3CCC4=CC(=O)CCC4=C3C(c3ccc(N(C)C)cc3)CC21C,[-1.  1. -1. -1. -1.]
C#C[C@]1(O)CC[C@H]2[C@@H]3CCc4cc(O)ccc4[C@H]3CC[C@@]21C,[ 1.          1.          1.         -1.         -0.00263153]
O=C(O)C1CSC(c2ccccc2O)N1C(=O)CCS,[-1.         -1.          0.9701849   0.41304308 -1.        ]
CCNC(=O)Nc1nc2cc(-c3cccnc3)ccc2[nH]1,[-1.         1.         0.8733815  1.        -1.       ]
CC(C(=O)O)c1ccc2c(c1)N(CCCN1CCCN(C3CC(=O)N(C)C(=O)N3C)CC1)c1ccccc1CO2,[-1.  1. -1. -1. -1.]
BrC(Br)Br,[ 1.  1. -1. -1. -1.]
CC=CC=CCOCCO,[ 1. -1. -1.  1.  1.]
COc1ccc(-c2oc3c(CC=C(C)C)c(O)cc(O)c3c(=O)c2O[C@H]2O[C@H](C)[C@@H](O)[C@H](O)[C@@H]2O)cc1,[ 1.          1.         -0.48547316 -1.         -0.9530227 ]
O=NN1CCCCCCCC1,[-1.        -1.         0.9994442 -1.         1.       ]
CC(O)CN(C)C,[ 0.7100628  0.9887346 -1.        -1.        -0.8716338]
Cc1c(Oc2ccc(Cl)cc2)c2c(NS(C)(=O)=O)cccc2n1CC(=O)O,[ 1.  1. -1.  1. -1.]
c1ccc2cc(Nc3ccc(Nc4ccc5ccccc5c4)cc3)ccc2c1,[ 1.          0.98640734 -1.          1.          1.        ]
CC(=O)OCCOc1ccccc1,[ 1.          1.         -1.          1.          0.76228476]
O=C(Nc1cccc(OC(F)(F)F)c1)c1nscc1NCc1ccncc1,[ 0.9994179 -1.        -1.        -1.        -0.2198931]
COc1c2occc2c(OC)c2c(=O)cc(C)oc12,[-1.  1. -1. -1.  1.]
CC(=O)c1ccc(Oc2c(I)cc(C(=O)O)cc2I)cc1I,[-0.35383084  1.         -1.          1.          1.        ]
BrCc1cccc(Oc2ccccc2)c1,[-1.  1.  1. -1. -1.]
C[C@H]1C[C@H]2[C@@H]3CCC4=CC(=O)C=C[C@]4(C)[C@@]3(F)[C@@H](O)C[C@]2(C)[C@@]1(O)C(=O)CO,[-1.         -0.64470726 -1.         -1.         -0.54450285]
CN[C@@H](C)C(=O)N[C@H](C(=O)N1CCC[C@H]1C(=O)N[C@@H]1CCCc2ccccc21)C(C)(C)C,[ 0.99271417  1.         -1.         -1.         -1.        ]
COc1ccc(-c2cc(=O)c3c(O)cc(OC4O[C@H](CO[C@@H]5OC[C@@H](O)[C@H](O)[C@H]5O)[C@@H](O)[C@H](O)[C@H]4O)cc3o2)cc1O,[ 1.         1.        -1.        -1.        -0.6677605]
CCC(C)c1cc(OC(=O)NC)ccc1C,[-1.         1.        -0.9642364  1.         1.       ]
O=C(c1ccc(F)cc1)C1CC[NH+](CCn2c(=O)[nH]c3ccccc3c2=O)CC1,[ 1.        -1.        -1.        -0.6102209 -1.       ]
COc1ncc(-c2cccc(F)c2CCNC(=O)c2ccc(OCCC(F)(F)F)nc2)cn1,[ 1.         -1.         -1.         -1.          0.87298363]
O=C(c1ccccc1)c1cccc(NS(=O)(=O)C(F)F)c1,[ 1.          0.8382501  -1.         -1.         -0.51731974]
O=C1C(=O)c2ncccc2-c2cccnc21,[ 1.  1. -1.  1.  1.]
C=C(OP(=O)(OC)OC)c1ccc(Cl)cc1Cl,[-1.  1.  1. -1.  1.]
C[N+]1(CC2CC2)CCC23c4c5ccc(O)c4OC2C(=O)CCC3(O)C1C5,[ 1.  1. -1. -1. -1.]
CC1=C(C(=O)[O-])N2C(=O)C(NC(=O)C([NH3+])c3ccc(O)cc3)C2SC1,[ 1.          1.         -0.8477532   1.          0.49704745]
Cc1cccc(N)c1C,[-1.        1.       -1.       -1.        0.828688]
CC(=O)Cl,[-1.          1.          0.35895026  1.          1.        ]
CC(C)C(=O)OCCc1ccccc1,[ 1.         1.        -1.        -1.         0.5936412]
O=c1ccc2ccc(O)cc2o1,[ 0.9301567   1.         -1.         -1.          0.60737693]
Fc1cc(Cl)cc2[nH]c(C(F)(F)F)nc12,[ 1. -1. -1.  1. -1.]
O=[N+]([O-])c1c(Cl)c(Cl)cc2[nH]c(C(F)(F)F)nc12,[ 1.  1. -1. -1.  1.]
Cc1c(Sc2ccc(Cl)cc2)c2c(S(C)(=O)=O)cccc2n1CC(=O)O,[-1. -1. -1. -1. -1.]
CCCCC(CC)COCCC#N,[ 1.  1. -1. -1.  1.]
CC1(C)[C@@H](O[C@@H]2O[C@@H](C(=O)[O-])[C@H](O)[C@@H](O)[C@@H]2O[C@H]2O[C@@H](C(=O)[O-])[C@H](O)[C@@H](O)[C@@H]2O)CC[C@@]2(C)[C@H]1CC[C@]1(C)[C@@H]2C(=O)C=C2[C@@H]3C[C@@](C)(C(=O)[O-])CC[C@]3(C)CC[C@]21C,[-1.          1.         -1.         -1.          0.90351415]
CC(C)CCP(CCC(C)C)CCC(C)C,[ 1.        -1.        -1.        -1.         0.6439142]
O=C1CNC(=S)N1,[ 0.6299533  0.9635826 -1.        -1.         0.28087  ]
O=C(NCc1ccc(OC(F)(F)F)cc1)C1c2ccccc2C(=O)N1CCc1ccccn1,[-0.5789038  1.        -1.        -1.         0.5439466]
Cc1cc(N2CCC[C@@H]2C(=O)NCCc2ccc3c(c2)OCO3)nc(-n2ccnc2)n1,[ 0.8949194  1.        -1.        -1.         1.       ]
ClCCOP(OCCCl)OCCCl,[-1.        -0.6829154  1.         1.        -1.       ]
COc1cc2nc(N)sc2cc1OC,[-1.         1.        -1.        -1.        -0.9909404]
CC(CO)(CO)Nc1nc(SCc2cccc(F)c2F)nc2nc(N)sc12,[-1.  1. -1. -1.  1.]
Cc1cnc(Nc2ccc(N3CCN(C)CC3)cc2)nc1Nc1cccc(S(=O)(=O)NC(C)(C)C)c1,[ 1.  1. -1.  1. -1.]
CC(C)([N+](=O)[O-])C(C)(C)[N+](=O)[O-],[-1.         -1.         -1.         -1.         -0.68414336]
CCOP(=O)(NC(C)=O)SC,[ 1.         1.        -0.9777346 -1.         0.973797 ]
CCOc1ccc([N+](=O)[O-])cc1CNCCO,[ 1.          0.99052364 -1.          1.          1.        ]
CCOC(=O)c1noc(C)c1C(=O)c1ccccc1,[ 1.         1.         0.9995298 -1.        -0.9156681]
C[C@H]1C[C@@]2(C)C(=CC(=O)[C@@H]3[C@]4(C)CC[C@@H](O)[C@@](C)(C(=O)O)[C@H]4CC[C@]32C)[C@@H]2[C@@H](C)[C@H](C)CC[C@H]12,[ 0.9799236  -0.82245964  1.         -1.          1.        ]
OCCCc1ccccc1,[ 1.          0.99996656 -1.         -1.          1.        ]
C(CCC1CO1)CC1CO1,[-1.          1.         -1.         -1.         -0.87634706]
CCOP(=O)(OCC)ON=C(C1CC1)C1CC1,[-1.  1. -1.  1.  1.]
CC(C)COC(=O)CCc1ccco1,[-0.9655338  1.        -1.        -1.        -1.       ]
COc1ccc(Cc2cnc(N)nc2N)cc1OC,[1. 1. 1. 1. 1.]
C=CC(C)=CCCC(C)(C)O,[-1.  1. -1.  1. -1.]
CNC(=O)Oc1cccc2sccc12,[ 1.          1.         -1.          0.56872123  0.6052431 ]
COc1ccc(CCN(C)CCCC(C#N)(c2ccc(OC)c(OC)c2)C(C)C)cc1OC,[ 1.         0.9946194 -1.        -1.        -1.       ]
CN1C(=O)CN=C(c2ccccc2)c2cc([N+](=O)[O-])ccc21,[ 1. -1. -1. -1.  1.]
CCOP(=S)(OCC)SCn1nc(Cl)ccc1=O,[ 0.99142885  1.         -1.          1.          0.73825336]
O=C=Nc1ccccc1,[-1.         -1.         -0.3530969  -0.99302065 -1.        ]
COc1cc2ncc(C(N)=O)c(Nc3cccc(Cl)c3Cl)c2cc1N1CCN(C)CC1,[ 1.          1.         -0.99395144 -0.9993161  -0.98988205]
O=[N+]([O-])c1ccccc1O,[ 1.  1.  1. -1. -1.]
COc1cc2ncnc(Nc3ccc(F)c(Cl)c3)c2cc1NC(=O)/C=C/CN1CCCCC1,[ 1.  1. -1. -1.  1.]
O=COCCOC=O,[ 1.  1. -1. -1. -1.]
c1ccc2c(c1)OCC(C1=NCCN1)O2,[-1.  1. -1. -1.  1.]
c1ccc(CNc2ncnc3c2NCN3)cc1,[-0.99757415  1.         -1.          1.         -1.        ]
CC(CC=O)CC(C)(C)C,[ 1.        -0.9427319 -1.         1.         1.       ]
CCOP(=O)(OCC)OC(C)=CC(=O)N(C)C,[ 1.  1. -1.  1. -1.]
CC1COC(C(Cl)(Cl)Cl)O1,[ 1.         -1.         -1.         -1.          0.43741572]
CCCc1nc(C)cc(OP(=S)(OCC)OCC)n1,[-1.          1.         -1.          0.95963794 -1.        ]
COc1ccccc1CCNCc1cccc(CCNC[C@H](O)c2ccc(O)c3[nH]c(=O)sc23)c1,[-1.       -1.       -1.       -1.       -0.985258]
COc1ccc2cc(S(=O)(=O)N[C@H](CC(=O)N[C@H](Cc3ccc(CN4[C@@H](C)CCC[C@H]4C)cc3)C(=O)N(C)C(C)C)c3ccc4c(c3)OCO4)ccc2c1,[-1.          1.         -0.6938803  -1.         -0.88041776]
CC(C)CCCC(C)(C)O,[-1.         -0.64761466 -1.         -1.          1.        ]
CCN(CC)C(=O)/C(C#N)=C/c1cc(O)c([O-])c([N+](=O)[O-])c1,[ 1.  1. -1. -1.  1.]
C[C@@H]1CN(Cc2cc(Cl)ccc2OCC(=O)O)CCN1S(=O)(=O)c1ccccc1,[-0.6735557  1.        -1.        -1.        -0.9298201]
CC(C)=CCCC(C)CCOC=O,[-0.17672123  1.         -1.         -1.         -0.3622202 ]
CCOP(=S)(OCC)N1C(=O)c2ccccc2C1=O,[ 1.          1.         -0.20155768 -1.         -0.94135296]
CCCCOCC(C)O,[ 0.85882217  1.         -1.         -1.         -0.7854943 ]
CN(C)C(=O)OC1N=C(c2ccccc2)c2cc(Cl)ccc2N(C)C1=O,[ 1.         -0.27285928  1.          0.78065616 -0.6239345 ]
Cc1onc(-c2c(F)cccc2Cl)c1C(=O)N[C@@H]1C(=O)N2[C@@H](C(=O)O)C(C)(C)S[C@H]12,[ 1. -1. -1. -1.  1.]
CCOC(=O)c1ccc2c(C(C(=O)NS(=O)(=O)c3ccc(C)cc3OC)c3ccc4c(c3)OCO4)cn(C)c2c1,[-1.         1.         0.9977518  1.        -0.9047523]
CCCCOC(=O)COC(=O)c1ccccc1C(=O)OCCCC,[-0.9715348   1.         -1.         -1.         -0.03914538]
CCN(CC)C(=O)CSc1ccc(Cl)nn1,[ 1.         1.         1.        -0.9884049 -1.       ]
CC(=O)N1CCN(c2nc(NC(C)(C)Cc3ccc(Cl)cc3)c3c(n2)C(=O)N(C(C)C)C3)CC1,[-1.  1. -1. -1. -1.]
C[C@@H](NC(=O)[C@H]1CCCNC1)c1ccc(Nc2ncc3cc(-c4ccncc4)ccc3n2)cc1,[ 1.        -0.0181634 -1.        -1.         1.       ]
C=CC1=C(C(=O)[O-])N2C(=O)C(NC(=O)/C(=N/OCC(=O)[O-])c3csc(N)n3)C2SC1,[-1.         1.        -1.        -1.        -0.5256112]
O=C(NCCc1ccccc1Cl)c1cc(-n2ncc(=O)[nH]c2=O)ccc1Cl,[ 0.93550813  1.         -1.         -1.         -0.494043  ]
CCC(CO)NC(=O)C1C=C2c3cccc4[nH]cc(c34)CC2N(C)C1,[ 1.         1.         1.        -0.9951379  1.       ]
CCNC(=O)NC(=O)C(C#N)=NOC,[-1.          1.         -1.         -1.         -0.01153738]
CON(C(=O)CSP(=S)(OC)OC)C(C)C,[-0.9864865  1.        -1.         0.6806034 -0.8240444]
Brc1ccc2[nH]cc(CC3CCNCC3)c2c1,[ 1.          1.         -1.         -0.51792884 -1.        ]
O=C1C2CC=CCC2C(=O)N1SC(Cl)(Cl)C(Cl)Cl,[ 1.  1. -1.  1.  1.]
CC(C)(C)c1ccc2c(c1)CC[C@H]2NC(=O)Nc1cccc2[nH]ncc12,[ 1.  1. -1. -1.  1.]
CC(COc1ccccc1)N(CCCl)Cc1ccccc1,[ 0.7143853  1.        -1.        -1.        -0.8106285]
C[NH+]1C2CCC1CC(OC(=O)C(CO)c1ccccc1)C2,[-1.  1. -1. -1.  1.]
CNC(=O)[C@@H](Cc1ccccc1)NC(=O)[C@@H](Cc1ccccc1)NC(=O)[C@@H](Cc1ccccc1)NC(C)=O,[ 0.9999143  0.8528825 -1.        -1.        -0.9895965]
CC(c1nc(-c2ccc(C#N)cc2)cs1)C(O)(Cn1cncn1)c1cc(F)ccc1F,[-1.          1.         -1.         -1.         -0.66025794]
Cc1nn(C2CCCCC2)c(N)c1-c1ccccc1,[ 1.  1.  1. -1.  1.]
O=C(O)C(O)(c1ccccc1)C1CCCCC1,[ 0.3509879   1.         -1.          1.          0.05752972]
CCCCC(=O)OCC(=O)C1C(C)CC2C3CC(F)C4=CC(=O)C=CC4(C)C3(F)C(O)CC21C,[ 0.48021066  1.         -1.         -1.         -0.7063215 ]
CC(=O)OCC(C(OC(C)=O)c1ccccc1)[N+](=O)[O-],[ 0.7447888   1.         -1.          0.06820592  0.9063844 ]
COc1ccc(C2(C#N)CCC(C(=O)[O-])CC2)cc1OC1CCCC1,[ 0.99979347 -1.         -1.          0.9227573  -0.6791698 ]
Cc1nc([N+](=O)[O-])cn1-c1ccc([N+](=O)[O-])cc1,[ 1.         -1.          1.         -1.          0.82560354]
Nc1ccc(Br)cc1,[-1.         1.        -1.        -1.        -0.8393097]
C[C@H](CS)C(=O)N1CCC[C@@H]1C(=O)O,[ 1.         1.        -0.9391078 -1.        -1.       ]
N#CC=Cc1ccccc1,[ 0.73831797  1.         -1.         -1.         -0.9641951 ]
COC(=O)c1ccccc1OC,[ 1.        -0.9237584 -1.        -1.         1.       ]
COP(=S)(OC)SCSCC=C(Cl)Cl,[-1.        1.       -1.       -1.       -0.071403]
CC1CCC=C2N(C)C=C(C(N)=O)C(=O)N21,[ 1.  1. -1. -1.  1.]
CCCCC(CC)C(=O)OCCOCCOCCOCCOC(=O)C(CC)CCCC,[ 1.        1.       -1.       -1.       -0.987667]
CC(c1ccc(Cl)c(Cl)c1)N1N=C(N)CC1=O,[-1.  1.  1. -1.  1.]
CCON=C(CC)C1=C(O)CC(c2c(C)cc(C)cc2C)CC1=O,[ 1.          1.         -1.         -1.          0.24065231]
OC(CCCN1CCCCC1)(c1ccccc1)c1ccccc1,[-1.         0.7195429 -1.        -1.        -1.       ]
NCCOS(N)(=O)=O,[-1.          1.         -0.61564475  1.         -1.        ]
CC(C)OP(C)(=S)Oc1cc(Cl)c(Br)cc1Cl,[ 1.  1.  1. -1. -1.]
C=CCc1ccc(OP(=S)(OC)OC)c(OC)c1,[ 1.  1. -1. -1.  1.]
O=CCCl,[ 1.  1. -1. -1. -1.]
CCCNC(=O)[N-]S(=O)(=O)c1ccc(Cl)cc1,[ 1.         1.        -1.        -1.         0.3639751]
O=C(O)COn1c(-c2ccccc2)nc2ccc([N+](=O)[O-])cc21,[ 1.        1.       -1.        1.       -0.639808]
NC(CCC(=O)O)C(=O)O,[ 0.59727025  1.         -1.          1.          1.        ]
N=C(N)Nc1nc(CSCCC(=N)NS(N)(=O)=O)cs1,[ 1.  1. -1. -1.  1.]
Cc1nccn1CCC(C(N)=O)(c1ccccc1)c1ccccc1,[-0.8853554   1.         -1.         -1.         -0.49043554]
CCOC(C1=NCC(C)(C)CN1)c1ccccc1Cl,[ 1.      -1.      -1.      -1.      -0.85492]
OCc1c(F)c(F)c(F)c(F)c1F,[ 1.  1. -1. -1. -1.]
CCCCCCCCCC=O,[ 1.  1. -1. -1.  1.]
CSCCC(O)C#N,[ 1.         -1.          1.          1.          0.22734292]
CC12CCC(CC1=O)C2(C)C=O,[-1.          1.         -0.97410053 -1.         -0.7801243 ]
Cc1cccc(NC(N)=O)c1,[-0.9221521   1.         -1.         -1.         -0.10977851]
CCOC(=S)c1ccc(Cl)cc1,[-1.  1.  1. -1. -1.]
COc1ccc2c3c1O[C@H]1C(=O)CC[C@@]4(O)[C@@H](C2)N(C)CC[C@]314,[ 1.          0.98895293 -1.          1.         -1.        ]
CC(C)N(C(=O)Cn1nc(-c2ccccc2)ccc1=O)C(C)Cc1ccccc1,[ 1.          1.         -1.          0.05806623  0.5334417 ]
CC(Cc1ccccc1)NC(C#N)c1ccccc1,[ 0.9985436 -1.        -1.         1.         1.       ]
O=C(Nc1ccc(Cl)nc1)c1ccc(F)c(F)c1,[ 1. -1. -1.  1. -1.]
CC(=O)CCC(=O)O,[ 1.          1.         -1.          1.         -0.75625056]
CCOC(=S)SSSC(=S)OCC,[-1. -1.  1. -1.  1.]
CC(C)=CCCC(C)CC(=O)O,[-1.  1. -1. -1.  1.]
CCN1C(=NP(=O)(OC)SC)OCC1C,[ 1.  1. -1. -1.  1.]
CCCCSc1ccc(C(SCCN(C)C)c2ccccc2)cc1,[-1.          1.          0.97210574 -1.          1.        ]
N#CC(C#N)=Cc1ccccc1Cl,[ 1.  1. -1. -1.  1.]
CCSP(=O)(Oc1cnn(C)c(=O)c1OC)OC(C)C,[ 1.  1. -1.  1. -1.]
COc1cc(O)c2c(c1)/C=C/C[C@H](O)[C@H](O)C(=O)/C=C\C[C@H](C)OC2=O,[-1.  1. -1.  1.  1.]
CCOP(=S)(OCC)Oc1cc(C)nc(N(CC)CC)n1,[ 1.         1.        -1.        -1.        -0.9210483]
CC[NH+](CC)CCNC(=O)c1ccc(NS(C)(=O)=O)cc1,[-0.26051384  1.         -1.         -0.8732876  -0.5216656 ]
C=CCC#N,[ 0.36769572  1.         -0.9972947  -1.          1.        ]
CCCCC1C(=O)N(c2ccccc2)N(c2ccccc2)C1=O,[-1.          1.         -0.6745057  -1.         -0.13264512]
CCCCOC(=O)C(Cl)(Cl)C(Cl)=C(Cl)Cl,[ 1.        1.       -1.       -1.       -0.743081]
Nc1nc(-c2ccc(Cl)c(Cl)c2)c(-c2ccncc2)s1,[ 1.         -1.         -1.         -0.18847665  1.        ]
COc1cc(-c2ccncc2)cc2cnc(Nc3ccc([C@@H](C)NC(C)=O)cc3)nc12,[ 1.         -1.          0.9592474  -1.          0.32131603]
CC(C=O)=Cc1ccco1,[ 1.  1. -1.  1.  1.]
CCCCCCCCCCNCCN[C@@]1(C)C[C@H](O[C@H]2[C@H](Oc3c4cc5cc3Oc3ccc(cc3Cl)[C@@H](O)[C@@H](NC(=O)[C@@H](CC(C)C)NC)C(=O)N[C@@H](CC(N)=O)C(=O)N[C@H]5C(=O)N[C@H]3C(=O)N[C@H](C(=O)N[C@H](C(=O)O)c5cc(O)c(CNCP(=O)(O)O)c(O)c5-c5cc3ccc5O)[C@H](O)c3ccc(c(Cl)c3)O4)O[C@H](CO)[C@@H](O)[C@@H]2O)O[C@@H](C)[C@H]1O,[ 1.          1.         -0.99973637 -1.          1.        ]
O=C1CCCN1CCO,[-1. -1. -1. -1. -1.]
Cc1cccnc1-n1c(C)nc2ccccc2c1=O,[-1.          1.          1.         -0.9939598  -0.37301284]
COc1ccc2cc(C(C)C(=O)O)ccc2c1,[ 0.9837916  1.        -1.        -1.         1.       ]
OC1(c2ccc(C(F)(F)F)cc2)c2ccccc2C2=NCCN21,[ 1.        -1.        -1.        -1.        -0.9995705]
CCOP(=O)(OCC)SC1CCOC1=O,[-0.9532588  1.         1.        -1.         1.       ]
C=CCSc1nnc(CSP(=S)(OC)OC)s1,[-1.  1. -1. -1. -1.]
CC(=O)CC(C)(C)O,[-1.         -0.36647055 -1.          0.6312798  -0.902834  ]
CCOP(=O)(OCC)SCCC(F)=C(F)F,[-1.  1.  1. -1.  1.]
COCCCO,[-1.  1. -1. -1.  1.]
CCN1CN1CC,[-1.         1.        -1.         0.7280141 -1.       ]
COc1cc2c3cc1Oc1cc(ccc1O)CC1c4c(cc(OC)c(O)c4Oc4ccc(cc4)CC3[NH+](C)CC2)CC[N+]1(C)C,[-1.        1.       -1.       -1.       -0.863105]
CCc1ccc(C(=O)c2ccccc2)c(C(=O)O)c1,[ 0.88019705 -1.         -1.         -1.          1.        ]
CNC(=O)[C@@H](Cc1ccccc1)NC(=O)[C@@H](CC(C)C)NC(C)=O,[-1.  1. -1.  1. -1.]
CO/N=C(\C(=O)N[C@@H]1C(=O)N2C(C(=O)O)=C(CSc3nc(C)c(CC(=O)O)s3)CS[C@H]12)c1csc(N)n1,[-1.         1.         1.        -1.         0.1041784]
Cc1nc(-c2ccc(Cl)cc2-c2ccc([C@@H](C)NC(=O)C3(NC(=O)C(F)(F)F)CC3)c(F)c2)no1,[-1. -1.  1. -1. -1.]
COc1ccc([C@@H]2CC(=O)c3c(O)cc(O)cc3O2)cc1O,[ 0.8249846 -1.        -0.9590057  0.5225148 -1.       ]
CC(C)NCC(O)c1ccc(O)c(O)c1,[ 1.  1.  1. -1.  1.]
CCOC(=O)C1CC2CCC1C2,[-1.  1. -1.  1.  1.]
COc1ccc2ccc(=O)oc2c1,[-1.  1. -1. -1.  1.]
ON(O)NC1=NCCN1Cc1ccc(Cl)nc1,[ 1.  1. -1. -1.  1.]
CCOC(=O)c1ccccc1C(=O)OCC,[-0.98300874  1.          1.         -1.         -1.        ]
CCN(CC)CCNc1ccc(CO)c2sc3ccccc3c(=O)c12,[ 1.         1.        -1.        -1.         0.6301799]
CCC(C)(C)NC(N)=NC#N,[-1.          1.         -1.         -0.09246007  0.88006276]
CC(C)c1cccc(C(C)(C)O)c1,[ 1.        -1.        -1.        -1.        -0.7931491]
CCC(CC)NC(=O)c1cnn(-c2ccccc2)c1NS(=O)(=O)C1CCCC1,[-1.  1. -1.  1. -1.]
O=C(Nc1c(Cl)c(Cl)c(Cl)c2[nH]c(C(F)(F)F)nc12)c1ccccc1,[ 0.5168087   1.         -1.          0.7861397  -0.25185826]
COC(=O)c1ccco1,[ 1. -1. -1. -1. -1.]
CC(C)C(O)C(C)(C)CO,[ 1.        1.       -1.       -1.       -0.970001]
Cc1ccc(C)c(N)c1,[ 1.         1.         0.4471102 -1.         1.       ]
CCS(=O)(=O)CCn1c([N+](=O)[O-])cnc1C,[ 1.          0.99922794  1.          1.         -1.        ]
CCc1cc2c(s1)-n1c(C)nnc1CN=C2c1ccccc1Cl,[ 0.67028034  1.         -1.         -1.         -0.6259963 ]
O=C(O)c1c(O)c(Cc2ccc(Cl)cc2)nc2c3c(ccc12)CCCC3,[-1.  1. -1.  1. -1.]
Cc1nc(C)c(C)nc1C,[ 0.6577235  1.        -1.        -1.        -1.       ]
C[C@@H](NC(=O)C1CCNCC1)c1ccc(Nc2ncc3cc(-c4ccncc4)ccc3n2)cc1,[ 1.  1.  1. -1.  1.]
CC(C(=O)O)c1ccc(-c2ccccc2F)cc1,[ 0.99968576  1.         -1.         -1.         -1.        ]
C[NH+](C)C1CCN(C(=O)c2ccc(NC(=O)Nc3ccc(-c4nc(N5CCOCC5)nc(N5CCOCC5)n4)cc3)cc2)CC1,[ 0.24678774  1.         -0.4993075  -0.95316    -1.        ]
O=C(O)c1ccccc1C(=O)Nc1cccc2ccccc12,[-1. -1. -1. -1. -1.]
CC(C)C1NC(=O)c2ccccc2O1,[-0.95875096 -1.         -1.         -1.         -0.8981755 ]
Clc1ccc([Si]23OCCN(CCO2)CCO3)cc1,[ 0.99786234  1.         -1.         -1.          1.        ]
CNS(=O)(=O)CCc1ccc2[nH]cc(C3CC[NH+](C)CC3)c2c1,[ 1.  1.  1. -1.  1.]
CC(=O)Nc1cccc(OCc2cnc(Cl)s2)c1,[-0.37099195 -1.          0.999818   -0.90863943 -0.90895826]
CCCC(=O)OCc1ccccc1,[ 1.  1. -1. -1.  1.]
COc1ccc(CCC[N+](C)(CCCc2ccc(OC)cc2)CCNC(=O)c2nc(Cl)c(N)nc2N)cc1,[-0.99680394  0.53659827 -1.         -1.         -0.8631065 ]
O=[N+]([O-])c1ccccc1C1OCC(CCl)O1,[ 0.84999114  1.         -1.         -0.96514183  1.        ]
CC(=O)OC1C(=O)C2(C)C(O)CC3OCC3(OC(C)=O)C2C(OC(=O)c2ccccc2)C2(O)CC(OC(=O)C(O)C(NC(=O)c3ccccc3)c3ccccc3)C(C)=C1C2(C)C,[ 1.  1.  1. -1. -1.]
c1ccc(-c2ccc(C(c3ccccc3)n3ccnc3)cc2)cc1,[ 0.72366786  1.         -1.         -1.         -1.        ]
CCCCOC(=O)CCCOc1ccc(Cl)cc1Cl,[ 1.          1.         -1.         -1.         -0.90246475]
CCCCOCCOCCCC,[-1. -1.  1.  1.  1.]
COc1ccc(C(Oc2ccccc2)C2=NCCCN2)cc1F,[-1.  1.  1.  1. -1.]
Cc1nnc(SCC2=C(C(=O)O)N3C(=O)[C@@H](NC(=O)Cn4cnnn4)[C@H]3SC2)s1,[ 1.  1. -1. -1.  1.]
CNN=Nc1ccc(Br)cc1,[-1.  1. -1. -1.  1.]
Cc1c(COC(=O)C2C(C=C(Cl)C(F)(F)F)C2(C)C)cccc1-c1ccccc1,[ 0.9912318   1.         -0.94203186 -0.0901325  -0.46168083]
NC(=[NH2+])NCCCC(NC(=O)C1CCCN1C(=O)C1CSSCCC(=O)NC(Cc2ccc(O)cc2)C(=O)NC(Cc2ccccc2)C(=O)NC(CCC(N)=O)C(=O)NC(CC(N)=O)C(=O)N1)C(=O)NCC(N)=O,[ 1.         -0.04345278 -0.9956124  -1.         -0.22093362]
O=C1C=CC(=O)C=C1,[ 0.26453155 -1.         -1.         -0.166287   -1.        ]
CCCCCCC(C)(C)S,[ 1.  1.  1. -1. -1.]
CC(C)N1CCN(Cc2cnc(-c3cc(-c4cccc5[nH]ccc45)cc4[nH]ncc34)o2)CC1,[-1.  1. -1. -1. -1.]
CCCOP(=S)(OCC)SCN1C(=O)c2ccccc2C1=O,[-0.83877426  1.         -1.          1.         -0.63636833]
COc1ccc2c(O[C@@H]3C[C@H]4C(=O)N[C@]5(C(=O)NS(=O)(=O)C6CC6)C[C@H]5/C=C\CCCCN(C)C(=O)[C@@H]4C3)cc(-c3nc(C(C)C)cs3)nc2c1C,[ 1. -1. -1.  1.  1.]
CCC(C)NC(=S)C(=S)NC(C)CC,[ 0.9996473  1.        -1.        -1.         1.       ]
O=C1C[C@@H](c2ccc(C[C@H](NS(=O)(=O)c3ccccc3)c3nc4ccccc4[nH]3)cc2F)S(=O)([O-])=N1,[ 0.9999186 -1.        -1.        -1.        -1.       ]
CC(O)(c1ccc(Cl)cc1)c1ccc(Cl)cc1,[ 1.         1.        -0.9853299  1.         1.       ]
O=[N+]([O-])c1ccc(Oc2c(Cl)cc(Cl)cc2Cl)cc1,[ 0.99998707  1.         -1.         -1.          0.8223238 ]
CC1C(=O)OC2CC34C5CC(C(C)(C)C)C36C(OC(=O)C6O)OC4(C(=O)O5)C21O,[-1.  1. -1. -1.  1.]
CC(=O)OC1(C)CCC23CC1C(C)(C)C2CCC3C,[ 1.         1.        -1.        -1.        -0.8219646]
NS(=O)(=O)c1ccc(Cl)c(S(N)(=O)=O)c1,[ 1.          1.         -1.         -0.05724273 -1.        ]
COC(=O)CCC1[NH+]=C(c2ccccn2)c2cc(Br)ccc2-n2c(C)cnc21,[ 0.8276453   1.         -1.          0.05102248  0.71271586]
O=C(O)Cc1ccc(C2CCCCC2)c(Cl)c1,[ 1.        -0.9996965  0.7705855 -1.         1.       ]
NC(N)=O,[ 1. -1. -1. -1. -1.]
C=C1NC(N)=Nc2c1ncn2COCCOC(=O)[C@H](N)[C@H](C)CC,[ 1.          0.9862042  -0.98270565 -1.         -0.99100983]
C=CCOC(=O)C(=C)C,[ 1.         -1.          0.60950875 -1.         -1.        ]
O=c1cc(-c2ccc(O)cc2)oc2cc(O)ccc12,[ 1.  1. -1. -1.  1.]
CC(C)CCCCCCO,[-1.         1.        -1.        -1.         0.7392378]
CC([NH2+]CCc1ccc(O)cc1)C(O)c1ccc(O)cc1,[-1.  1.  1. -1. -1.]
O=C(O)C1CCc2cc(C3CCCCC3)c(O)cc21,[ 0.96791744 -1.         -1.         -1.          1.        ]
CCC[C@@H]1C[C@@H](C(=O)N[C@H]([C@H](C)Cl)[C@H]2O[C@H](SC)[C@H](O)[C@@H](O)[C@H]2O)N(C)C1,[ 1.         1.        -0.9473764 -1.        -1.       ]
CCNC1C2CCC(C2)C1c1ccccc1,[-1.          0.98390347 -1.         -1.         -1.        ]
CNC(=O)Oc1ccccc1,[-1.  1. -1.  1. -1.]
O=C(Nc1ccc(Nc2ccc(NC(=O)c3ccccc3)c3c2C(=O)c2ccccc2C3=O)c2c1C(=O)c1ccccc1C2=O)c1ccccc1,[-1. -1.  1.  1.  1.]
CCCN(Cc1ccoc1)C(=O)c1cc(C)cc(OCC2(CON=C(N)N)CC2)c1,[-1.  1. -1. -1.  1.]
CC(C)C(CCN(C)C)(C(N)=O)c1cccc2ccccc12,[-1.         -0.80502486  1.          1.          0.7795327 ]
CC(=O)OC1=C(c2c(C)cc(C)cc2C)C(=O)c2ccccc21,[ 1.         1.        -1.        -1.        -0.6438365]
Cc1nn(C)c(C)c1-c1ccc(-c2nc3ccncc3c(O)c2C#N)cc1,[ 1.         1.        -1.        -1.        -0.9807314]
CCOc1cccc(/C=C2\SC(=O)NC2=O)c1N1CCC[C@@H](N)C1,[ 1.  1. -1.  1.  1.]
C=C(C)C(=O)OCC1CO1,[ 0.9997162  1.        -1.         1.         0.8489939]
CCCSP(=S)(OCC)Oc1ccc(SC)cc1,[ 1.          1.         -1.         -0.97538203  0.97132653]
CC(=O)NC(=O)c1ccccc1O,[ 1.          1.          1.         -0.02650859  0.4667713 ]
COc1ccccc1NC(=O)CC(=O)c1ccccc1,[ 1. -1. -1. -1.  1.]
C=CCCC=O,[ 0.85559136  0.9868553  -1.         -1.         -0.59651285]
N=C(N)c1cccc(-n2nc(C(F)(F)F)cc2C(=O)Nc2ncc(-c3ccccc3S(N)(=O)=O)cn2)c1,[-0.9922901  1.        -1.        -1.         1.       ]
Cc1cc(Nc2nc(N[C@@H](C)c3ncc(F)cn3)c(C#N)nc2C)n[nH]1,[-0.56542  1.       1.      -1.      -1.     ]
CCCCC(CC)COP(=S)(S)OCC(CC)CCCC,[-1.  1. -1. -1. -1.]
CC([NH2+]C(CCc1ccccc1)C(=O)[O-])C(=O)N1CCCC1C(=O)[O-],[-1.          1.          0.17640236 -1.          1.        ]
C=CCc1cc(OC)c(OC(C)Cc2cc(OC)c(OC)c(OC)c2)c(OC)c1,[-0.6587599   1.         -0.9651834  -1.         -0.78492826]
OCCN1CCNCC1,[ 1.  1. -1.  1.  1.]
CCC1(CO)CCCN2CCc3c([nH]c4ccccc34)C21,[ 0.8913707  1.        -1.        -1.        -1.       ]
C[C@@H]1O[C@@H](c2ccc(N(O)O)cc2)OC[C@H]1NC(=O)Cc1ccccc1,[ 0.92180204 -1.         -1.         -1.          1.        ]
C=CC(CCCCC)OC(C)=O,[ 1.          1.         -0.63495064 -1.          1.        ]
CSC,[ 0.9996059  1.        -1.        -1.        -1.       ]
O=C(O)COc1ccc(Cl)cc1CN1CCCN(S(=O)(=O)Cc2ccccc2)CC1,[ 0.99976456  1.         -1.          0.9422134   1.        ]
COCC(C)O,[-1.  1. -1. -1. -1.]
CC(C)OC(=O)c1cncc(C(=O)OC(C)C)c1,[ 1.         1.        -1.        -1.         0.9226499]
CN1CCC23c4c5ccc(O)c4OC2C(O)C=CC3C1C5,[ 1.  1. -1.  1.  1.]
CC(C)(Oc1ccc(C2CCCc3ccccc32)cc1)C(=O)O,[ 1. -1. -1. -1.  1.]
CCCSP(=O)(OCC)Oc1ccc(Br)cc1Cl,[ 0.6956686  -0.52451384 -1.         -1.          0.7390709 ]
C=CCl,[ 1.  1.  1. -1. -1.]
NC(=S)Nc1ccccc1Cl,[-1.         0.9993384 -1.         1.         1.       ]
O=C(Nc1nc(-c2ccccc2)cs1)OCC(Cl)(Cl)Cl,[-1.        1.       -1.       -1.        0.975119]
CCNC(=O)[C@@H]1CCCN1C(=O)[C@H](CCCNC(=N)N)NC(=O)[C@H](CC(C)C)NC(=O)[C@@H](CC(C)C)NC(=O)[C@H](Cc1ccc(O)cc1)NC(=O)[C@H](CO)NC(=O)[C@H](Cc1c[nH]c2ccccc12)NC(=O)[C@H](Cc1c[nH]cn1)NC(=O)[C@@H]1CCC(=O)N1,[-1.  1. -1. -1. -1.]
O=C(O)C1CCc2cc(C3CCCCC3)ccc21,[ 0.84558725 -1.         -1.         -1.         -0.79536706]
Cc1ncc([N+](=O)[O-])n1CC(O)CN1CCOCC1,[ 1.          1.         -1.         -1.         -0.25851628]
Cn1nnnc1-c1cccc(NC(=O)N[C@@H]2CCCC[C@H]2CN2CCC[C@@H](Cc3ccc(F)cc3)C2)c1,[-1.         1.        -1.         1.         0.6489021]
Cc1c(F)c(F)c(COC(=O)C2C(C=C(Cl)C(F)(F)F)C2(C)C)c(F)c1F,[ 1.          1.         -1.         -1.         -0.18980749]
Oc1c(O)c(-c2c(Cl)c(Cl)c(Cl)c(Cl)c2Cl)c(Cl)c(Cl)c1Cl,[ 0.99991333  1.         -1.         -1.         -0.9475242 ]
COc1c(OC)c(Cl)c2[nH]c(C(F)(F)F)nc2c1Cl,[ 0.9929236  1.        -1.        -1.         1.       ]
CC=CC(=O)O,[ 0.986821    0.948202   -0.12870125 -1.          0.62798715]
CCO[C@H](CCC(C)(C)O)[C@](C)(O)[C@H]1CC[C@@]2(O)C3=CC(=O)[C@@H]4C[C@@H](O)[C@@H](O)C[C@@]4(C)C3CC[C@]12C,[ 1.         1.        -1.        -1.        -0.9542974]
C=CC(C)CCCC(C)(C)O,[-1.        1.       -1.        0.342876  1.      ]
CCN(CC(F)(F)F)N=O,[ 1.         1.        -1.         0.9632022 -0.9993773]
O=C(CS)OCCCCOC(=O)CS,[ 1.        -1.        -1.        -1.        -0.9971588]
CC1(C)CCOCO1,[-1.  1. -1. -1. -1.]
CN1CCC23CCCCC2C1Cc1ccc(O)cc13,[-1.          1.         -1.         -1.         -0.97866905]
COc1cc(NS(C)(=O)=O)ccc1Nc1c2ccccc2[nH+]c2ccccc12,[ 0.33556738  1.         -1.         -1.         -0.27889827]
O=C(Nc1ccc(Cl)c(C(=O)Nc2cccnc2)c1)c1cccc(C(F)(F)F)c1,[ 0.9811168  1.        -1.        -0.3123316 -1.       ]
C=C[Si](OCC)(OCC)OCC,[ 1.        -0.9993528 -1.        -1.        -1.       ]
COP(C)(=S)Oc1ccc(Cl)cc1Cl,[ 0.9125053  1.        -1.        -1.        -1.       ]
O=C(NS(=O)(=O)c1ccc(Cl)cc1)N1CCC(N2CCC(Oc3ccc(Cl)c(Cl)c3)CC2)CC1,[ 0.8360085  1.        -1.        -1.         1.       ]
CN(C)C=CC#N,[ 0.22053342  1.         -1.         -1.          1.        ]
CC(=C(CCO)SSCC1CCCO1)N(C=O)Cc1cnc(C)nc1N,[-1.         1.        -1.        -1.        -0.5101406]
CCNc1nc(=O)nc(NC(C)(C)C(=O)O)[nH]1,[ 1.          1.          1.          0.43717256 -1.        ]
CCCCNCCO,[ 0.59159344  1.          1.         -1.          0.9737897 ]
C=CC(=O)OCCCCOC(=O)C=C,[ 1.          1.         -1.         -1.         -0.92473716]
C[C@@]12C=CC(=O)C=C1CC[C@@H]1[C@@H]2[C@@H](O)C[C@@]2(C)[C@H]1CC[C@]2(O)C(=O)CO,[ 1.          1.         -1.         -1.          0.84815156]
CN1C(=O)CCS(=O)(=O)C1c1ccc(Cl)cc1,[ 0.95448047 -1.         -1.         -1.          1.        ]
Cc1nn(-c2ccc(F)cc2)c(NS(=O)(=O)c2ccc(C#N)cc2)c1C(=O)N[C@@H](C)C(C)(C)C,[1.       1.       1.       1.       0.806468]
CCOC(C)=Cc1oc2ccccc2[n+]1CCCS(=O)(=O)[O-],[ 1.  1. -1.  1. -1.]
CC(=O)Nc1cccc2c1c(Oc1ccc(Cl)cc1)c(C)n2CC(=O)O,[ 1.  1. -1. -1.  1.]
Cc1ccccc1OCC1CO1,[-1.  1. -1.  1.  1.]
Cc1cccc(N2CC(CO)OC2=O)c1,[ 0.8813069  1.         0.919294  -1.        -1.       ]
CCCCCCOc1ccc(NNC=O)cc1,[-1.  1. -1.  1. -1.]
CCC1(O)CC2CN(CCc3c([nH]c4ccccc34)C(C(=O)OC)(c3cc4c(cc3OC)N(C=O)C3C(O)(C(=O)OC)C(OC(C)=O)C5(CC)C=CCN6CCC43C65)C2)C1,[-0.93171495  1.         -1.         -1.          1.        ]
Cc1ccc(S(=O)(=O)Nc2c(C(=O)N(C)C3CCCCC3)cnn2-c2ccccc2)cc1,[ 0.8047714  1.         1.        -1.        -1.       ]
NC[C@@H]1CC[C@@H](N)[C@@H](O[C@@H]2[C@@H](N)C[C@@H](N)[C@H](O[C@H]3O[C@H](CO)[C@@H](O)[C@H](N)[C@H]3O)[C@H]2O)O1,[ 1.        -1.        -1.        -1.        -0.7733497]
CC1(CCO)CCOCO1,[ 1. -1. -1. -1.  1.]
FC(F)(F)c1ccc(Cl)cc1,[ 1.        -1.        -1.        -1.         0.9661693]
COc1ccc(N=NN(C)C)cc1,[ 1.  1. -1. -1. -1.]
CCNC(C)Cc1cccc(C(F)(F)F)c1,[-1.  1. -1. -1.  1.]
CC(C)CCCCCCCOP(Oc1ccccc1)Oc1ccccc1,[ 0.98417926 -0.971466   -1.          1.          1.        ]
CNC(=O)Oc1ccc2c(c1)C1(C)CCN(C)C1N2C,[ 1.        -1.        -0.5101614 -1.        -0.9996843]
C=CC1(C)CC(=O)C2(O)C(C)(O1)C(OC(C)=O)C(O)C1C(C)(C)CCC(O)C12C,[ 1.          0.93879014 -1.         -1.         -0.47046593]
Cc1ccc(NC(=O)c2ccc(C#N)cc2)cc1-n1cnc2ccc(N3CCN(C)CC3)cc2c1=O,[ 1.          1.         -0.97241527 -0.5497116  -0.757792  ]
CCCCOC(=O)N(C)SN(C)C(=O)Oc1cccc2c1OC(C)(C)C2,[ 1.         -1.          1.         -1.         -0.91311556]
COc1cc2nnc(C(N)=O)c(Nc3cc(C)ccc3F)c2cc1OC,[-1.  1. -1. -1.  1.]
Cc1nc(=O)c2cc(CN(C)c3ccc(C(=O)NC(CCC(=O)[O-])C(=O)[O-])s3)ccc2[nH]1,[-1.          1.          1.         -1.         -0.36025718]
Cn1c(=O)c2c(ncn2CC(=O)O)n(C)c1=O,[-1.          0.07223702 -1.         -1.         -0.9778323 ]
Nc1scc2c(C(=O)NC3CC3)nn(-c3ccc(Cl)cc3)c(=O)c12,[ 0.9999456 -1.         0.9991564 -1.        -0.8394066]
Oc1ccc(Cl)cc1Cc1cc(Cl)ccc1O,[-0.279736    1.         -1.         -1.         -0.98199034]
CCCC(Cc1ccccc1)N1CCCC1,[-1.          0.99990875 -1.         -1.          0.85099304]
CCOP(=O)(N=C1SCC(C)S1)OCC,[-1.  1. -1. -1.  1.]
CC1CCCC2C(C)OP(=S)(Cl)OC12,[ 0.7511647  1.        -1.        -1.        -0.9038772]
CCOC(=O)C=CC(=O)OCC1CO1,[ 0.6119055   0.06137449  0.9878013  -1.         -0.45054948]
CC(C(=O)O)c1ccc2c(c1)OCc1cc(Cl)ccc1C2=O,[ 1.        -1.         1.        -1.        -0.7037079]
Cc1cc(NS(=O)(=O)c2ccc(N)cc2)no1,[ 1.          1.         -1.         -1.         -0.92965007]
CC1(C)OC(=O)N(c2cc(Cl)cc(Cl)c2)C1=O,[ 0.99913806  1.          1.          1.         -1.        ]
CCOP(=S)(OCC)SCc1ccc([N+](=O)[O-])cc1,[ 1.         1.        -1.        -0.9964426  1.       ]
CCOC(C1=NCC(C)(C)N1)c1ccc(Cl)c(Cl)c1,[-1.  1.  1. -1.  1.]
C[C@@H](O)[C@@H]1NC(=O)[C@H](CCCCN)NC(=O)[C@@H](Cc2c[nH]c3ccccc23)N(C)C(=O)[C@H](Cc2ccccc2)NC(=O)[C@@H]2CCCN2C(=O)[C@H](Cc2ccccc2)NC1=O,[-0.83810365  1.         -1.         -1.         -1.        ]
Cc1ccc(C(=O)N(CCCN)[C@H](c2nc3cc(Cl)ccc3c(=O)n2Cc2ccccc2)C(C)C)cc1,[-0.33898276 -1.         -0.8832484   0.5879463   1.        ]
CCCCCOC(=O)C=CC(=O)OCCCCC,[ 1.         0.5378281 -1.        -1.        -1.       ]
C1CCc2nnnn2CC1,[ 0.95713687  1.         -1.         -1.         -0.98635453]
CN(C)CCOc1cc(NS(=O)(=O)c2c(Cl)cc(C(F)(F)F)cc2Cl)ccc1Cl,[ 1.         1.        -1.        -1.         0.9953768]
CO/N=C(\C(=O)N[C@@H]1C(=O)N2C(C(=O)O)=C(CSc3nc(=O)c(=O)[nH]n3C)CS[C@H]12)c1csc(N)n1,[-1.          1.         -0.96355003 -1.         -1.        ]
CCOC(C1=NCC(C)(CC)CN1)c1cccc(F)c1,[-1.  1. -1. -1.  1.]
CNC(=O)Oc1cc(C)c(N(C)C)cc1C(C)C,[-1.          1.         -1.          1.         -0.97941047]
COc1cccc(C=Nc2c(C)n(C)n(-c3ccccc3)c2=O)c1,[ 1.  1. -1.  1. -1.]
CNC(=O)ON=C(SC)c1ccc(Cl)cc1,[ 0.11954448  1.         -1.          1.         -0.8420681 ]
CNC(=O)OC1CC(C)CCC1C(C)C,[-1.          1.          1.         -0.99329644  0.77280307]
CCCCC(C=O)=Cc1ccccc1,[ 1.          1.          0.6575621  -0.15278412 -0.49925178]
C#CCOc1ccccc1OC(=O)NC,[-0.5545237   1.         -1.         -1.         -0.48301563]
CN1[C@H]2CC[C@@H]1CC(OC(=O)C(CO)c1ccccc1)C2,[ 1.          1.         -0.96991515 -1.         -1.        ]
C=CCC(C(=O)NC(N)=O)C(C)C,[ 1.  1. -1. -1. -1.]
CC=CCC(C)C(O)C1C(=O)NC(CC)C(=O)N(C)CC(=O)N(C)C(CC(C)C)C(=O)NC(C(C)C)C(=O)N(C)C(CC(C)C)C(=O)NC(C)C(=O)NC(C)C(=O)N(C)C(CC(C)C)C(=O)N(C)C(CC(C)C)C(=O)N(C)C(C(C)C)C(=O)N1C,[ 0.87672156  1.         -0.97265875 -1.         -0.4704631 ]
COc1ccc2ccc(=O)oc2c1CC=C(C)C,[ 1.         -1.         -1.         -1.         -0.88425297]
CCOC(=O)Nc1ccc(NCc2ccc(F)cc2)cc1N,[-1.  1. -1. -1. -1.]
CN1CCN(C2=Nc3ccccc3Nc3ccc(OS(=O)(=O)C(F)(F)F)cc32)CC1,[ 1.  1. -1. -1.  1.]
CC(O)CC(C)O,[ 1.  1.  1. -1. -1.]
CCOP(=S)(OCC)SCc1nnc(C(C)C)o1,[-0.9570586  1.        -1.        -1.        -1.       ]
CS(=O)(=O)c1ccc(Cl)cc1,[ 1.         1.        -1.        -1.         0.7803488]
CC(C)(C)CCCCCCOC(=O)c1ccccc1C(=O)OCCCCCCC(C)(C)C,[ 1.        -0.8912615 -1.        -1.        -0.9550839]
CC1c2cccc(O)c2C(=O)C2=C(O)C3(O)C(=O)C(C(N)=O)=C([O-])C([NH+](C)C)C3C(O)C21,[-1.  1. -1. -1. -1.]
CC(=O)Nc1ccc2ccn(-c3cc(NCCN4CCOCC4)n4ncc(C#N)c4n3)c2c1,[ 0.973418   -0.94966596 -1.          1.         -1.        ]
C=C[Si](C)(C)N[Si](C)(C)C=C,[-1.  1.  1. -1. -1.]
ClCCBr,[ 1.          1.         -1.          0.26809803  1.        ]
CCOCCOCCO,[ 1.        1.       -1.        1.       -0.701919]
N#Cc1cc([N+](=O)[O-])ccc1N,[ 0.87349397 -1.         -1.         -1.          1.        ]
O=C1CCCN1c1cccc2cccnc12,[ 1.         1.        -1.        -0.9999267 -1.       ]
COc1ccc([N+](=O)[O-])cc1N,[ 0.95852655  1.         -1.          1.          1.        ]
CCOC(C1=NCC(CC)(CC)CN1)c1ccccc1,[ 1.         -0.79402286 -1.         -1.          0.4895797 ]
COP(=S)(OC(C)C)SCN1C(=O)c2ccccc2C1=O,[-1.  1. -1.  1. -1.]
CC(C)(C)CC1(C)CO1,[ 1.        -1.        -1.        -1.         0.9968533]
CCCCBr,[ 1.         -1.         -1.         -1.          0.96252584]
CN(C)C(=S)SCN1CCOCC1,[-1.        -1.         0.9306903 -1.        -1.       ]
COc1cc2c(OC3OCC(OC)C(OC)C3O)c3c(c(-c4ccc5c(c4)OCO5)c2cc1OC)COC3=O,[ 1.          1.         -1.         -1.         -0.96524966]
O=c1[nH]c2c(Cl)c(Cl)c(Cl)cc2o1,[ 1.          1.         -0.8267602   0.7067818   0.45669338]
O=NN(CCCl)C(=O)NCCS(=O)(=O)N1CCCCC1,[-1. -1.  1. -1. -1.]
CCC[C@H](NC(=O)[C@@H]1[C@H]2CCC[C@H]2CN1C(=O)[C@@H](NC(=O)[C@@H](NC(=O)c1cnccn1)C1CCCCC1)C(C)(C)C)C(=O)C(=O)NC1CC1,[-1.          1.         -1.          1.          0.67148817]
O=c1nn[nH]c2ccccc12,[ 1.          1.         -0.9070554  -1.         -0.88141567]
O=c1nc(-c2ccccc2)c2cc(Cl)ccc2n1CC1CC1,[ 1.         1.        -1.        -1.         0.5016709]
O=C1NCCN1N=Cc1ccc([N+](=O)[O-])o1,[-1.  1. -1.  1.  1.]
O=C(Cl)CCCCCCCCC(=O)Cl,[ 1.  1.  1.  1. -1.]
O=C(NCc1ccc(F)c(C(F)(F)F)c1)C1c2ccccc2C(=O)N1CCc1ncc(F)cn1,[ 0.83811474 -1.         -1.          0.45262307 -0.911698  ]
CCCCNC(=S)NCCCC,[-0.99665236  1.         -1.          1.         -1.        ]
Cc1onc(-c2c(Cl)cccc2Cl)c1NC(=O)OCc1c(F)cccc1Cl,[ 1. -1.  1.  1. -1.]
O=c1nc[nH]c2c1ccn2C1OC(CO)C(O)C1O,[ 0.997139  -1.         1.        -1.        -0.8860554]
O=C(O)COc1cccc(C(=O)N2CCC(N3CCC(Oc4ccc(Cl)c(Cl)c4)CC3)CC2)c1,[1. 1. 1. 1. 1.]
O=c1[nH]ncc2ccccc12,[ 0.51610285  1.         -1.         -1.          1.        ]
CC(C)NC(=O)N1CC(=O)N(c2cc(Cl)cc(Cl)c2)C1=O,[-0.2723516  1.         1.        -1.        -0.6375785]
CCn1cc(C(=O)[O-])c(=O)c2cc(F)c(N3CC[NH2+]CC3)cc21,[-0.7020345  1.         1.         1.        -0.9308563]
Nc1ncn([C@H]2C[C@H](O)[C@@H](CO)O2)c(=O)n1,[ 0.99991494  1.         -1.          1.         -0.89372593]
CCN(CC)C(=O)c1ccc(O)c(OC)c1,[-1.  1. -1. -1. -1.]
CCCC(C)C1(CC)C(=O)NC(=S)NC1=O,[ 0.9817755  1.        -1.        -0.9939591 -0.3642884]
CCCCN(CCCCO)N=O,[ 1.          0.34517017 -1.          0.8812698   1.        ]
O=C(NC1(C(=O)N[C@H](Cc2ccccc2)C(=O)NCCCN2CCOCC2)CCCC1)c1ccc(-c2ccccc2)cc1,[ 0.94318974  1.         -1.         -1.          0.9026564 ]
O=C(OCc1ccccc1)c1sc(Cl)nc1C(F)(F)F,[ 0.9656288  -1.         -0.84947675 -1.         -0.8627315 ]
COCCOc1cc2ncc(C(N)=O)c(Nc3ccc(C)cc3F)c2cc1N1CCN(C)CC1,[ 0.73595196  1.         -1.          1.         -0.82222605]
NC(=O)C(N)Cc1c[nH]c2ccccc12,[ 1.  1. -1. -1. -1.]
CC(=O)OCCOC(C)=O,[-1.          1.         -1.         -1.         -0.85120595]
CN(c1cccc(CO)c1)c1ccnc(Nc2cc(N3CCOCC3)cc(N3CCOCC3)c2)n1,[ 1.  1. -1. -1.  1.]
OCC(F)(F)C(F)(F)C(F)(F)C(F)(F)C(F)(F)C(F)(F)C(F)(F)C(F)F,[ 1.          0.6231472  -1.          0.9987605  -0.24751128]
CN(c1nc2ccccc2s1)C1CC[NH+](CC(O)COc2ccc(F)c(F)c2)CC1,[ 1.  1. -1. -1.  1.]
CCN(CC)c1ccc(-c2nc(=O)n(C)nc2-c2ccc(N(CC)CC)cc2)cc1,[-1.  1. -1. -1.  1.]
C1CC2CC1C1SSSC21,[ 1.         1.        -1.        -0.4734018  1.       ]
Cc1ccc(O)c(C(C)(C)C)c1,[-1.  1.  1.  1. -1.]
CCC(C)Cn1c(=O)n(C)c(=O)c2[nH]c(C)nc21,[ 1. -1. -1. -1. -1.]
O=C(NN=C1C=CC(=NO)C=C1)c1ccccc1,[-1.          1.         -0.84305495 -0.99760747 -0.7653661 ]
O=C1CCCO1,[ 1. -1. -1. -1.  1.]
CCC(CO)CC(C)C,[-1. -1. -1.  1.  1.]
COP(=O)(SC(C)C)SC(C)C,[ 1.          1.         -0.9703272   0.49856627  1.        ]
CC(=O)Nc1cc(Cl)c([N+](=O)[O-])cc1Cl,[ 0.9997311  1.        -1.        -1.        -1.       ]
O=CC=CC1CO1,[ 1. -1. -1. -1. -1.]
CC(=O)N[C@H]1[C@H](O[C@@H]2c3ccc(c(Cl)c3)Oc3cc4cc(c3O[C@@H]3O[C@H](CO)[C@@H](O)[C@H](O)[C@H]3NC(=O)CCCCCCCC(C)C)Oc3ccc(cc3Cl)C[C@H]3NC(=O)[C@H](N)c5ccc(O)c(c5)Oc5cc(O)cc(c5)[C@H](NC3=O)C(=O)N[C@H]4C(=O)N[C@H]3C(=O)N[C@@H]2C(=O)N[C@H](C(=O)[O-])c2cc(O)cc(O[C@H]4O[C@H](CO)[C@@H](O)[C@H](O)[C@@H]4O)c2-c2cc3ccc2O)O[C@H](CO)[C@@H](O)[C@@H]1O,[ 1.         1.        -0.9752498 -1.        -1.       ]
C=CC(=O)OCCOC(=O)CC(C)=O,[ 0.6831776  1.        -1.        -1.        -1.       ]
CC(C)Cc1ccc(C(C)C(=O)O)cc1,[ 1.          1.         -1.          1.         -0.51688474]
[NH3+]C(C(=O)NC1C(=O)N2C(C(=O)[O-])=C(CSc3c[n-]nn3)CSC12)c1ccc(O)cc1,[-1.        -1.         1.         0.8212775  1.       ]
Cc1ccc(S(=O)(=O)OCCCl)cc1,[ 1.          1.         -1.          0.9193634   0.01603856]
CCN(CC)C(=O)c1cccc(OC)c1O,[-1.  1. -1.  1. -1.]
C[C@@H]1NC(=O)[C@H](C)N(C)C(=O)[C@@H](C)NC(=O)[C@H](C)N(C)C(=O)[C@@H](C)NC(=O)[C@@H](C)NC1=O,[1. 1. 1. 1. 1.]
CCOC(=O)c1c(Cl)cccc1-c1cnc([C@@H](C)NC(=O)C2(NC(=O)C(F)(F)F)CC2)c(F)c1,[ 1.          1.         -1.         -1.         -0.99969494]
CC(C)Cn1c(=O)n(C)c(=O)c2c(-c3ccncc3)n(Cc3cccc4ccccc34)nc21,[-1.          1.         -1.         -1.         -0.99753934]
CCOP(=S)(OCC)SCn1nc(Cl)c(C)cc1=O,[ 1.         1.        -1.        -1.        -0.7278291]
NC(=O)c1cccc(N)c1,[ 1.          1.         -1.         -1.         -0.74471164]
C=C[Si](OC)(OC)OC,[-0.8541217  0.9981828  1.        -1.         1.       ]
CCCCCCCCC(CC=CCl)CCCN,[ 1. -1. -1. -1.  1.]
Cc1[nH]nc(Cl)c1[N+](=O)[O-],[ 1.          1.         -1.         -1.          0.68012327]
O=c1oc(=O)c2cc3c(=O)oc(=O)c3cc12,[ 1. -1. -1. -1. -1.]
OCCN1CCN(CCO)CC1,[ 1.         1.        -1.        -1.        -0.8923244]
CO/N=C(\C(=O)NC1C(=O)N2C(C(=O)[O-])=CCSC12)c1csc(N)n1,[ 1.        0.730038 -1.        1.        1.      ]
O=C(O)CCCCCCl,[ 1.          1.         -1.         -0.99206877 -0.28591177]
CN(C)[C@@H]1C(O)=C(C(N)=O)C(=O)[C@@]2(O)C(O)=C3C(=O)c4c(O)ccc(Cl)c4[C@@H](O)[C@H]3C[C@@H]12,[ 1.         1.        -1.        -1.         0.7715291]
CCNC(=O)ON=C1SCOC1C,[ 0.97738004 -1.         -1.         -1.         -1.        ]
CC(C)(C)CON=CC1C(C(=O)OC(C#N)c2cccc(Oc3ccccc3)c2)C1(C)C,[ 1.         0.4636393 -1.         1.         1.       ]
COC1CC(OC2C(C)C(=O)OC(C)C(C)C(O)C(C)C(=O)C3(CO3)CC(C)C(OC3OC(C)CC(N(C)C)C3O)C2C)OC(C)C1O,[ 1.         1.         0.9254945 -1.        -1.       ]
c1ccc2c(c1)Cc1ccccc1N2,[ 0.9906066   0.99999815 -1.         -1.         -1.        ]
C#CCN,[ 1.  1. -1. -1. -1.]
CC(C)[C@H](NC(=O)[C@H](OCc1ccccc1)[C@H](O)[C@@H](O)[C@@H](OCc1ccccc1)C(=O)N[C@H]1c2ccccc2C[C@H]1O)C(=O)NCCF,[ 1.          1.         -1.         -1.         -0.64062536]
C=CP(=O)(OCCCl)OCCCl,[ 1.          1.         -1.         -0.99996346 -1.        ]
COc1ccc(-c2c(C(=O)N3CCC[C@H]3CO)cc3cccnn23)cc1,[ 0.6038341   1.         -0.99691397 -1.          0.6224608 ]
CC(=Cc1ccccc1)CC(=O)NC1CCCCC1,[ 0.99985695  1.         -1.         -1.         -0.7342989 ]
C=C1CC(=O)O1,[-0.46102446  1.          1.          1.         -1.        ]
C=COCCSC,[ 1.  1.  1.  1. -1.]
CCCC(=O)NP(=O)(OC)SC,[ 1.          0.9726241  -1.          0.3278817  -0.51077724]
OC1(c2ccc(F)cc2)c2ccccc2C2=NCCN21,[ 1.        -1.        -1.        -0.9935158 -0.9344484]
Ic1ccccc1,[-1.          1.         -0.63914204  1.         -1.        ]
ClCC(Cl)=C(Cl)C(Cl)Cl,[-1.  1. -1.  1.  1.]
CCCC(C)C(=O)O,[-1.         -1.          1.         -1.          0.85368854]
O=[N+]([O-])c1c(Cl)c(Cl)c(Cl)c(Cl)c1Cl,[ 1. -1.  1. -1.  1.]
CCC(=CC(=NO)C(N)=O)C(C)[N+](=O)[O-],[-1. -1. -1.  1. -1.]
C1CCC2OCCOCCOC3CCCCC3OCCOCCOC2C1,[ 0.8980486  1.        -1.        -0.9920826 -0.5059121]
CC(C)(c1ccc(O)cc1)c1ccc(O)cc1,[ 1.        -1.        -1.         1.         0.3669558]
C=COC(=O)C(CC)CCCC,[ 0.32216266 -1.         -1.         -1.         -1.        ]
CCCN(CCC)C(=O)CN(CC)P(=S)(OCC)OCC,[ 0.95981467 -1.         -1.         -1.         -0.9542876 ]
ClC1=C(Cl)C2(Cl)C3C(Cl)C(Cl)CC3C1(Cl)C2(Cl)Cl,[ 1.          0.6850473  -1.         -1.         -0.86135274]
CC(=O)NC(Cc1c[nH]c2ccccc12)C(=O)O,[-1.          1.          1.          0.94370914 -0.99947333]
CC(C)(C)[NH2+]CC(O)COc1cccc2c1CC(O)C(O)C2,[-1.  1. -1. -1. -1.]
COc1ccc2cc3[n+](cc2c1O)CCc1cc2c(cc1-3)OCO2,[ 1. -1. -1. -1. -1.]
C(CC1CO1)OCCC1CO1,[ 0.99998695  1.         -1.         -0.996508    1.        ]
CN(CCOc1ccc(CC2SC(=O)NC2=O)cc1)c1ccccn1,[-1.  1.  1.  1. -1.]
ClC1=C(Cl)C2(Cl)C3C(Cl)CCC3C1(Cl)C2(Cl)Cl,[ 0.5697768  1.        -1.        -1.         1.       ]
CCOC(C1=NCC(C)(C)CN1)c1ccccc1,[ 1.          1.          1.          0.25457868 -1.        ]
O=c1[nH]c2nc[nH]c(=O)c2[nH]1,[ 1.          0.9999117  -1.         -1.          0.97770596]
C=CCNc1nc(NCC=C)nc(N(CCCCCCN(c2nc(NCC=C)nc(NCC=C)n2)C2CC(C)(C)NC(C)(C)C2)C2CC(C)(C)NC(C)(C)C2)n1,[-1.         1.        -0.7848867  1.        -1.       ]
N#Cc1ccc(N)cc1,[-1.         1.        -1.         1.        -0.8654002]
CCOC(=O)CC(SP(=S)(OC)OC)C(=O)OCC,[ 1.         -1.          1.          0.49505833  0.33821115]
COP(=O)(OC)C(O)(C(F)F)C(F)F,[ 0.95714337 -0.552026   -1.         -1.          1.        ]
CCCCC(CC)COP(=O)(OCCCO)OCC(CC)CCCC,[-1.  1. -1.  1.  1.]
BrC(Br)(Br)c1ccc2ccccc2n1,[ 1. -1. -1. -1. -1.]
C[N+](C)([O-])CCC=C1c2ccccc2CCc2ccccc21,[ 1.          0.99915856 -1.         -1.          0.7937177 ]
CCCCCCOC(=O)CCCCCCCC(=O)OCCCCCC,[ 1.  1. -1. -1. -1.]
Cc1c(F)cc(C(=O)NC2CC2)cc1-c1ccc(C(=O)NCC(C)(C)C)cn1,[ 1.  1.  1. -1. -1.]
COP(=O)(OC)ON1C(=O)c2cccc3cccc(c23)C1=O,[ 1.          0.9995433  -0.9131614   0.15721343 -0.77588093]
CC(C)(C)C(CS(C)(=O)=O)=NO,[ 1.  1. -1. -1.  1.]
N#Cc1cc(-c2n[nH]c(-c3ccncc3)n2)ccn1,[ 1.  1. -1. -1.  1.]
CN(Sc1ccccc1)C(=O)Oc1cccc2c1OC(C)(C)C2,[ 1.          1.         -1.          0.64875305  1.        ]
Cn1c(=O)on(-c2ccc(Cl)c(Cl)c2)c1=O,[-1.        -1.        -1.        -0.9880481 -1.       ]
COc1cnc(-c2ccccn2)nc1N1CCOCC1,[-1.         1.        -1.        -1.        -0.7183505]
COC(=O)C1C2CC3c4[nH]c5cc(OC)ccc5c4CCN3CC2CC(OC2CCCCO2)C1OC,[ 1.         1.        -1.         1.         0.7125461]
O=C(O)C(Cc1cc(I)c(O)c(I)c1)c1ccccc1,[-0.7143429  1.        -1.        -1.        -1.       ]
CC12CC3(O)OC(O1)C1(COC(=O)c4ccccc4)C3CC21OC1OC(CO)C(O)C(O)C1O,[-1.         1.        -1.         0.5973483  1.       ]
Nc1cc(-c2ccccc2)ccc1O,[ 1.  1. -1. -1.  1.]
COP(=S)(OC)SCSc1ccc(Cl)cc1,[ 1.          1.         -1.         -1.          0.49887395]
CC1(C)C2CCC1(C)C(Oc1ccc(N)cc1)C2,[ 0.8583025 -0.7155577  0.923812  -1.        -0.9151774]
CCCCOC(=O)c1ccccc1C(=O)OCCCC,[ 1.         1.        -1.        -0.9910804  1.       ]
COc1ccc2c(O[C@@H]3C[C@H]4C(=O)N[C@]5(C(=O)NS(=O)(=O)C6CC6)C[C@H]5/C=C\CCCCN(C)C(=O)[C@@H]4C3)nc(-c3nc(C(C)C)cs3)nc2c1,[-1.  1.  1. -1.  1.]
COc1cc2c(cc1OC)CC(=O)N(CCC[NH+](C)CC1Cc3cc(OC)c(OC)cc31)CC2,[-1.          1.         -1.          1.         -0.77748364]
Cc1ccccc1OCC(O)COC(N)=O,[-1.  1.  1. -1.  1.]
CCCC(C)C1(CC)C(=O)NC(=O)NC1=O,[ 1.  1.  1.  1. -1.]
CC12CCC3c4ccc(O)cc4CCC3C1CCC2OC(=O)COC(=O)CCCc1ccc(N(CCCl)CCCl)cc1,[ 1.  1. -1. -1.  1.]
COc1cc(O)c(S(=O)(=O)N2c3ccccc3CCC2C)cc1NC(=O)CCC(=O)O,[ 1.        -0.7288689  1.        -1.         1.       ]
CC(Oc1ccc(Oc2cnc3ccc(Cl)cc3n2)cc1)C(=O)[O-],[-1.        1.       -0.977149  0.299001  1.      ]
COc1ccc(NC(=O)c2ccc(C[S+](C)[O-])c3ccccc23)c(C(=O)NCC2CCOCC2)n1,[ 0.99936134 -1.         -1.          1.          0.82751757]
O=C1CCCN1CCCCN1CCN(c2cc(C(F)(F)F)ccn2)CC1,[ 1.  1. -1. -1. -1.]
CC(C)COc1ccc(-c2cc(O)nc(N)n2)cc1,[ 0.92603695 -0.58028954 -1.         -1.         -0.97988915]
CC[N+](C)(C)CCC(C(N)=O)(c1ccccc1)c1ccccc1,[-1.  1.  1. -1.  1.]
CCC(C)(C)OC(=O)Nc1ccco1,[ 0.9988535 -1.        -1.         1.         1.       ]
CCl,[-1.          1.         -1.         -1.         -0.68861264]
Cc1ccc(C)c(CCNC(N)=O)c1,[-1. -1.  1. -1. -1.]
O=C(COc1ccc(C(=O)CN2CCN(C3CCN(C(=O)OC/C=C4/OC(=O)c5ccccc54)CC3)CC2=O)cc1)OC1CCCCC1,[ 1.  1. -1.  1. -1.]
Cc1cccc(O)c1,[ 1.  1. -1. -1.  1.]
C=CCOc1ccccc1C(=O)NCCO,[ 1.         0.757883  -1.        -1.        -0.8399397]
Cc1[nH+]ccn1CC1CCc2c(c3ccccc3n2C)C1=O,[ 1.         1.        -1.         1.         0.6569352]
COc1ccc2nc(C)cc(OCC(=O)NCc3ccccc3)c2c1,[-1. -1. -1.  1.  1.]
Cc1ccn(CO)n1,[-1.          0.98406327 -1.         -1.         -1.        ]
CCCCOC(=O)CCCCCCCCC(=O)OCCCC,[-1.  1. -1.  1.  1.]
Cc1cccc(C)c1NC1=NCCCS1,[ 1.          1.         -1.          0.35730237  1.        ]
Oc1ccc(-c2ccccc2)cc1CN1CCOCC1,[-0.9972031  1.        -1.        -1.        -0.7559276]
CC1(C)S[C@@H]2[C@H](NC(=O)Cc3ccccc3)C(=O)N2[C@H]1C(=O)O,[ 0.87455827  1.          1.          1.         -0.83185583]
CCN1CCN(C(=O)N[C@@H](C(=O)N[C@@H]2C(=O)N3[C@@H](C(=O)O)C(C)(C)S[C@H]23)c2ccccc2)C(=O)C1=O,[0.97685856 0.11954758 0.75129014 0.6715258  1.        ]
Nc1ccc([N+](=O)[O-])cc1,[-1.         -1.         -1.          1.          0.43676504]
CC(=O)Nc1ccc2ccn(-c3cc(NCCCN(C)C)n4ncc(C#N)c4n3)c2c1,[ 0.7718343  1.        -1.        -1.        -0.9683776]
O=C1CCc2cc(C(=O)CCCN3CC=C(c4ccccc4)CC3)ccc2N1,[-1.         1.        -1.         1.         0.9994472]
NC(=O)C1c2ccccc2CCc2ccccc21,[-1.          1.          1.         -1.         -0.88083124]
O=C1NC(=O)C2(c3ccc(Cl)cc3)CC12,[-1.  1. -1. -1.  1.]
CC(=O)Oc1ccc(C2(c3ccc(OC(C)=O)cc3)C(=O)N(C(C)=O)c3ccccc32)cc1,[ 0.48036364  1.         -1.          0.6877615  -0.42674398]
CNc1ccc(N)c2c1C(=O)c1ccccc1C2=O,[ 1.         -1.          0.30303568  0.00417945 -0.76650864]
CN(C)CCN(Cc1cccc2ccccc12)c1cc(N2CCOCC2)nc(=O)[nH]1,[ 1.        -1.        -1.        -1.         0.9194957]
CC(C(=O)[O-])c1ccc(C(=O)c2ccccc2)s1,[-1.         1.        -0.9996798  0.5135928  1.       ]
C=C(OP(=O)(OC)OC)P(=O)(OC)OC,[ 1.         -0.55544734 -1.         -1.         -1.        ]
CCP(=S)(OC)SCn1c(=O)oc2cc(Cl)cnc21,[ 0.9998956  1.        -1.        -1.        -1.       ]
O=C(/C=C/c1ccccc1Cl)Nc1ccc2c(c1)C(=O)NC2=O,[ 1.         1.        -1.         1.        -0.6408868]
CCCCOCCOCCOC(OCCOCCOCCCC)c1ccc2c(c1)OCO2,[ 1.          1.         -1.         -1.         -0.89993113]
O=C(O)CN(CP(=O)(O)O)CP(=O)(O)O,[-1.        -1.        -1.        -1.        -0.9341924]
CC(C)Cn1c(=O)n(C)c(=O)c2c(C(=O)N3C[C@H](O)CO3)c(Cc3ccnc4ccccc34)sc21,[-1.  1. -1.  1. -1.]
COC(=O)CS,[ 0.9997295  -0.8940018  -0.98308486 -1.         -1.        ]
CCO[SiH](Cl)OCC,[-1.          1.          1.          1.         -0.83229023]
C#CC(C)N(C)C(=O)Nc1ccc(Cl)cc1,[-1.         1.        -0.9686944 -1.        -1.       ]
CCOP(=S)(OCC)SCC,[ 0.93214977  1.          1.         -1.          0.71206594]
CC(C)CC(NC(=O)C(NC(=O)c1cccc(-c2ccccc2)n1)C(C)O)B(O)O,[ 1.  1. -1.  1. -1.]
CCC(CC(C)CC)=NO,[ 1.         0.9733113  1.        -1.        -1.       ]
Cc1cc(Nc2nc(N[C@@H](C)c3ccc(F)cn3)c(C#N)cc2Cl)n[nH]1,[ 1.          1.         -1.         -1.          0.48368692]
CCc1ccc(CCO)nc1,[-1.  1. -1.  1. -1.]
CCc1ccc(C(=O)C(C)CN2CCCCC2)cc1,[ 1.        -1.        -1.        -1.         0.3511001]
COC(=O)c1cnc2n1CCc1ccccc1C2=C1CC[NH+](CCc2ccc(OCc3ccc4ccccc4n3)cc2)CC1,[-1. -1. -1.  1.  1.]
Cc1ccc(-c2cn(C)cn2)cc1NC(=O)c1ccc(OCc2ccccn2)cc1,[ 1.  1. -1. -1. -1.]
COC(Cc1ccccc1)OC,[ 1.         1.        -1.        -1.        -0.8349735]
CC(=O)NCCCS(=O)(=O)[O-],[ 1.  1. -1.  1. -1.]
C(=NCCCCCCN=Cc1ccco1)c1ccco1,[ 1.          1.         -1.          0.6283995  -0.97632825]
CCOc1ccc2ccccc2c1C(=O)N[C@@H]1C(=O)N2[C@@H](C(=O)O)C(C)(C)S[C@H]12,[-1.          0.89561373 -1.         -1.         -1.        ]
CCCCCCCCC1OC1CCCCCCCC(=O)OCC(CC)CCCC,[ 1.  1. -1.  1. -1.]
CCCNC(=O)C(C)Nc1ccc(OCC)cc1,[ 1.          0.96309793 -1.         -1.         -1.        ]
Brc1ccccc1,[-1.  1.  1. -1. -1.]
CCCCOP(=O)(OCCO)OCCCC,[ 1.  1. -1. -1.  1.]
CSc1ccccc1,[ 1.  1. -1. -1. -1.]
Cc1nn(-c2ccccc2)c(=O)c2noc(C)c12,[ 1.  1.  1. -1.  1.]
CC(C)OC(=O)C(Cl)(Cl)Cl,[ 1.         1.        -0.9628962 -0.784251  -0.7795988]
CC1CCC(O)CCC/C=C/c2cc(O)cc(O)c2C(=O)OC1,[ 0.9395797  1.         1.         1.        -1.       ]
CCCCN(C)CCCC,[ 1.  1.  1. -1.  1.]
NC1CC([NH3+])C(OC2OC(C[NH3+])C(O)C(O)C2N)C(OC2OC(CO)C(O)C2O)C1O,[ 1.  1. -1. -1. -1.]
O=C(/C=C/c1ccc2c(c1)nc(CCc1ccccc1)n2CCN1CCCC1)NO,[ 1.  1. -1.  1. -1.]
CO[C@@H]1C[C@H]2C(=O)C=C3C(CC[C@]4(C)[C@@H]([C@@](C)(O)[C@@H](CCC(C)C)OC)CC[C@@]34O)[C@]2(C)C[C@@H]1O,[ 1.         0.9975503 -1.        -1.         1.       ]
C[C@@H]1C(=O)O[C@H]2C[C@@]34[C@H]5C[C@@H](C(C)(C)C)[C@]36[C@@H](OC(=O)[C@@H]6O)O[C@@]4(C(=O)O5)[C@]21O,[-1.         0.9999907 -1.        -1.        -1.       ]
Nc1nc(-c2nn(Cc3ccccc3F)c3ncccc23)nc(N)c1N1CCOCC1,[ 0.99271846  1.          1.         -1.         -1.        ]
CC(C)C1CCC(C)C2OC12,[-0.9980301   1.         -1.         -0.9195532   0.99998134]
FC(F)(F)C(Cl)(Cl)C(Cl)(Cl)C(F)(F)F,[ 0.93556434 -1.         -1.         -1.         -0.461382  ]
NS(=O)(=O)c1ccc2[nH]c(C(F)(F)F)nc2c1,[ 1.  1.  1.  1. -1.]
Cn1cnc([N+](=O)[O-])c1Sc1ncnc2nc[nH]c12,[ 1.         0.9995121 -1.         1.         0.5517644]
O=C1c2cc([N+](=O)[O-])ccc2-c2c1cc([N+](=O)[O-])cc2[N+](=O)[O-],[-0.34682858  0.9997287  -1.         -1.          1.        ]
O=C(c1ccc(F)cc1)C1CCN(CCn2c(=O)[nH]c3ccccc3c2=O)CC1,[ 1.  1. -1.  1. -1.]
ClCCC(Cl)(Cl)Cl,[-0.34896746  1.         -1.         -0.3653565   1.        ]
COc1ccccc1N1CCN(CCCc2ccc3c(c2)CCC(=O)N3)CC1,[ 0.9990573   1.         -1.         -1.          0.93193144]
COCCN1C=CC(=C2C(=O)c3ccccc3C2=O)C=C1,[ 1. -1. -1. -1.  1.]
O=S(=O)(O)c1ccc2cc(Nc3cccc4c(O)c(S(=O)(=O)O)ccc34)ccc2c1O,[ 1.  1.  1. -1. -1.]
CC(C)CCC(=O)O,[-0.7778781   1.         -1.         -1.          0.86451983]
Cn1c(N2CCCN(CCCN3c4ccccc4Sc4ccc(/C=C/C(=O)O)cc43)CC2)cc(=O)n(C)c1=O,[-1.        -1.        -1.        -1.        -0.5627667]
CCCCCCCCC1OC1CCCCCCCC(=O)OCC1(CC)OC1CCC,[-0.9462054   1.         -0.9658211  -0.50613594 -0.5402415 ]
CC[NH+](CC)CCNC(=O)c1cc(Cl)c(N)cc1OC,[ 1.  1. -1. -1.  1.]
CCC(C)C(=O)O[C@@H]1C[C@@H](O)C=C2C=C[C@@H](C)[C@@H](CC[C@@H](O)C[C@@H](O)CC(=O)O)[C@@H]21,[ 0.9828416   1.         -1.         -0.39480823 -1.        ]
CN1CCC23c4c5ccc(O)c4OC2C(N=[N+]=[N-])CCC3(O)C1C5,[ 1.  1. -1. -1. -1.]
O=C(O)CCSCCC(=O)O,[-1.         -1.          1.          0.43787378 -1.        ]
CCCC1(CC(=O)O)OCCc2c1[nH]c1ccccc21,[ 1.  1. -1. -1.  1.]
CN(CCCN1CCC(CN2c3ccccc3Sc3ccc(C(=O)O)cc32)CC1)c1cc(=O)n(C)c(=O)n1C,[ 0.655735  1.       -1.       -1.       -1.      ]
O=[N+]([O-])c1ccccc1,[-1.         1.        -1.        -1.        -0.8603367]
C[N+](C)(C)CC(O)CC(=O)[O-],[ 0.99977225  1.          1.         -0.9999118   0.9990143 ]
C=CC(C)(CCC=C(C)C)OC(=O)c1ccccc1N,[ 1. -1. -1. -1. -1.]
COc1cc(O)c(C(CC(=O)N2CC(C)CC(C)C2)c2ccc3c(c2)OCO3)c(OC)c1,[ 1.  1. -1.  1.  1.]
CCCCC1CC(=O)C2(O)OC3C([NH2+]C)C(O)C(NC)C(O)C3OC2O1,[ 0.5224112   1.          1.         -0.07874096  0.7998272 ]
CCN(CC)CCN,[-1.  1. -1.  1. -1.]
CC(=O)N(CCC(CC[NH+]1CCCCC1)(C(N)=O)c1ccccc1Cl)C(C)C,[ 1.        -1.        -0.9795728 -1.         0.9113244]
C[NH+](C)CCc1c[nH]c2ccc(Cn3cncn3)cc12,[ 1.  1.  1. -1.  1.]
CN(C)c1ccc(S(=O)(=O)NC(=O)N2CCC(N3CCC(Oc4ccc(Cl)c(Cl)c4)CC3)CC2)cc1,[ 1.         -1.         -1.         -1.         -0.98623323]
CCC1(CCl)COC1,[ 0.9998752  1.        -1.        -1.        -1.       ]
CNC(=O)ON=C(SCC(N)=O)C(C)(C)C,[ 1.         1.         0.9129796 -1.         0.897125 ]
O=C1NCC2(CCCNC2)c2[nH]c(-c3ccnc(-c4cc5ccccc5o4)n3)cc21,[-1.         -0.70437574 -0.99706423 -1.          1.        ]
Nc1ccc(Oc2ccc(N)cc2)cc1,[ 1.         1.        -1.        -1.         0.7124106]
O=C(O)c1cccc(Oc2ccc(C(F)(F)F)cc2Cl)c1,[ 1.          0.99997157  0.5855553  -1.         -1.        ]
Nc1nc(O)c2ncn(CCC(CO)CO)c2n1,[ 1.          1.         -1.         -0.8962793   0.17533182]
O=C1C(Cl)=C(Cl)C(=O)C1(Cl)Cl,[ 1.  1. -1. -1. -1.]
CC=CC(=O)N(CC)c1ccccc1C,[-0.22370365  1.          1.         -1.          0.6519253 ]
COC(=O)C(c1ccccc1)C1CCCCN1,[-1.         -0.45308334 -1.          1.         -1.        ]
CN(SC(Cl)(Cl)Cl)C(=O)Oc1cccc2c1OC(C)(C)C2,[ 1.         1.        -1.        -1.         0.5283644]
CC(C)(C)NC(=NC#N)Nc1cccnc1,[ 1.         1.        -1.        -1.        -0.6930271]
OC1OCC2C1C1(Cl)C(Cl)=C(Cl)C2(Cl)C1(Cl)Cl,[ 1.         1.        -1.        -1.         0.9280773]
N[NH+]=c1[nH]ncc2ccccc12,[ 1.  1. -1. -1. -1.]
CC(=O)N[C@H](Cc1ccccc1)C(=O)N(C)[C@H](Cc1ccccc1)C(=O)N[C@H](Cc1ccccc1)C(N)=O,[-1.        -1.        -1.        -1.         0.8770195]
Cc1[nH]c(=O)n(C(C)C)c(=O)c1Br,[-1.  1. -1. -1.  1.]
COC(=O)C(C)NP(=O)(OC[C@@H]1C=C[C@H](n2cc(C)c(=O)[nH]c2=O)O1)Oc1ccc(OC)cc1,[ 1.  1. -1. -1.  1.]
CN1C(=O)CC(N2CCCN(CCCN3c4ccccc4COc4ccc(CC(=O)O)cc43)CC2)N(C)C1=O,[ 1.  1. -1. -1.  1.]
Cc1cc(Nc2nc(N[C@@H](C)c3ccc(F)cc3)ncc2Cl)n[nH]1,[-1. -1. -1. -1.  1.]
CCP(=S)(OC)Sc1ccc(Cl)c(C)c1,[ 1. -1. -1. -1. -1.]
CC1CN(c2c(F)cc3c(=O)c(C(=O)[O-])cn(C4CC4)c3c2OC(F)F)CC[NH2+]1,[ 1.         -1.         -1.          0.32422513  0.91811347]
COc1cc([C@@H]2c3cc4c(cc3[C@@H](O[C@@H]3O[C@@H]5CO[C@@H](c6cccs6)O[C@H]5[C@H](O)[C@H]3O)[C@H]3COC(=O)[C@H]23)OCO4)cc(OC)c1O,[ 1.         -0.4401977  -0.44280416 -1.         -0.80451035]
CC(=O)NC(N)=S,[-1.          1.         -1.          1.          0.66719794]
CC(=O)CO,[ 1.  1. -1. -1.  1.]
CCC=CC=CC=O,[ 1.          1.         -1.         -0.94124895 -1.        ]
CCOP(=O)(OCC)OC(=C(Cl)Br)c1ccc(Cl)cc1Cl,[1.        1.        0.8602203 0.7906184 1.       ]
Cc1cn([C@H]2CCCN([C@H](CC3CCOCC3)c3ccc(C(=O)O)c(Oc4cccc(Cl)c4)c3)C2)c(=O)[nH]c1=O,[ 0.9471506 -1.        -1.        -1.        -1.       ]
CC(C)C(=O)OCc1ccccc1,[0.932782 1.       1.       1.       1.      ]
CN1C(=O)CC(N2CCCN(CC/C=C3/c4ccccc4CCc4ccc(C(=O)O)cc43)CC2)N(C)C1=O,[ 0.4900835  1.        -1.        -1.         1.       ]
O=C1CCc2cccc3c2N1CC3,[ 1.  1. -1. -1.  1.]
CCOP(=S)(OCC)Oc1cc(C)c(SC)c(C)c1,[ 1.  1. -1. -1. -1.]
C=COC(=O)c1ccccc1,[ 1.         1.        -1.         0.9367937  1.       ]
CC(=O)OC(C)OC(=O)C(C)c1ccc(-c2ccccc2)c(F)c1,[-0.99883497  1.         -0.31003264 -0.9752101  -0.55030656]
OCCOCc1ccccc1,[-1.          0.95496947 -1.         -0.9973323  -1.        ]
O=C(O)CCC(=O)c1ccc(C2CCCCC2)c(Cl)c1,[-1. -1.  1. -1.  1.]
O=S(C(Cl)C(Cl)Cl)C(Cl)C(Cl)Cl,[ 1. -1. -1. -1.  1.]
CC(C)=CC1C(=O)OC(=O)C1(C=C(C)C)C=C(C)C,[1. 1. 1. 1. 1.]
CCC(C)(O)C#CC(C)(O)CC,[-1. -1. -1. -1.  1.]
CCC(C)(C)c1ccc2c(c1)C(=O)c1ccccc1C2=O,[ 0.71754396 -1.          1.         -0.097857   -1.        ]
CCCCOCC,[ 1.        -1.         1.        -1.         0.2016768]
CC(O)C1C(=O)N2C(C(=O)[O-])=C(COC(N)=O)SC12,[-1.  1. -1. -1. -1.]
O=C1c2ccccc2C(=O)N1SC1CCCCC1,[ 0.99583906 -1.         -1.         -0.9956514   1.        ]
O=C1c2cccc(S(=O)(=O)O)c2C(=O)c2c1cccc2S(=O)(=O)O,[-0.6213191  1.        -1.        -0.4682741 -1.       ]
N#CC1OC1C#N,[-0.8831797  1.        -1.         1.        -0.9809835]
O=[N+]([O-])c1ccc(OP(=O)(CCl)c2ccccc2)cc1,[-1.         1.         1.        -1.        -0.7227299]
Fc1cc(F)c(F)c(F)c1F,[ 1.        -1.        -1.         0.9982707  1.       ]
CCOC(=O)CCN(Cc1ccccc1)SN(C)C(=O)ON=C(C)SC,[ 1.          1.          0.98044115 -1.         -0.38773233]
CC1=C(C(=O)Nc2ccccc2)SCCO1,[-1.         1.         1.        -1.        -0.8592153]
CCOC(C1=NCC(C)(CC)CN1)c1cccc(Cl)c1,[-1.          0.80813134 -1.         -1.         -1.        ]
CN1C(=O)C(O)N=C(c2ccccc2Cl)c2cc(Cl)ccc21,[-1.         -1.         -1.         -0.7491038   0.97166324]
COc1ccc2c(c1)C(=O)C(=O)N2CC1COc2ccccc2O1,[ 1.          1.         -1.          0.33073744 -1.        ]
c1cc(CC2CO2)c(OCC2CO2)c(CC2CO2)c1,[ 1.  1. -1. -1. -1.]
COC(=O)Nc1nc2ccccc2[nH]1,[-1.         1.         0.9520282  1.         1.       ]
